3893,3571,688,6.452,-1.132,-7.53,0.063,-0.237,0.011,LUCK
4039,3361,1200,6.167,-1.346,-7.93,0.01,0.028,-0.002,LUCK
4028,3483,788,6.263,-1.264,-7.123,-0.086,0.152,-0.041,LUCK
4095,3401,961,6.491,-0.974,-6.675,-0.076,-0.032,0,LUCK
4095,2928,852,6.776,-1.3,-6.898,-0.027,-0.302,0.029,LUCK
4082,2864,831,7.015,-1.788,-7.417,-0.048,-0.428,-0.05,LUCK
4095,2799,1232,5.993,-1.453,-7.793,-0.072,-0.143,-0.149,LUCK
4054,2816,1158,6.347,-1.288,-7.022,-0.112,-0.01,-0.18,LUCK
4095,3094,1290,6.412,-0.998,-6.855,-0.123,-0.175,-0.148,LUCK
4095,2692,1046,6.723,-1.128,-7.173,-0.103,-0.369,-0.118,LUCK
4095,2716,539,6.543,-1.123,-7.614,-0.082,-0.41,-0.155,LUCK
4095,2719,863,5.997,-0.929,-7.829,-0.062,-0.202,-0.143,LUCK
4016,2683,614,6.211,-0.812,-7.178,-0.079,-0.065,-0.115,LUCK
4095,2746,710,6.314,-0.754,-6.914,-0.07,-0.269,-0.034,LUCK
4095,2827,818,6.548,-1.19,-7.453,-0.049,-0.458,-0.003,LUCK
3943,2705,440,6.596,-1.985,-8.428,-0.074,-0.266,-0.229,LUCK
4095,2971,303,5.818,-1.302,-7.848,-0.097,0.113,-0.454,LUCK
4086,3163,458,5.887,-0.642,-6.823,-0.126,0.143,-0.428,LUCK
3791,2999,1124,5.906,-0.144,-6.744,-0.079,-0.18,-0.167,LUCK
4055,2951,296,6.124,-0.503,-7.673,-0.033,-0.419,0.15,LUCK
3874,2847,777,5.923,-1.24,-8.468,-0.075,-0.189,0.204,LUCK
4092,2869,851,5.827,-1.346,-7.611,-0.182,0.082,0.056,LUCK
3989,2880,684,5.899,-0.675,-7.084,-0.207,-0.029,-0.026,LUCK
3893,2890,960,5.993,-0.441,-7.106,-0.126,-0.211,0.06,LUCK
4021,2897,698,6.053,-0.785,-7.863,-0.053,-0.346,0.098,LUCK
4095,3011,889,5.784,-0.955,-8.559,-0.083,-0.109,0.029,LUCK
4063,3209,615,5.567,-0.702,-7.575,-0.163,0.115,-0.01,LUCK
4095,3155,1109,6.053,-0.287,-7.001,-0.137,-0.107,0.033,LUCK
4071,3225,986,6.065,-0.357,-7.63,-0.052,-0.279,0.165,LUCK
3978,3134,478,6.076,-1.037,-8.169,-0.035,-0.183,0.16,LUCK
4012,3199,1002,5.763,-1.188,-7.752,-0.059,0.061,-0.038,LUCK
4079,2637,928,5.847,-0.754,-7.286,-0.05,0.026,-0.118,LUCK
4048,2546,830,6.029,-0.632,-7.329,-0.002,-0.105,-0.066,LUCK
3984,2522,645,6.062,-0.996,-7.776,0.044,-0.187,-0.048,LUCK
3923,2551,817,5.902,-1.166,-7.985,0.03,-0.037,-0.133,LUCK
3807,3107,606,5.808,-1.032,-7.508,-0.014,0.05,-0.204,LUCK
3856,3054,448,5.835,-0.95,-7.422,-0.011,-0.015,-0.235,LUCK
3931,2771,916,5.988,-0.761,-7.458,0.012,-0.105,-0.248,LUCK
3854,2763,592,5.904,-0.869,-7.963,0.041,-0.079,-0.236,LUCK
3984,2786,550,6.067,-0.97,-7.748,0.025,0.085,-0.335,LUCK
3899,2784,236,6,-0.658,-7.252,0.005,0.025,-0.425,LUCK
3989,2741,462,5.954,-0.376,-7.444,-0.004,-0.128,-0.344,LUCK
4082,2791,587,6.153,-0.39,-7.575,-0.004,-0.242,-0.179,LUCK
4095,2789,422,6.036,-0.73,-7.975,-0.016,-0.2,-0.111,LUCK
4042,2759,1091,5.741,-0.668,-7.757,-0.048,-0.021,-0.109,LUCK
3984,2755,758,5.837,-0.433,-7.324,-0.087,-0.037,-0.035,LUCK
4041,2800,1300,6.041,-0.436,-7.453,-0.081,-0.15,0.066,LUCK
4045,2711,818,6.136,-0.685,-7.728,-0.08,-0.203,0.114,LUCK
4095,2747,912,5.892,-0.869,-7.851,-0.081,-0.1,0.053,LUCK
3950,2731,1199,5.835,-0.651,-7.532,-0.099,-0.022,0.017,LUCK
4078,2782,1895,6.076,-0.443,-7.252,-0.077,-0.121,0.08,LUCK
3935,2710,1664,6.12,-0.63,-7.726,-0.035,-0.244,0.137,LUCK
4025,2731,1519,5.971,-0.97,-8.109,-0.066,-0.165,0.097,LUCK
3871,2759,991,5.732,-0.905,-7.774,-0.13,-0.021,0.036,LUCK
3913,2691,1326,5.839,-0.52,-7.276,-0.141,-0.037,0.04,LUCK
4000,2707,673,5.964,-0.52,-7.434,-0.075,-0.168,0.089,LUCK
4095,2699,753,5.995,-0.838,-7.951,-0.061,-0.171,0.067,LUCK
3990,2721,1142,5.859,-0.869,-7.975,-0.098,-0.086,0.001,LUCK
4053,2720,625,5.689,-0.486,-7.501,-0.132,-0.02,-0.021,LUCK
3997,2678,442,5.806,-0.316,-7.558,-0.106,-0.121,0.078,LUCK
4095,2708,319,5.89,-0.702,-7.887,-0.089,-0.121,0.092,LUCK
4095,2669,565,5.885,-0.809,-7.875,-0.106,-0.076,0.029,LUCK
4020,2754,41,5.65,-0.517,-7.738,-0.11,-0.004,-0.018,LUCK
4080,2768,455,5.77,-0.328,-7.547,-0.099,-0.035,0.017,LUCK
4032,2733,801,5.914,-0.46,-7.602,-0.061,-0.1,0.053,LUCK
4034,2689,448,5.976,-0.687,-7.793,-0.043,-0.143,0.038,LUCK
3995,2734,894,5.768,-0.766,-8.054,-0.07,-0.038,-0.047,LUCK
4015,2688,719,5.648,-0.464,-7.74,-0.093,0.049,-0.046,LUCK
3952,2726,885,5.784,-0.388,-7.451,-0.086,0.017,0.023,LUCK
4058,2689,957,5.957,-0.543,-7.597,-0.053,-0.088,0.067,LUCK
3889,2722,1702,5.964,-0.785,-7.894,-0.037,-0.118,0.048,LUCK
4037,2640,1087,5.71,-0.804,-8.107,-0.075,0.054,-0.038,LUCK
3938,2624,896,5.643,-0.378,-7.554,-0.116,0.12,-0.011,LUCK
4031,2672,1340,5.887,-0.352,-7.314,-0.094,0.033,0.096,LUCK
4053,2797,1032,6.065,-0.5,-7.556,-0.038,-0.091,0.134,LUCK
3488,2427,775,6.235,0.783,-7.558,-0.018,0.065,0.011,LUCK
3397,2467,630,6.421,0.702,-7.353,-0.035,0.056,0.003,LUCK
3434,2413,676,6.479,0.723,-7.386,-0.03,0.044,-0.02,LUCK
3458,2418,1040,6.519,0.761,-7.367,-0.023,-0.001,-0.036,LUCK
3389,2435,923,6.539,0.766,-7.362,-0.017,-0.016,-0.045,LUCK
3426,2454,691,6.596,0.713,-7.372,-0.018,-0.052,-0.045,LUCK
3545,2458,748,6.582,0.687,-7.321,-0.01,-0.066,-0.071,LUCK
3577,2422,762,6.359,0.769,-7.412,-0.019,-0.073,-0.064,LUCK
3551,2419,661,6.251,0.795,-7.47,-0.045,-0.066,0.002,LUCK
3457,2437,431,6.297,0.627,-7.393,-0.065,-0.069,0.049,LUCK
3472,2416,818,6.28,0.498,-7.42,-0.073,-0.074,0.031,LUCK
3557,2423,553,6.184,0.548,-7.429,-0.093,-0.064,-0.016,LUCK
3536,2359,536,6.021,0.713,-7.494,-0.105,-0.044,-0.015,LUCK
3447,2402,293,5.957,0.781,-7.513,-0.136,0.002,0.01,LUCK
3398,2373,398,5.926,0.891,-7.458,-0.172,0.011,0.033,LUCK
3346,2395,674,6.024,0.96,-7.381,-0.187,-0.019,0.048,LUCK
3489,2427,822,6.129,0.994,-7.365,-0.166,-0.101,0.034,LUCK
3666,2454,967,6.06,1.008,-7.53,-0.149,-0.129,-0.005,LUCK
3559,2435,563,5.897,1.044,-7.733,-0.159,-0.083,-0.03,LUCK
3583,2490,755,5.854,1.109,-7.614,-0.186,0.002,-0.034,LUCK
3620,2497,819,5.954,1.214,-7.444,-0.186,0.017,-0.017,LUCK
3563,2448,848,6.112,1.19,-7.389,-0.16,-0.046,0.006,LUCK
3568,2490,1135,6.062,1.135,-7.594,-0.135,-0.044,0.003,LUCK
3692,2448,1167,5.983,1.094,-7.697,-0.129,0.031,0.009,LUCK
3507,2416,1265,6.043,1.003,-7.494,-0.137,0.083,0.019,LUCK
3501,2407,1318,6.098,0.972,-7.42,-0.132,0.067,0.038,LUCK
3497,2443,1069,6.17,0.917,-7.389,-0.116,0.044,0.04,LUCK
3610,2401,1248,6.187,0.845,-7.439,-0.09,-0.007,0.01,LUCK
3606,2462,744,6.038,0.855,-7.499,-0.083,-0.027,-0.022,LUCK
3664,2425,805,5.823,0.931,-7.683,-0.097,0.019,-0.002,LUCK
3748,2487,1101,5.837,0.881,-7.642,-0.131,0.097,0.031,LUCK
3423,2409,847,5.945,0.9,-7.42,-0.139,0.125,0.023,LUCK
3571,2421,434,6.11,1.051,-7.19,-0.097,0.064,-0.005,LUCK
3472,2407,397,6.074,1.132,-7.465,-0.071,0.023,0.005,LUCK
3606,2434,718,6.057,1.034,-7.695,-0.079,0.104,0.006,LUCK
3543,2418,158,6.146,1.037,-7.333,-0.098,0.195,-0.022,LUCK
3525,2403,509,6.349,1.14,-7.101,-0.086,0.156,-0.019,LUCK
3535,2437,784,6.515,1.106,-7.094,-0.062,0.096,-0.017,LUCK
3785,2454,235,6.558,1.032,-7.219,-0.046,0.066,-0.039,LUCK
3869,2444,950,6.529,0.919,-7.336,-0.062,0.137,-0.087,LUCK
3915,2452,976,6.625,1.077,-6.955,-0.087,0.167,-0.113,LUCK
3765,2399,720,6.677,1.269,-6.838,-0.077,0.057,-0.082,LUCK
3795,2378,1011,6.651,1.271,-7.147,-0.069,0.032,-0.046,LUCK
3830,2475,1406,6.656,1.219,-7.266,-0.094,0.111,-0.032,LUCK
3787,2447,1262,6.697,1.221,-7.116,-0.121,0.195,-0.043,LUCK
3824,2415,988,6.785,1.408,-6.747,-0.136,0.185,-0.021,LUCK
3894,2403,1190,6.967,1.434,-6.828,-0.115,0.112,0.029,LUCK
3891,2401,1101,7.084,1.341,-6.859,-0.078,0.087,-0.007,LUCK
3774,2368,573,6.95,1.41,-6.943,-0.059,0.091,-0.058,LUCK
3837,2388,915,6.785,1.518,-6.953,-0.063,0.132,-0.042,LUCK
3967,2448,909,6.953,1.53,-6.618,-0.052,0.114,0.021,LUCK
4017,2435,429,6.955,1.499,-6.716,-0.024,-0.004,0.071,LUCK
3923,2399,184,6.845,1.429,-7.022,-0.005,-0.004,0.115,LUCK
3958,2412,357,6.852,1.257,-7.147,-0.021,0.071,0.141,LUCK
3967,2457,304,6.974,0.986,-6.874,-0.025,0.143,0.082,LUCK
3921,2478,457,6.984,1.245,-6.541,-0.002,0.044,0.009,LUCK
3926,2441,352,6.888,1.417,-6.586,0.048,-0.153,0.082,LUCK
3999,2471,396,6.835,1.025,-7.233,0.072,-0.175,0.126,LUCK
4067,2501,318,6.665,0.79,-7.309,0.012,0.002,0.084,LUCK
3843,2590,738,6.598,0.943,-6.931,-0.05,0.12,0.08,LUCK
3822,2466,995,6.857,0.977,-6.153,-0.043,0.012,0.097,LUCK
3889,3270,787,6.756,1.441,-6.759,0.047,-0.226,0.2,LUCK
3917,3269,1515,6.735,0.862,-7.475,0.068,-0.138,0.268,LUCK
4093,3190,1535,6.845,0.22,-7.307,0.004,0.076,0.139,LUCK
3975,3216,1113,6.938,0.754,-6.397,-0.028,0.107,-0.036,LUCK
3963,3210,2181,6.974,1.267,-6.349,0.029,-0.13,0.023,LUCK
3967,3285,1629,6.993,1.295,-6.783,0.08,-0.347,0.149,LUCK
4095,2768,2099,6.922,0.553,-7.386,0.07,-0.254,0.193,LUCK
3995,2603,711,6.744,0.05,-7.264,-0.007,-0.021,0.015,LUCK
4066,2851,989,6.692,0.833,-6.414,-0.047,-0.011,-0.15,LUCK
4075,2787,900,6.677,1.494,-6.589,-0.008,-0.263,-0.029,LUCK
3863,2890,163,6.835,1.257,-6.716,0.073,-0.42,0.127,LUCK
3892,3162,848,6.534,0.443,-7.93,0.099,-0.324,0.063,LUCK
3975,2866,544,6.299,0.543,-7.764,-0.019,0.022,-0.176,LUCK
4046,2708,459,6.294,1.295,-6.721,-0.089,0.094,-0.145,LUCK
3317,2454,2608,4.42,-1.312,-8.468,-0.082,-0.06,-0.163,LUCK
4095,2643,1239,4.252,-1.049,-8.554,-0.039,-0.036,-0.147,LUCK
3779,2423,1618,4.278,-1.207,-8.447,-0.022,0.024,-0.076,LUCK
3723,2559,352,4.499,-1.405,-8.341,-0.005,-0.001,-0.11,LUCK
3773,2457,242,4.551,-1.367,-8.332,-0.027,-0.074,-0.175,LUCK
3701,2303,2544,4.271,-1.223,-8.739,-0.044,-0.078,-0.187,LUCK
4095,2224,1285,4.116,-1.166,-8.89,-0.054,0.047,-0.127,LUCK
4095,2526,59,4.458,-1.243,-8.337,-0.061,0.078,-0.076,LUCK
3797,2538,3,4.913,-1.405,-7.784,-0.063,-0.101,-0.14,LUCK
4095,2458,623,5.207,-1.24,-8.03,-0.037,-0.393,-0.287,LUCK
4095,2640,675,4.278,-1.006,-9.364,-0.006,-0.369,-0.321,LUCK
3699,3025,813,4.207,-1.089,-9.287,-0.05,-0.084,-0.278,LUCK
4095,2928,1280,4.568,-1.077,-8.526,-0.085,0.052,-0.298,LUCK
3782,2670,2289,4.922,-0.905,-7.786,-0.09,-0.086,-0.326,LUCK
4095,2827,0,4.863,-0.656,-7.887,-0.04,-0.346,-0.331,LUCK
3730,3313,368,4.295,-0.441,-8.827,0.06,-0.415,-0.199,LUCK
3568,3014,2399,3.996,-0.639,-9.227,0.087,-0.198,-0.014,LUCK
4095,2770,1345,4.266,-1.233,-8.839,0.042,0.059,0.004,LUCK
4068,3024,688,4.776,-1.463,-8.04,-0.061,0.042,-0.145,LUCK
3443,3117,2661,4.743,-1.367,-8.155,-0.094,-0.131,-0.362,LUCK
3825,2831,1428,4.202,-0.802,-8.617,-0.059,-0.19,-0.387,LUCK
3778,3135,1572,3.785,-0.644,-8.961,-0.044,-0.116,-0.211,LUCK
3824,2624,1232,3.869,-0.996,-8.727,-0.019,0.024,-0.066,LUCK
4095,2831,989,4.434,-1.41,-8.061,-0.038,-0.008,-0.122,LUCK
4095,2910,2847,4.525,-1.231,-8.231,-0.015,-0.219,-0.336,LUCK
3803,2448,943,3.847,-0.563,-9.017,0.032,-0.256,-0.314,LUCK
4095,3089,1163,3.302,-0.534,-9.433,0.055,-0.018,-0.036,LUCK
3344,2537,2182,4.125,-1.18,-8.708,0.004,0.157,0.096,LUCK
4095,3088,1397,4.781,-1.458,-7.738,-0.041,0.004,-0.027,LUCK
3356,3095,1471,4.678,-1.001,-8.31,-0.016,-0.275,-0.185,LUCK
4095,2901,0,3.943,-0.474,-9.091,0.061,-0.27,-0.097,LUCK
3387,2477,2535,3.658,-0.699,-9.294,0.083,0.041,0.11,LUCK
3067,2590,2285,4.738,-1.317,-8.215,0.067,0.104,0.044,LUCK
4095,2928,3094,4.877,-1.214,-7.819,0.047,-0.066,-0.175,LUCK
3185,2559,10,4.606,-1.118,-8.507,0.038,-0.257,-0.296,LUCK
3484,2704,1959,4.108,-1.022,-9.196,0.04,-0.141,-0.338,LUCK
4053,2689,1522,3.936,-1.111,-9.048,0.011,0.103,-0.311,LUCK
4095,2831,607,4.812,-1.405,-7.858,-0.018,0.113,-0.427,LUCK
2875,2528,4095,5.028,-1.36,-7.817,0.001,-0.166,-0.71,LUCK
4095,2702,411,4.166,-0.934,-8.997,-0.015,-0.276,-0.85,LUCK
3359,2559,4095,3.577,-0.824,-9.833,-0.054,0.018,-0.821,LUCK
3995,2461,1428,3.876,-0.893,-8.868,-0.102,0.356,-0.788,LUCK
3551,2767,1290,4.448,-0.613,-7.683,-0.067,0.265,-0.762,LUCK
3228,2559,1638,4.575,-0.084,-7.688,0.021,-0.057,-0.654,LUCK
4095,2559,496,3.745,0.438,-8.969,0.085,-0.157,-0.254,LUCK
3679,2490,0,3.752,-0.012,-9.443,0.046,0.119,0.257,LUCK
3579,2647,3218,4.733,-0.97,-8.236,-0.025,0.29,0.408,LUCK
3383,2349,1060,5.531,-1.408,-7.788,-0.056,0.076,0.121,LUCK
4095,2904,287,5.088,-0.833,-8.399,-0.049,-0.125,-0.154,LUCK
3350,2384,1808,4.434,-0.39,-9.043,-0.027,-0.036,-0.143,LUCK
4095,2731,0,4.46,-0.46,-8.854,-0.031,0.165,-0.014,LUCK
3294,2607,1927,4.705,-0.747,-8.368,-0.102,0.28,0.035,LUCK
3941,2448,0,5.437,-0.936,-7.503,-0.162,0.09,-0.084,LUCK
4095,2882,2253,5.296,-0.735,-8.114,-0.141,-0.179,-0.285,LUCK
3556,2416,0,4.499,-0.223,-9.069,-0.098,-0.134,-0.31,LUCK
4095,2641,2079,4.142,-0.022,-9.129,-0.087,0.12,-0.106,LUCK
3654,2535,1264,4.573,-0.409,-8.396,-0.104,0.26,0.059,LUCK
3925,2526,1520,5.028,-0.608,-7.86,-0.126,0.149,0.023,LUCK
3969,2475,1258,4.865,-0.419,-8.231,-0.088,-0.009,-0.071,LUCK
4095,2717,1488,4.544,-0.153,-8.605,-0.026,0.007,-0.047,LUCK
3618,2321,2248,4.571,-0.318,-8.614,0.013,0.123,0.038,LUCK
4095,2800,455,5.049,-0.448,-7.925,0.012,0.083,0.029,LUCK
3619,2440,2624,5.183,-0.338,-7.889,-0.025,-0.081,0.022,LUCK
3845,2499,619,5.116,-0.297,-8.526,-0.003,-0.182,0.047,LUCK
4095,2736,2163,5.028,-0.474,-8.787,0.058,-0.053,0.035,LUCK
3156,2287,1877,4.968,-0.735,-8.468,0.037,0.106,-0.014,LUCK
4095,2656,739,5.246,-0.642,-7.819,0.014,0.096,-0.117,LUCK
3520,2623,719,5.272,-0.323,-7.793,0.007,-0.081,-0.122,LUCK
3665,2509,1792,5.083,-0.218,-8.262,0.014,-0.19,-0.027,LUCK
4039,2624,576,4.927,-0.467,-8.844,0.045,-0.115,0.032,LUCK
3869,2972,910,4.659,-0.656,-8.981,0.044,0.119,-0.004,LUCK
3469,2276,1554,5.37,-0.694,-7.676,0.01,0.159,-0.108,LUCK
4095,2762,1371,5.377,-0.448,-7.599,-0.001,-0.157,-0.156,LUCK
3888,3036,2368,4.894,-0.311,-8.416,0.042,-0.346,-0.084,LUCK
3879,2467,944,4.506,-0.5,-9.141,0.085,-0.22,0.052,LUCK
3312,2787,2840,3.189,-3.29,-6.888,-0.55,2.339,0.757,LUCK
3126,2830,0,5.08,-3.218,-7.42,-0.752,2.459,0.528,LUCK
3914,2461,3330,6.986,-2.844,-6.579,-0.931,2.183,0.24,LUCK
4095,2001,916,7.19,-1.657,-6.871,-0.877,1.444,0.107,LUCK
3669,2706,930,6.369,-1.049,-8.353,-0.604,0.869,0.277,LUCK
2937,2490,3200,5.885,-1.686,-9.256,-0.322,0.677,0.382,LUCK
4095,2448,1637,5.535,-2.67,-9.27,-0.214,0.64,0.243,LUCK
3255,4095,1115,5.737,-2.581,-8.789,-0.245,0.469,0.048,LUCK
3904,1927,874,5.569,-2.174,-8.708,-0.178,0.269,-0.02,LUCK
4095,2437,1728,5.37,-1.81,-8.452,-0.088,0.222,0.045,LUCK
2897,2513,4095,5.332,-2.138,-8.83,-0.034,0.323,0.079,LUCK
3984,2231,1719,5.298,-2.476,-8.282,-0.041,0.496,-0.039,LUCK
3386,2769,635,5.454,-2.394,-7.606,-0.088,0.378,-0.082,LUCK
3917,2287,3105,5.404,-2.483,-7.391,-0.072,0.21,-0.069,LUCK
4095,1791,575,5.392,-2.787,-7.508,-0.072,0.064,-0.052,LUCK
3555,2529,1240,5.14,-3.158,-7.927,-0.102,0.038,-0.15,LUCK
3199,2271,4095,4.635,-2.914,-7.951,-0.21,0.124,-0.315,LUCK
4095,2302,1285,3.553,-0.826,-11.947,-0.413,-0.372,-0.679,LUCK
3335,3060,1467,2.559,1.051,-10.01,0.506,0.372,-0.57,LUCK
4067,2102,995,4.52,-0.962,-7.903,0.672,0.448,0.81,LUCK
4095,2404,1622,7.197,-5.033,-6.953,0.433,-0.163,0.78,LUCK
3338,2649,4095,6.117,-4.427,-9.057,0.365,-0.409,-0.338,LUCK
3970,2278,454,3.876,-2.045,-9.536,0.236,-0.128,-0.425,LUCK
3427,2768,304,4.487,-2.528,-8.097,0.287,0.029,0.066,LUCK
4095,2358,3136,5.476,-4.125,-7.444,0.317,-0.211,0.112,LUCK
4095,1853,1791,4.954,-4.056,-8.013,0.205,-0.479,-0.172,LUCK
3504,2559,1283,3.876,-3.278,-8.65,0.174,-0.4,-0.194,LUCK
2768,2471,4095,3.764,-3.369,-8.313,0.152,-0.215,-0.054,LUCK
3932,2275,1843,3.943,-3.625,-7.8,0.13,-0.12,-0.102,LUCK
3603,2679,1524,3.809,-3.39,-7.817,0.09,-0.114,-0.139,LUCK
3927,1941,2311,3.852,-3.33,-7.889,0.085,-0.084,-0.094,LUCK
4095,2300,2144,4.034,-3.565,-7.8,0.106,-0.051,-0.051,LUCK
3454,2672,4095,3.989,-3.776,-7.815,0.083,0.041,-0.052,LUCK
3865,2254,1946,4.211,-3.907,-7.254,-0.004,0.187,-0.128,LUCK
3611,2624,0,4.386,-3.584,-6.828,-0.084,0.287,-0.185,LUCK
4007,2254,2582,4.839,-3.364,-6.744,-0.086,0.237,-0.128,LUCK
4095,1791,1899,4.985,-3.23,-7.314,0.001,0.169,0.007,LUCK
3641,2423,0,5.073,-3.553,-8.064,0.031,0.225,0.129,LUCK
3056,2662,3928,5.413,-4.001,-8.672,-0.071,0.297,0.127,LUCK
4095,2315,1090,5.914,-4.106,-8.6,-0.213,0.319,0.006,LUCK
4079,2741,416,6.191,-3.608,-7.8,-0.3,0.222,-0.149,LUCK
3390,2107,2455,6.081,-2.763,-7.338,-0.302,0.053,-0.221,LUCK
4095,2352,886,5.952,-2.258,-7.377,-0.23,-0.11,-0.168,LUCK
3343,2634,2502,5.61,-2.186,-7.903,-0.139,-0.163,-0.061,LUCK
3707,2225,677,5.679,-2.744,-7.944,-0.096,-0.12,-0.094,LUCK
3543,2476,387,5.49,-2.851,-7.673,-0.088,-0.131,-0.216,LUCK
3837,2422,2800,5.267,-2.698,-7.547,-0.094,-0.174,-0.226,LUCK
4095,1974,2043,5.138,-2.612,-7.477,-0.061,-0.238,-0.116,LUCK
3760,2515,1200,5.128,-2.863,-7.697,-0.006,-0.263,-0.023,LUCK
2878,2743,3300,5.16,-3.184,-7.913,0.037,-0.211,-0.054,LUCK
4095,2176,1507,5.09,-3.292,-7.776,0.02,-0.17,-0.17,LUCK
4095,2279,0,5.076,-3.053,-7.724,-0.062,-0.275,-0.225,LUCK
3553,2055,2415,4.681,-2.701,-7.949,-0.049,-0.288,-0.246,LUCK
4095,1918,1918,4.413,-2.425,-7.87,-0.015,-0.207,-0.174,LUCK
3466,2640,4095,4.503,-2.559,-7.781,0.036,-0.161,-0.097,LUCK
3659,2359,1350,4.499,-2.753,-7.745,0.055,-0.122,-0.108,LUCK
3535,2559,0,4.829,-3.021,-7.4,0.023,-0.171,-0.136,LUCK
4013,2532,2916,4.599,-2.887,-7.635,0.051,-0.245,-0.173,LUCK
4095,2015,1391,4.302,-2.914,-7.898,0.09,-0.192,-0.128,LUCK
3726,2493,0,4.472,-3.359,-7.915,0.108,-0.12,-0.135,LUCK
2934,2960,3122,4.48,-3.56,-8.164,0.092,-0.022,-0.247,LUCK
4031,2531,1951,4.781,-3.625,-7.642,0.005,-0.011,-0.347,LUCK
4095,3244,0,4.954,-3.179,-7.477,-0.045,-0.167,-0.357,LUCK
3255,2944,2989,4.712,-2.792,-7.657,-0.004,-0.265,-0.181,LUCK
4065,2891,1933,4.65,-3.055,-8.119,0.047,-0.238,-0.034,LUCK
3879,3495,2248,5.076,-3.56,-7.918,0.013,-0.162,-0.097,LUCK
3652,3173,1787,5.234,-3.273,-7.561,-0.052,-0.227,-0.282,LUCK
3915,2927,2037,5.162,-2.725,-7.693,-0.038,-0.409,-0.355,LUCK
4095,3275,4060,4.178,-2.373,-8.547,0.05,-0.335,-0.236,LUCK
4095,2439,2351,4.405,-3.091,-8.066,0.051,-0.126,-0.099,LUCK
3975,3456,60,5.298,-3.649,-7.468,-0.005,-0.169,-0.284,LUCK
2813,3775,3008,5.066,-3.045,-7.539,-0.052,-0.359,-0.524,LUCK
4095,3253,927,4.125,-2.377,-8.234,-0.007,-0.374,-0.456,LUCK
4095,3576,0,3.958,-2.535,-8.566,0.044,-0.192,-0.199,LUCK
3248,3159,3707,4.515,-3.548,-8.059,0.016,-0.008,-0.218,LUCK
4095,3061,4095,4.192,-2.622,-8.078,0.049,-0.076,-0.076,LUCK
4095,3208,4095,3.639,-2.354,-8.902,0.061,-0.06,-0.054,LUCK
4095,3113,4095,3.627,-2.461,-8.777,0.078,0.107,0.036,LUCK
4045,3173,4095,4.094,-2.674,-8.047,0.079,0.142,0.088,LUCK
4044,3088,4095,4.463,-2.897,-7.918,0.094,-0.045,0.021,LUCK
4069,2733,2115,4.197,-2.83,-8.267,0.086,-0.185,-0.063,LUCK
3921,2761,768,3.958,-2.806,-8.839,0.108,-0.154,-0.056,LUCK
4010,2695,1266,3.62,-2.966,-8.957,0.133,0.037,-0.048,LUCK
3990,2690,275,3.776,-2.99,-8.188,0.094,0.156,-0.029,LUCK
3955,2730,135,3.946,-2.88,-7.633,0.037,0.013,0.026,LUCK
4021,2559,0,3.864,-2.942,-8.095,0.043,-0.149,0.064,LUCK
3982,2672,0,3.529,-3.06,-8.976,0.094,-0.024,0.084,LUCK
3969,2555,0,3.759,-3.383,-8.55,0.054,0.164,0.084,LUCK
4078,2544,0,4.142,-3.39,-7.817,0.019,0.154,0.001,LUCK
4095,2590,42,4.322,-3.098,-7.618,0.006,-0.037,-0.048,LUCK
3997,2586,0,4.164,-2.993,-8.1,-0.01,-0.217,-0.006,LUCK
4095,2605,1527,3.771,-3.081,-9.115,0.027,-0.106,0.02,LUCK
4095,2556,2239,3.931,-3.22,-8.722,-0.016,0.144,0.014,LUCK
4053,2596,2816,4.252,-3.158,-7.858,-0.054,0.127,-0.029,LUCK
4047,2645,2673,4.197,-2.847,-7.666,-0.037,-0.039,-0.073,LUCK
3983,2646,3280,4.113,-2.808,-8.248,-0.034,-0.155,-0.018,LUCK
4095,2594,4095,3.867,-2.981,-8.76,-0.009,-0.071,0.025,LUCK
4095,2559,3958,3.984,-3.12,-8.384,-0.024,0.068,0.036,LUCK
4091,2527,4095,4.29,-3.151,-7.999,-0.041,0.044,-0.015,LUCK
4073,2542,4081,4.429,-2.969,-7.599,-0.034,-0.1,-0.035,LUCK
4055,2914,4095,4.484,-3.098,-8.207,-0.021,-0.276,-0.027,LUCK
4095,3199,2682,3.953,-3.223,-9.208,0.027,-0.121,-0.113,LUCK
4055,3189,1250,3.78,-3,-8.49,-0.014,0.161,-0.133,LUCK
4051,3095,195,4.369,-2.703,-7.149,-0.014,0.072,-0.086,LUCK
4032,3117,0,4.642,-2.66,-7.429,0.025,-0.299,-0.035,LUCK
4015,3445,75,3.893,-2.883,-8.897,0.103,-0.333,0,LUCK
4071,3157,0,3.879,-3.373,-9.036,0.052,-0.094,0.014,LUCK
4051,3315,0,3.936,-3.534,-8.128,-0.041,0.035,-0.071,LUCK
3920,3088,0,3.998,-3.206,-7.714,-0.067,-0.052,-0.161,LUCK
3933,3065,0,4.049,-2.945,-7.535,-0.065,-0.257,-0.098,LUCK
3810,3111,0,3.764,-3.002,-8.574,-0.005,-0.339,0.002,LUCK
3909,3184,0,3.481,-3.397,-9.273,0.011,-0.098,0.046,LUCK
3924,3081,130,3.393,-3.56,-8.672,-0.056,0.212,-0.019,LUCK
3917,2940,1118,3.982,-3.275,-7.221,-0.146,0.174,-0.061,LUCK
3987,2943,1082,4.207,-2.926,-7.439,-0.115,-0.145,-0.037,LUCK
4095,2923,2447,3.534,-2.926,-8.806,-0.022,-0.145,0.037,LUCK
3975,2880,2078,3.524,-3.282,-9.251,-0.054,0.174,0.077,LUCK
4019,2895,2156,3.984,-3.321,-8.27,-0.118,0.396,0.005,LUCK
4074,2873,1618,4.503,-2.847,-6.948,-0.15,0.233,-0.037,LUCK
4095,2816,2799,4.738,-2.648,-7.398,-0.068,-0.151,-0.028,LUCK
4095,2770,2293,4.116,-2.751,-8.878,0.016,-0.215,0.024,LUCK
4095,2902,2399,3.946,-3.134,-9.215,-0.017,0.083,0.046,LUCK
4095,2922,2205,4.312,-3.23,-8.186,-0.096,0.256,-0.017,LUCK
4095,2886,1037,4.719,-2.983,-7.204,-0.103,0.066,-0.084,LUCK
3961,2901,277,4.365,-2.732,-7.896,-0.064,-0.147,-0.061,LUCK
4063,2875,331,3.934,-2.902,-8.708,-0.012,-0.072,0.045,LUCK
4075,2827,7,4.13,-3.311,-8.593,-0.055,0.12,0.071,LUCK
3930,2831,0,4.341,-3.311,-7.896,-0.091,0.176,-0.002,LUCK
3925,2864,0,4.556,-2.95,-7.207,-0.08,0.019,-0.031,LUCK
3904,2861,0,4.417,-2.796,-7.898,-0.021,-0.191,0.012,LUCK
4095,2847,0,4.096,-3.089,-8.799,-0.014,-0.088,0.054,LUCK
3984,2835,0,4.209,-3.373,-8.626,-0.072,0.101,0.029,LUCK
4095,2777,79,4.487,-3.259,-7.709,-0.102,0.151,-0.054,LUCK
3922,2846,0,4.64,-2.885,-7.381,-0.08,-0.062,-0.094,LUCK
3887,2815,873,4.377,-2.729,-8.1,-0.037,-0.2,-0.037,LUCK
4015,2836,1380,4.056,-2.935,-8.768,-0.028,-0.071,0.062,LUCK
4048,2799,1298,4.209,-3.256,-8.468,-0.078,0.108,0.075,LUCK
4095,2797,1279,4.571,-3.225,-7.633,-0.103,0.12,-0.029,LUCK
3989,2838,1520,4.568,-2.861,-7.52,-0.068,-0.073,-0.115,LUCK
4095,2787,2121,4.264,-2.646,-8.147,-0.019,-0.15,-0.066,LUCK
4049,2819,1965,4.041,-2.801,-8.581,-0.013,-0.031,0.032,LUCK
4095,2827,2736,4.159,-3.084,-8.485,-0.049,0.128,0.055,LUCK
4095,2814,2276,4.384,-3.098,-7.949,-0.09,0.184,-0.013,LUCK
3975,2800,2111,4.575,-2.897,-7.523,-0.082,0.066,-0.08,LUCK
3973,2831,1793,4.405,-2.732,-8.013,-0.03,-0.039,-0.078,LUCK
4003,2858,816,4.252,-2.825,-8.296,-0.002,0.026,-0.017,LUCK
4010,2786,439,4.372,-3.048,-8.255,-0.019,0.127,0.011,LUCK
3909,2759,0,4.604,-3.053,-7.903,-0.036,0.165,-0.067,LUCK
3959,2822,47,4.863,-2.787,-7.254,-0.023,0.038,-0.132,LUCK
4040,2784,0,4.726,-2.571,-7.901,0.036,-0.138,-0.154,LUCK
3601,2932,0,6.495,2.346,-7.154,-0.089,-0.12,-0.13,LUCK
3343,3159,0,6.309,2.461,-7.123,-0.118,-0.009,-0.084,LUCK
3242,2941,4095,6.567,2.26,-6.819,-0.148,0.042,-0.069,LUCK
4095,2828,401,6.802,2.301,-6.491,-0.132,-0.037,-0.163,LUCK
3888,3671,0,6.761,2.507,-6.555,-0.093,-0.164,-0.222,LUCK
3668,2707,1649,6.62,2.478,-6.874,-0.075,-0.188,-0.266,LUCK
4095,2976,322,6.311,2.684,-7.061,-0.103,-0.109,-0.243,LUCK
2819,3243,3624,6.457,2.624,-6.761,-0.143,-0.041,-0.18,LUCK
3331,2647,0,6.574,2.567,-6.483,-0.129,-0.071,-0.179,LUCK
3509,3210,0,6.536,2.444,-6.601,-0.072,-0.138,-0.256,LUCK
3504,2878,3030,6.419,2.373,-6.953,-0.036,-0.112,-0.349,LUCK
4095,2106,1952,6.261,2.571,-7.027,-0.054,-0.049,-0.362,LUCK
3422,2666,1338,6.158,2.811,-6.84,-0.069,-0.003,-0.28,LUCK
2961,2719,4095,6.467,2.923,-6.416,-0.044,-0.074,-0.176,LUCK
4095,2358,2039,6.687,2.811,-6.661,0.047,-0.223,-0.206,LUCK
3275,3360,1488,6.203,3.021,-7.302,0.125,-0.184,-0.27,LUCK
4066,2545,1942,5.698,3.529,-7.135,0.123,0.025,-0.171,LUCK
4095,3050,2384,5.856,3.565,-6.981,0.082,0.087,0.128,LUCK
2974,3484,4095,6.146,3.27,-6.45,0.106,0.143,0.294,LUCK
3867,3089,2021,6.78,2.784,-6.472,0.167,-0.043,0.338,LUCK
4095,3382,0,6.479,2.382,-7.434,0.233,0.03,0.143,LUCK
3705,2631,1359,6.369,2.416,-7.149,0.184,0.238,0.005,LUCK
4095,2167,1393,6.527,2.634,-6.445,0.104,0.203,0.017,LUCK
3418,3091,0,6.74,2.54,-6.175,0.113,0.006,0.132,LUCK
2640,3301,4095,7.029,2.071,-6.618,0.135,-0.201,0.171,LUCK
4035,2827,785,6.819,1.549,-7.417,0.135,-0.152,0.082,LUCK
3511,4095,960,6.412,1.674,-7.281,0.059,0.084,-0.026,LUCK
3322,2974,2239,6.503,2.049,-6.17,-0.027,0.096,0.005,LUCK
4095,3069,224,6.567,1.966,-6.323,-0.019,-0.092,0.076,LUCK
3312,3013,2914,6.615,1.724,-6.831,-0.034,-0.155,0.073,LUCK
3559,2480,55,6.713,1.726,-7.329,-0.089,-0.109,-0.007,LUCK
3505,2711,0,6.527,2.014,-7.005,-0.127,0.1,-0.052,LUCK
3806,2534,3440,6.665,2.337,-6.381,-0.168,0.08,-0.028,LUCK
4095,1903,2313,6.807,2.416,-6.325,-0.131,-0.072,-0.001,LUCK
3443,2729,624,6.843,2.437,-6.728,-0.098,-0.182,0.005,LUCK
2889,2737,4095,6.495,2.509,-7.374,-0.086,-0.082,0.001,LUCK
4095,2224,1614,6.618,2.437,-7.001,-0.125,0.073,-0.022,LUCK
3991,3024,0,6.761,2.66,-6.323,-0.14,0.066,-0.045,LUCK
3666,2220,2911,6.888,2.971,-6.141,-0.058,-0.159,0.013,LUCK
3696,2549,2207,6.862,2.631,-6.979,-0.001,-0.265,0.056,LUCK
3369,3038,4089,6.598,2.442,-7.398,0.001,-0.112,0.025,LUCK
3786,2454,1650,6.534,2.48,-7.061,-0.044,0.059,0.001,LUCK
4095,2791,0,6.63,2.646,-6.318,-0.04,0.03,0.046,LUCK
3787,2449,2113,6.663,2.514,-6.273,0.025,-0.163,0.09,LUCK
4095,2037,2251,6.531,2.21,-7.132,0.06,-0.222,0.076,LUCK
3601,2586,0,6.223,2.15,-7.384,0.037,-0.034,0.05,LUCK
3060,2667,4095,6.342,2.181,-6.902,-0.026,0.108,0.084,LUCK
3997,2521,1278,6.618,2.193,-6.352,-0.044,0.041,0.146,LUCK
3759,2999,0,6.709,2.006,-6.524,-0.014,-0.079,0.182,LUCK
3330,2429,2231,6.658,1.774,-6.912,-0.024,-0.112,0.168,LUCK
4095,2122,903,6.675,1.544,-7.202,-0.051,-0.02,0.092,LUCK
3311,2929,1984,6.586,1.64,-6.984,-0.101,0.139,0.012,LUCK
3481,2466,540,6.706,1.911,-6.369,-0.16,0.13,0.023,LUCK
3741,2559,0,6.955,1.997,-6.148,-0.152,-0.057,0.075,LUCK
3934,2559,3269,7.022,1.894,-6.699,-0.132,-0.21,0.047,LUCK
4095,2106,2519,6.788,1.911,-7.321,-0.111,-0.084,-0.021,LUCK
3947,2666,1313,6.682,2.184,-6.905,-0.143,0.09,-0.04,LUCK
3261,2789,4095,6.809,2.401,-6.242,-0.173,0.063,0.025,LUCK
4095,2399,1274,6.881,2.512,-6.201,-0.135,-0.098,0.096,LUCK
3827,2407,0,6.807,2.442,-6.84,-0.099,-0.191,0.149,LUCK
3553,2320,3578,6.622,2.306,-7.163,-0.107,-0.052,0.188,LUCK
4080,2333,3519,6.828,2.116,-6.84,-0.156,0.057,0.186,LUCK
3281,2950,4095,6.946,2.049,-6.481,-0.164,0.045,0.136,LUCK
3786,2807,2160,6.697,2.215,-6.402,-0.114,0.006,0.081,LUCK
3911,3613,0,6.74,2.263,-6.807,-0.096,-0.015,0.085,LUCK
3830,2967,3028,6.744,2.172,-6.95,-0.077,0.058,0.067,LUCK
4095,2352,1936,6.699,2.138,-6.847,-0.095,0.151,0.006,LUCK
3664,2786,0,6.572,2.488,-6.175,-0.116,0.118,-0.022,LUCK
3175,3530,2551,6.687,2.806,-6.021,-0.076,-0.081,0.089,LUCK
3893,3002,1301,6.785,2.715,-6.776,-0.052,-0.205,0.24,LUCK
4095,3510,0,6.9,2.239,-7.36,-0.055,-0.024,0.252,LUCK
3184,3199,1901,7.168,2.073,-6.658,-0.059,0.116,0.103,LUCK
4095,2950,3332,7.168,2.387,-6.194,-0.026,0.037,-0.007,LUCK
3700,3187,1561,7.087,2.492,-6.155,0.01,-0.128,0.021,LUCK
3748,3017,1680,6.644,2.406,-7.017,0.021,-0.133,0.083,LUCK
3777,3123,1110,7.391,0.038,-6.426,-0.066,-0.103,-0.026,LUCK
4095,3083,465,7.223,0.024,-6.804,-0.067,-0.048,-0.07,LUCK
3952,3071,0,7.14,0.158,-6.577,-0.107,0.055,-0.064,LUCK
3147,3082,4095,7.269,0.237,-6.33,-0.126,0.065,0.007,LUCK
4080,2863,950,7.436,0.141,-6.088,-0.106,-0.007,0.033,LUCK
4095,3314,2427,7.47,0.043,-6.292,-0.051,-0.091,0.01,LUCK
3173,2610,799,7.312,-0.069,-6.768,-0.046,-0.04,-0.014,LUCK
3701,2823,3463,7.341,-0.11,-6.517,-0.092,0.089,-0.032,LUCK
4095,3024,1363,7.412,0.007,-6.084,-0.121,0.091,-0.017,LUCK
3762,3054,2609,7.496,0.074,-6,-0.104,-0.031,0.019,LUCK
3656,2852,902,7.585,-0.065,-6.27,-0.06,-0.115,0.021,LUCK
4095,3504,2559,7.508,-0.206,-6.591,-0.06,-0.082,-0.027,LUCK
3229,2854,2196,7.391,-0.089,-6.529,-0.098,0.008,-0.06,LUCK
3346,2810,859,7.329,0.048,-6.225,-0.125,0.025,-0.017,LUCK
4095,3121,691,7.482,-0.029,-6.088,-0.124,-0.035,0.022,LUCK
3402,3040,688,7.52,-0.043,-6.333,-0.105,-0.095,0.009,LUCK
3849,3070,214,7.451,-0.069,-6.531,-0.113,-0.043,-0.01,LUCK
3792,3085,529,7.453,-0.019,-6.373,-0.147,0.011,-0.02,LUCK
4031,3301,583,7.389,0.065,-6.249,-0.169,0.034,-0.032,LUCK
3219,2678,463,7.494,0.261,-6.086,-0.149,-0.038,-0.035,LUCK
4095,3287,682,7.508,0.304,-6.27,-0.112,-0.093,-0.026,LUCK
3039,2855,3456,7.427,0.297,-6.586,-0.121,-0.045,0.008,LUCK
4095,2875,0,7.456,0.151,-6.5,-0.158,0.021,0.034,LUCK
3185,2694,1050,7.456,0.089,-6.397,-0.193,0.078,0.009,LUCK
4052,3091,0,7.489,0.314,-5.928,-0.199,0.018,-0.005,LUCK
3056,2859,4095,7.556,0.417,-6.062,-0.138,-0.118,0.015,LUCK
4095,2847,624,7.463,0.29,-6.507,-0.111,-0.114,0.004,LUCK
3505,3231,3177,7.348,0.326,-6.546,-0.134,-0.024,-0.024,LUCK
3412,2967,2037,7.331,0.481,-6.196,-0.159,0.027,-0.011,LUCK
3754,2736,1584,7.563,0.517,-5.971,-0.137,-0.06,0.022,LUCK
4075,2929,2110,7.585,0.419,-6.273,-0.093,-0.104,0.023,LUCK
3733,3005,2406,7.525,0.388,-6.448,-0.088,-0.074,-0.004,LUCK
3986,2911,453,7.434,0.484,-6.438,-0.114,-0.02,0.011,LUCK
3805,2559,1888,7.503,0.505,-6.124,-0.123,-0.02,0.044,LUCK
4019,3650,1677,7.561,0.453,-6.251,-0.102,-0.076,0.061,LUCK
3362,2513,630,7.381,0.426,-6.457,-0.102,-0.007,0.047,LUCK
4095,3407,1100,7.422,0.453,-6.476,-0.116,0.042,0.039,LUCK
3249,2961,1070,7.42,0.426,-6.371,-0.105,0.14,0.008,LUCK
4095,2954,287,7.563,0.52,-5.827,-0.104,0.108,-0.018,LUCK
3135,2766,0,7.673,0.646,-5.861,-0.067,-0.106,0.025,LUCK
4095,3255,2112,7.695,0.464,-6.29,-0.022,-0.193,0.047,LUCK
3405,2806,64,7.503,0.321,-6.601,-0.033,-0.113,0.033,LUCK
4095,3463,1476,7.362,0.287,-6.438,-0.087,0.012,0.018,LUCK
3332,3232,3808,7.384,0.316,-6.117,-0.103,0.049,0.017,LUCK
3868,3189,2175,7.355,0.359,-5.95,-0.08,-0.009,0.001,LUCK
3583,2928,955,7.326,0.366,-6.244,-0.042,-0.091,-0.011,LUCK
4095,3454,1419,7.149,0.371,-6.653,-0.049,0.014,-0.02,LUCK
3351,2882,4095,7.271,0.381,-6.39,-0.098,0.125,-0.006,LUCK
3931,2954,0,7.424,0.376,-6.177,-0.107,0.162,-0.01,LUCK
4095,2950,1479,7.535,0.474,-5.914,-0.099,0.125,-0.012,LUCK
3765,3134,2553,7.7,0.503,-5.859,-0.072,-0.015,0.005,LUCK
3868,2864,2640,7.693,0.46,-6.177,-0.042,-0.055,0.01,LUCK
4030,3014,2283,7.616,0.409,-6.347,-0.06,-0.006,0.015,LUCK
3502,2995,3200,7.515,0.376,-6.359,-0.101,0.113,0.011,LUCK
3152,2897,4095,7.554,0.426,-6.014,-0.128,0.184,-0.015,LUCK
3625,2802,0,7.724,0.646,-5.617,-0.11,0.083,-0.01,LUCK
3534,2959,2998,7.894,0.625,-5.839,-0.05,-0.068,0.028,LUCK
3499,2555,872,7.834,0.45,-6.22,-0.028,-0.055,0.024,LUCK
4095,3015,927,7.76,0.445,-6.122,-0.06,0.007,0.004,LUCK
3663,3344,0,7.681,0.476,-6.05,-0.081,0.05,0.011,LUCK
3280,3235,2817,7.664,0.512,-5.988,-0.1,0.067,0.027,LUCK
4095,2650,0,7.755,0.567,-5.71,-0.099,0.026,0.054,LUCK
3999,3513,654,7.843,0.491,-5.873,-0.054,-0.049,0.065,LUCK
3508,2790,208,7.829,0.33,-6.084,-0.042,-0.033,0.01,LUCK
3383,3335,588,7.676,0.51,-6.134,-0.06,0.017,-0.01,LUCK
3773,2933,0,7.652,0.488,-6.074,-0.093,0.086,0.018,LUCK
3791,3264,1077,7.815,0.546,-5.684,-0.117,0.072,0.054,LUCK
3639,3002,1362,7.939,0.539,-5.672,-0.09,-0.046,0.083,LUCK
3983,3280,692,7.925,0.438,-5.909,-0.049,-0.068,0.068,LUCK
3213,2846,2559,7.834,0.421,-6.117,-0.062,-0.018,0.047,LUCK
3617,2795,1813,7.76,0.385,-6.067,-0.105,0.076,0.054,LUCK
4095,2960,1378,7.863,0.393,-5.66,-0.146,0.092,0.054,LUCK
3536,2979,2138,7.989,0.503,-5.399,-0.115,-0.032,0.043,LUCK
3979,2934,2608,7.927,0.486,-5.816,-0.052,-0.126,0.027,LUCK
3822,3116,2325,7.755,0.46,-6.105,-0.046,-0.067,-0.003,LUCK
4095,2000,399,-0.227,3.237,-7.594,-0.271,-1.179,-3.262,LUCK
3487,2780,3456,-1.053,3.371,-7.367,-0.255,-1.389,-3.396,LUCK
4095,2143,2703,-2.186,4.568,-8.183,-0.236,-1.264,-3.125,LUCK
4095,2480,3167,-2.289,4.336,-7.743,-0.293,-1.104,-2.857,LUCK
3735,2466,3042,-2.365,4.626,-7.326,-0.277,-1.244,-2.604,LUCK
3782,2403,839,-2.751,4.863,-7.3,-0.265,-1.469,-2.326,LUCK
3267,2784,0,-3.699,4.702,-7.994,-0.248,-1.543,-2.119,LUCK
3792,2397,1920,-3.979,4.128,-8.248,-0.252,-1.239,-2.045,LUCK
4095,1791,47,-4.185,4.075,-7.348,-0.274,-1.186,-2.167,LUCK
3281,2545,926,-4.209,4.099,-6.859,-0.215,-1.458,-2.28,LUCK
3233,2323,4095,-5.234,4.664,-7.204,-0.128,-1.698,-2.271,LUCK
4095,2195,0,-6.835,5.289,-8.662,-0.032,-1.329,-1.936,LUCK
3332,3060,0,-6.656,4.508,-8.157,-0.053,-0.755,-1.485,LUCK
3571,2079,1485,-5.942,3.591,-7.199,-0.111,-0.613,-1.399,LUCK
4095,2346,1920,-6.218,3.843,-6.656,-0.071,-0.74,-1.525,LUCK
3217,2482,4095,-7.005,4.647,-6.886,0.046,-0.945,-1.277,LUCK
3822,2320,1954,-7.721,4.575,-7.846,0.065,-0.858,-0.73,LUCK
4095,2723,848,-7.331,3.749,-8.164,0.013,-0.356,-0.346,LUCK
3902,2464,4095,-6.531,3.146,-7.128,-0.005,-0.156,-0.317,LUCK
4095,1854,3311,-6.548,3.263,-6.974,0.042,-0.219,-0.36,LUCK
3965,2695,2051,-6.886,3.567,-7.305,0.054,-0.254,-0.128,LUCK
3120,2493,4095,-6.685,3.036,-7.573,-0.002,-0.122,0.147,LUCK
4095,2126,1435,-6.108,2.428,-7.355,-0.067,0.061,0.193,LUCK
4055,2347,520,-5.808,2.545,-6.843,-0.084,0.058,0.116,LUCK
3664,2125,2963,-5.82,2.828,-6.833,-0.071,-0.018,0.184,LUCK
4095,1951,2629,-5.535,2.559,-6.953,-0.057,-0.074,0.16,LUCK
3542,2421,3786,-5.447,2.638,-7.175,-0.088,-0.054,0.112,LUCK
3381,2359,262,-5.389,2.746,-7.123,-0.12,0,0.035,LUCK
3887,2450,0,-5.717,3.268,-7.008,-0.144,0.018,0.112,LUCK
3733,2445,1920,-5.727,3.548,-6.747,-0.146,-0.045,0.375,LUCK
4095,1814,2334,-5.449,2.99,-6.967,-0.145,-0.136,0.532,LUCK
3571,2330,0,-5.126,2.184,-7.149,-0.162,-0.105,0.281,LUCK
2690,2695,4072,-5.485,2.777,-7.013,-0.191,-0.041,-0.09,LUCK
4095,2033,1407,-5.902,3.893,-6.601,-0.167,-0.142,0.006,LUCK
4095,2487,0,-6.093,4.187,-6.668,-0.104,-0.269,0.354,LUCK
3657,2317,2407,-6.541,3.819,-7.099,-0.069,-0.278,0.653,LUCK
4095,2015,3008,-6.366,3.156,-7.803,-0.106,-0.086,0.725,LUCK
3699,2608,3632,-6.012,2.761,-7.417,-0.246,0.154,0.527,LUCK
3939,2325,2341,-5.705,3.417,-6.598,-0.228,0.131,0.287,LUCK
4095,3087,1043,-5.983,4.077,-6.958,-0.136,0.038,0.289,LUCK
3969,2608,4095,-6.239,3.938,-7.616,-0.154,0.186,0.426,LUCK
4095,2343,2928,-5.277,3.46,-7.281,-0.221,0.333,0.39,LUCK
4095,3113,3012,-5.234,4.111,-6.598,-0.188,0.286,0.3,LUCK
2555,3206,4095,-4.982,4.254,-6.723,-0.096,0.11,0.337,LUCK
4095,2353,2339,-4.673,3.982,-7.068,-0.048,0.026,0.323,LUCK
4037,2752,288,-4.695,3.709,-7.628,-0.038,0.171,0.15,LUCK
3495,2453,2815,-4.257,3.651,-7.118,-0.07,0.262,-0.066,LUCK
3887,2148,2615,-4.039,4.017,-6.637,-0.078,0.14,-0.171,LUCK
3763,2704,2331,-4.7,4.489,-6.721,-0.017,-0.018,-0.042,LUCK
3083,2416,1190,-4.523,3.917,-7.108,0.012,-0.087,0.098,LUCK
3929,2240,0,-4.401,3.414,-7.398,-0.005,-0.01,0.015,LUCK
3661,2277,1679,-4.434,3.347,-7.199,-0.017,0.033,-0.179,LUCK
4095,1723,2645,-4.59,3.541,-7.049,-0.046,-0.029,-0.309,LUCK
3871,2368,0,-4.982,4.221,-6.589,-0.048,-0.197,-0.234,LUCK
2667,3084,2992,-5.44,4.408,-7.113,-0.023,-0.357,0.032,LUCK
4065,2373,1799,-5.076,3.847,-7.594,-0.03,-0.227,0.245,LUCK
4095,2816,0,-4.829,3.347,-7.132,-0.012,-0.072,0.164,LUCK
3733,2751,2159,-4.887,3.395,-6.553,0.029,-0.207,-0.015,LUCK
3645,2128,2983,-5.37,3.917,-6.797,0.026,-0.411,0.02,LUCK
3985,2667,3016,-5.476,3.879,-7.403,0.009,-0.375,0.094,LUCK
3305,2558,2293,-5.799,3.572,-7.551,-0.01,-0.162,0.116,LUCK
4095,2446,831,-5.557,3.304,-7.063,-0.009,-0.059,0.048,LUCK
3970,2480,4095,-5.782,3.625,-6.639,-0.005,-0.155,0.011,LUCK
3760,2214,4095,-5.918,3.721,-7.221,-0.007,-0.228,0.126,LUCK
4095,2595,1443,-5.916,3.515,-7.796,-0.109,-0.066,0.239,LUCK
2798,3116,2216,-5.476,3.191,-7.436,-0.198,0.113,0.186,LUCK
4095,2331,3472,-5.365,3.409,-6.795,-0.175,0.132,0.055,LUCK
4095,2539,0,-5.351,3.666,-6.565,-0.127,0.011,-0.011,LUCK
3392,2592,2816,-5.274,3.826,-6.802,-0.08,-0.105,-0.014,LUCK
4057,1936,3455,-5.222,3.764,-7.386,-0.09,-0.046,0.026,LUCK
4071,2736,944,-5.732,3.991,-7.14,-0.133,0.112,0.107,LUCK
3051,2410,808,-5.284,3.881,-6.812,-0.163,0.097,0.221,LUCK
4095,2423,0,-5.2,3.922,-6.833,-0.136,0.022,0.25,LUCK
3824,3120,1456,-4.86,4.087,-7.003,-0.104,-0.071,0.217,LUCK
3925,2973,2363,-5.284,4.094,-7.592,-0.076,-0.017,0.202,LUCK
3974,2202,0,-3.117,4.525,-7.98,-0.115,-0.088,-0.099,LUCK
4039,2105,0,-3.282,4.571,-8.104,-0.162,-0.029,0.075,LUCK
3951,2163,0,-2.835,4.187,-8.028,-0.179,0.007,0.08,LUCK
3803,2105,500,-2.825,4.355,-7.831,-0.149,-0.021,-0.036,LUCK
4046,2128,3259,-2.904,4.556,-7.901,-0.101,-0.095,-0.073,LUCK
4044,2086,3376,-2.957,4.58,-8.052,-0.082,-0.106,-0.058,LUCK
4095,2110,4095,-3.053,4.551,-8.124,-0.082,-0.055,-0.037,LUCK
4048,2156,4095,-2.931,4.329,-8.004,-0.1,-0.011,-0.039,LUCK
4017,2086,4095,-2.801,4.29,-7.841,-0.1,-0.027,-0.1,LUCK
4095,2098,4095,-2.899,4.508,-7.776,-0.081,-0.088,-0.141,LUCK
4095,2131,4095,-3.079,4.712,-7.922,-0.066,-0.139,-0.066,LUCK
4095,2146,4095,-3.062,4.52,-8.054,-0.081,-0.099,0.025,LUCK
4095,2163,4095,-2.954,4.329,-8.033,-0.107,-0.028,0.003,LUCK
4095,2161,4095,-2.835,4.286,-7.836,-0.115,-0.019,-0.071,LUCK
4095,2128,4095,-2.796,4.434,-7.642,-0.075,-0.095,-0.19,LUCK
4095,2122,2781,-3.16,4.803,-7.757,-0.031,-0.195,-0.164,LUCK
4095,2147,3252,-3.376,4.858,-8.191,-0.03,-0.199,-0.007,LUCK
4095,2197,1965,-3.17,4.444,-8.164,-0.067,-0.069,0.076,LUCK
4095,2174,1558,-2.851,4.336,-7.822,-0.067,-0.057,-0.009,LUCK
4095,2064,2200,-2.945,4.556,-7.75,-0.033,-0.118,-0.076,LUCK
3952,2208,1995,-2.94,4.65,-7.75,-0.008,-0.178,-0.069,LUCK
3929,2069,795,-2.981,4.659,-7.896,0.025,-0.235,-0.056,LUCK
4014,2151,1777,-2.892,4.355,-8.095,0.021,-0.146,-0.064,LUCK
4095,2129,2369,-2.722,4.231,-7.721,0.003,-0.106,-0.158,LUCK
3965,2095,1429,-2.626,4.221,-7.561,0.042,-0.209,-0.265,LUCK
4003,2143,2857,-2.636,4.015,-7.791,0.075,-0.257,-0.384,LUCK
4016,2094,3859,-2.801,4.092,-7.738,0.083,-0.288,-0.479,LUCK
3999,2075,4095,-2.928,4.08,-7.836,0.073,-0.278,-0.45,LUCK
4094,2133,4095,-2.583,3.57,-7.568,0.078,-0.298,-0.528,LUCK
4095,2172,4095,-2.346,3.282,-7.333,0.125,-0.425,-0.798,LUCK
4095,2128,4095,-2.614,3.481,-7.367,0.183,-0.599,-1.036,LUCK
4095,2142,4095,-3.338,4.077,-7.784,0.177,-0.71,-1.046,LUCK
4095,2188,4095,-3.938,4.568,-7.887,0.099,-0.666,-0.758,LUCK
4095,2133,4095,-3.938,4.41,-7.537,0.078,-0.683,-0.435,LUCK
4095,2192,4095,-3.903,3.881,-7.475,0.095,-0.74,-0.371,LUCK
4095,2220,3453,-4.408,4.108,-7.309,0.125,-0.857,-0.434,LUCK
4020,2219,880,-5.504,4.8,-7.585,0.18,-0.895,-0.309,LUCK
4062,2147,1579,-6.917,5.375,-8.119,0.183,-0.7,0.208,LUCK
3843,2107,0,-7.606,5.844,-7.779,0.104,-0.539,1.067,LUCK
4053,2133,0,-8.27,5.966,-7.927,0.017,-0.426,2.178,LUCK
3856,2153,0,-8.243,5.753,-7.791,-0.06,-0.275,3.259,LUCK
3975,2144,622,-8.859,6.354,-8.1,-0.17,-0.104,4.43,LUCK
3979,2129,0,-9.704,6.495,-8.693,-0.365,0.322,6.009,LUCK
4095,2167,0,-7.855,4.25,-8.171,-0.588,0.743,6.991,LUCK
3983,2117,0,-4.865,2.638,-7.558,-0.654,0.899,6.773,LUCK
3867,2087,0,-1.358,1.482,-6.838,-0.442,0.985,5.407,LUCK
4045,2113,1392,0.84,2.375,-6.725,-0.066,0.777,3.514,LUCK
4095,2093,3556,0.048,4.168,-7.549,-0.018,0.663,2.456,LUCK
4080,2108,3225,0.424,4.231,-7.317,-0.094,0.588,2.119,LUCK
4095,2063,4095,1.994,2.983,-7.029,-0.068,0.484,1.284,LUCK
4095,2134,4095,1.676,3.682,-7.137,-0.019,0.339,0.31,LUCK
4095,2151,4095,1.178,4.788,-7.087,-0.05,0.188,-0.084,LUCK
4095,2105,4095,1.03,5.325,-6.886,-0.074,-0.002,-0.127,LUCK
4095,2091,4095,0.771,5.55,-7.209,-0.112,-0.121,-0.091,LUCK
4095,2065,4095,0.711,5.461,-7.463,-0.186,-0.075,-0.107,LUCK
4095,2128,4095,1.523,4.604,-7.151,-0.209,-0.033,-0.513,LUCK
4067,2147,4095,1.551,4.671,-6.828,-0.16,-0.131,-1.314,LUCK
4079,2095,2156,0.225,6.266,-7.094,-0.097,-0.297,-1.686,LUCK
4073,2057,1369,-1.185,7.894,-7.58,-0.126,-0.344,-1.27,LUCK
3863,2054,0,-1.645,8.444,-7.638,-0.173,-0.244,-0.364,LUCK
3979,2096,567,-1.475,7.882,-7.654,-0.181,-0.13,0.437,LUCK
3951,2091,0,-0.989,6.986,-7.661,-0.186,-0.04,0.86,LUCK
3937,2090,0,-0.132,5.751,-7.499,-0.169,0.009,0.744,LUCK
4095,2066,0,0.383,5.428,-7.353,-0.092,0.017,0.149,LUCK
3933,2064,0,-0.103,6.306,-7.42,-0.033,-0.001,-0.246,LUCK
3851,2093,0,-0.443,6.737,-7.508,-0.005,0.029,-0.267,LUCK
3967,2096,0,-0.599,6.924,-7.298,-0.02,0.049,-0.066,LUCK
3920,2074,928,-0.472,6.663,-7.233,-0.041,0.037,0.206,LUCK
4095,2129,3436,-0.148,6.086,-7.341,-0.035,0.051,0.28,LUCK
4003,2112,2677,0.204,5.607,-7.286,-0.044,0.061,0.088,LUCK
4095,2079,4095,0.01,6,-7.321,-0.053,0.076,-0.082,LUCK
4095,2066,4095,-0.184,6.397,-7.238,-0.07,0.064,-0.037,LUCK
4095,2055,4095,-0.189,6.503,-7.286,-0.094,0.029,0.141,LUCK
4070,2119,4095,-0.077,6.357,-7.283,-0.108,0.022,0.268,LUCK
4095,2093,4095,0.074,6.177,-7.257,-0.116,0.017,0.312,LUCK
3978,2678,230,7.07,0.187,-6.33,-0.27,-0.096,0.137,LUCK
3785,2670,414,6.917,0.467,-6.833,-0.211,-0.297,0.271,LUCK
3963,2635,1008,6.862,-0.024,-7.132,-0.203,-0.308,0.268,LUCK
3842,2645,400,6.725,-0.259,-7.317,-0.222,-0.179,0.107,LUCK
3993,2540,0,6.534,0.235,-6.965,-0.237,-0.132,-0.059,LUCK
3989,2586,0,6.507,0.702,-6.958,-0.23,-0.209,-0.031,LUCK
3851,2614,0,6.759,0.855,-6.706,-0.155,-0.338,0.066,LUCK
3827,2614,0,6.419,0.881,-7.372,-0.089,-0.419,0.167,LUCK
3952,2587,0,6.273,0.606,-7.58,-0.123,-0.276,0.244,LUCK
3931,2630,0,6.373,0.462,-7.084,-0.154,-0.169,0.219,LUCK
3906,2635,0,6.584,0.936,-7.005,-0.098,-0.319,0.218,LUCK
3923,2558,0,6.534,0.608,-7.321,-0.016,-0.351,0.264,LUCK
3921,2546,0,6.491,0.136,-7.458,-0.008,-0.304,0.181,LUCK
3915,2547,0,6.412,0.017,-7.477,0.005,-0.209,-0.042,LUCK
3937,2672,501,6.23,0.22,-7.283,0.008,-0.151,-0.157,LUCK
3843,2668,733,6.294,0.529,-7.171,0.019,-0.233,-0.108,LUCK
4033,2610,1478,6.414,0.45,-7.247,0.005,-0.31,0.05,LUCK
3851,2587,576,6.486,0.01,-7.422,0.005,-0.271,0.083,LUCK
3872,2651,1360,6.369,-0.108,-7.422,0.018,-0.221,-0.057,LUCK
3871,2662,1136,6.342,0.139,-7.393,0.017,-0.191,-0.15,LUCK
3941,2624,1728,6.323,0.299,-7.3,0.027,-0.218,-0.143,LUCK
3408,2706,1606,6.285,0.373,-7.331,0.047,-0.295,-0.081,LUCK
3235,2704,1632,6.076,0.385,-7.697,0.047,-0.281,-0.02,LUCK
3060,2736,1385,5.909,0.28,-7.906,0.004,-0.166,0.047,LUCK
3147,2801,745,6.043,0.134,-7.539,-0.03,-0.12,0.047,LUCK
3086,2806,0,6.045,0.122,-7.266,0.016,-0.183,-0.047,LUCK
3232,2801,112,6.108,0.256,-7.468,0.093,-0.31,-0.147,LUCK
3053,3173,0,5.514,0.4,-8.183,0.07,-0.218,-0.1,LUCK
2970,3071,0,5.411,0.285,-8.265,-0.102,0.055,0.013,LUCK
2977,2843,0,5.794,0.227,-7.444,-0.226,0.201,0.092,LUCK
3049,3071,79,6.278,0.369,-6.898,-0.153,0.05,0.028,LUCK
3059,3082,0,6.359,0.397,-7.331,0.008,-0.169,-0.067,LUCK
3067,3104,0,5.866,0.462,-7.973,0.045,-0.143,-0.054,LUCK
3155,3035,0,5.808,0.182,-8.021,-0.06,0.056,0.016,LUCK
3248,2541,0,6.246,0.206,-7.3,-0.13,0.135,0.044,LUCK
3381,2559,433,6.342,0.333,-7.197,-0.076,0.026,-0.001,LUCK
3239,2668,752,6.335,0.412,-7.365,0.007,-0.123,-0.009,LUCK
3538,2602,1179,6.122,0.196,-7.707,0.05,-0.129,-0.026,LUCK
3513,2527,720,6.019,0.17,-7.841,0,-0.005,-0.049,LUCK
3561,2736,1159,5.921,0.211,-7.547,-0.068,0.082,-0.017,LUCK
3541,2793,1734,6.27,0.259,-7.161,-0.028,-0.02,-0.003,LUCK
3583,3117,1312,6.175,0.33,-7.377,0.042,-0.14,-0.036,LUCK
3485,2969,1751,6.122,0.208,-7.628,0.074,-0.145,-0.021,LUCK
3526,3004,1594,6.014,-0.029,-8.033,0.011,0.005,-0.04,LUCK
3712,2654,2336,5.875,0.012,-7.721,-0.092,0.183,-0.049,LUCK
3562,2445,955,6.268,0.285,-7.013,-0.119,0.117,-0.046,LUCK
3052,2411,100,6.371,0.476,-7.041,-0.014,-0.068,-0.005,LUCK
3088,2469,657,6.244,0.242,-7.649,0.044,-0.131,0.009,LUCK
3049,2387,0,6.086,0.096,-7.853,-0.015,0.025,-0.001,LUCK
3017,2384,0,6.179,0.22,-7.47,-0.095,0.119,-0.002,LUCK
2863,2356,0,6.428,0.165,-7.207,-0.089,0.09,-0.009,LUCK
3007,2427,98,6.512,0.247,-7.008,-0.026,-0.044,-0.049,LUCK
3006,2419,0,6.211,0.235,-7.594,0.022,-0.087,-0.044,LUCK
3153,2407,0,6.041,0.11,-7.779,-0.041,0.075,-0.025,LUCK
2930,2384,0,6.179,0.12,-7.42,-0.115,0.19,-0.003,LUCK
2902,2759,0,6.455,0.141,-7.027,-0.118,0.145,-0.018,LUCK
2822,2779,0,6.563,0.239,-7.075,-0.039,0.016,-0.059,LUCK
2894,2710,587,6.491,0.06,-7.415,0.011,-0.024,-0.1,LUCK
2759,2915,285,6.383,0.072,-7.506,-0.025,0.07,-0.137,LUCK
2885,2918,879,6.373,0.156,-7.417,-0.082,0.156,-0.103,LUCK
2851,2537,976,6.589,0.225,-6.941,-0.12,0.136,-0.061,LUCK
2830,2432,1522,6.747,0.364,-6.914,-0.083,-0.011,-0.013,LUCK
4095,2363,1842,6.788,0.22,-7.209,-0.041,-0.096,-0.009,LUCK
2215,2633,4095,6.632,0.22,-7.403,-0.055,-0.047,-0.023,LUCK
2834,2362,1442,6.63,0.23,-7.276,-0.098,0.036,-0.012,LUCK
3071,2704,0,6.711,0.342,-7.077,-0.114,0.033,0.004,LUCK
2677,2589,3378,6.716,0.378,-7.015,-0.096,-0.045,0.01,LUCK
3552,2047,1535,6.692,0.347,-7.08,-0.065,-0.092,0.026,LUCK
2480,2496,904,6.637,0.302,-7.278,-0.057,-0.096,0.017,LUCK
2310,2679,3263,6.553,0.194,-7.338,-0.083,-0.03,0.011,LUCK
3099,2261,1351,6.445,0.211,-7.381,-0.134,0.029,0.007,LUCK
3880,3391,0,6.373,0.326,-7.262,-0.167,0.035,-0.001,LUCK
2943,2213,1015,6.476,0.421,-7.02,-0.136,0.003,0.008,LUCK
3792,2610,1510,6.627,0.417,-7.061,-0.084,-0.092,0.036,LUCK
2308,2815,4095,6.555,0.235,-7.336,-0.056,-0.086,0.031,LUCK
4095,2926,0,8.435,-3.065,-4.027,-0.131,-0.049,0.011,LUCK
3007,2043,0,8.231,-2.916,-3.852,-0.153,-0.05,-0.013,LUCK
3766,2252,0,8.37,-2.662,-4.015,-0.107,-0.026,0.005,LUCK
3643,2631,0,8.509,-2.682,-4.07,-0.087,-0.035,0.023,LUCK
3373,2650,560,8.533,-2.923,-4.089,-0.108,-0.023,0.046,LUCK
3262,2401,1506,8.507,-3.115,-4.113,-0.141,0.014,0.051,LUCK
3349,2530,2324,8.437,-3.318,-4.013,-0.204,0.068,0.049,LUCK
3940,2310,447,8.65,-3.405,-3.752,-0.209,0.032,0.066,LUCK
3328,2415,849,8.727,-3.227,-3.642,-0.2,-0.061,0.11,LUCK
2991,2527,3596,8.803,-3.148,-3.84,-0.204,-0.12,0.162,LUCK
4037,2319,2776,8.566,-2.866,-3.962,-0.212,-0.081,0.175,LUCK
3239,2834,624,8.507,-2.811,-4.01,-0.203,-0.056,0.14,LUCK
3277,2788,2056,8.384,-2.878,-4.013,-0.184,-0.057,0.091,LUCK
4018,2416,2256,8.361,-3.036,-4.082,-0.169,-0.091,0.064,LUCK
4095,2445,1092,8.188,-3.053,-4.295,-0.183,-0.099,0.116,LUCK
3522,2594,102,8.456,-3.33,-4.185,-0.201,-0.075,0.104,LUCK
3458,2752,0,8.483,-3.239,-4.101,-0.18,-0.068,-0.023,LUCK
3667,2666,402,8.389,-3.005,-3.991,-0.145,-0.074,-0.108,LUCK
3284,2430,0,8.43,-2.828,-4.001,-0.124,-0.162,-0.08,LUCK
3094,2559,0,8.478,-3.01,-4.12,-0.142,-0.187,-0.01,LUCK
3671,2939,1350,8.435,-3.232,-4.197,-0.187,-0.14,0.04,LUCK
2919,2494,1189,8.294,-3.213,-4.073,-0.211,-0.072,0.017,LUCK
3971,2725,0,8.284,-2.871,-3.847,-0.201,-0.058,-0.026,LUCK
3348,3291,144,8.552,-2.576,-3.929,-0.14,-0.136,-0.007,LUCK
3690,2950,535,8.464,-2.014,-4.209,-0.112,-0.171,0.079,LUCK
4095,2343,127,8.384,-1.448,-4.362,-0.083,-0.102,0.249,LUCK
3344,2965,592,8.657,-3.191,-4.125,-0.09,-0.09,0.111,LUCK
3312,2850,4095,8.346,-3.237,-4.118,-0.033,-0.062,-0.172,LUCK
3977,2609,1012,8.1,-2.837,-4.123,0.013,-0.092,-0.117,LUCK
3405,2832,304,8.435,-3.311,-4.254,-0.051,-0.142,0.093,LUCK
3537,2608,1685,8.492,-3.828,-4.257,-0.126,-0.094,0.125,LUCK
3615,2600,2323,8.253,-3.601,-4.238,-0.197,-0.028,0.131,LUCK
3715,2757,2099,7.973,-3.304,-4.094,-0.241,0.008,0.24,LUCK
3184,3312,1791,8.135,-3.223,-4.061,-0.243,-0.058,0.33,LUCK
3583,2603,839,8.384,-3.146,-4.46,-0.219,-0.11,0.285,LUCK
4095,2690,2226,8.576,-3.168,-4.571,-0.203,-0.098,0.103,LUCK
3850,2422,1410,8.425,-2.734,-4.506,-0.217,-0.091,-0.058,LUCK
3233,2835,144,7.937,-2.243,-4.389,-0.218,-0.055,0.018,LUCK
2943,2927,472,8.248,-2.358,-4.154,-0.131,-0.1,0.104,LUCK
3418,2594,547,8.499,-2.619,-4.245,0.005,-0.143,0.02,LUCK
4095,2768,0,8.389,-2.332,-4.343,0.123,-0.124,-0.128,LUCK
3157,2799,855,8.418,-2.265,-4.226,0.198,-0.114,-0.203,LUCK
3824,2814,0,8.305,-1.918,-4.219,0.244,-0.113,-0.21,LUCK
3486,3037,367,8.291,-1.599,-4.077,0.277,-0.082,-0.042,LUCK
3135,3041,378,8.595,-2.365,-4.274,0.365,-0.182,0.023,LUCK
3792,2523,0,8.44,-3.338,-4.372,0.381,-0.148,-0.139,LUCK
4095,2669,1020,8.095,-3.677,-4.429,0.341,-0.06,-0.303,LUCK
3799,2379,3010,7.954,-3.527,-4.214,0.303,0.006,-0.335,LUCK
3333,2687,23,8.004,-3.215,-4.128,0.269,-0.01,-0.215,LUCK
2931,3150,2048,8.238,-3.227,-4.164,0.207,-0.095,-0.042,LUCK
3714,2640,2375,8.392,-3.364,-4.357,0.163,-0.101,0.031,LUCK
4095,2712,128,8.37,-3.388,-4.259,0.148,-0.023,-0.053,LUCK
3199,2874,1642,8.38,-3.407,-4.178,0.156,0.02,-0.151,LUCK
3506,2269,4095,8.222,-3.405,-4.278,0.125,0.042,-0.196,LUCK
4095,2846,1283,8.009,-3.251,-4.3,0.039,0.066,-0.118,LUCK
3100,3222,1906,8.056,-3.184,-4.178,-0.014,0.087,0.007,LUCK
4095,2098,203,8.351,-3.239,-3.814,0.011,0.062,0.019,LUCK
4095,2671,1305,8.44,-3.019,-3.97,0.076,-0.014,-0.059,LUCK
3696,2212,2626,8.461,-2.593,-4.216,0.102,-0.006,-0.066,LUCK
3504,2359,0,8.294,-3.223,-4.159,0.045,0.068,-0.078,LUCK
3539,2862,112,8.432,-2.983,-3.919,0.014,0.082,-0.034,LUCK
3383,2404,1247,8.519,-3.036,-3.792,0.022,0.039,0.04,LUCK
4095,2226,800,8.535,-3.594,-3.941,0.023,-0.043,0.005,LUCK
2990,2624,1680,8.339,-3.479,-4.228,-0.018,0.006,-0.027,LUCK
2976,2448,0,8.212,-3.199,-4.082,-0.086,0.107,0.012,LUCK
4095,2582,0,8.31,-2.993,-3.828,-0.097,0.122,0.066,LUCK
3003,2832,0,8.341,-2.887,-3.721,-0.045,0.084,0.041,LUCK
3397,2160,54,8.399,-2.914,-3.836,0.023,0.035,0.011,LUCK
4095,2467,1009,8.277,-2.751,-3.967,0.036,0.054,-0.007,LUCK
3246,2423,3905,8.217,-2.916,-4.039,0.021,0.145,0.021,LUCK
3328,2431,772,8.279,-3.089,-3.891,-0.019,0.213,0.006,LUCK
2800,3115,1584,8.327,-3.002,-3.742,-0.027,0.212,0.022,LUCK
3145,2511,2826,8.801,-3.373,-3.455,0.018,0.149,0.019,LUCK
4095,2541,555,9.244,-3.723,-3.34,0.062,0.084,-0.103,LUCK
3839,2795,2102,9.143,-3.579,-3.395,0.043,0.091,-0.181,LUCK
3874,2449,1570,6.529,2.14,-5.104,1.898,-0.723,-5.528,LUCK
3905,2371,1653,6.9,2.957,-5.14,1.569,-0.624,-4.228,LUCK
3905,2357,1991,7.199,3.589,-4.877,1.161,-0.7,-3.148,LUCK
3846,2393,739,6.981,3.915,-5.274,0.829,-0.694,-2.052,LUCK
3882,2384,66,7.721,3.275,-5.133,0.636,-0.597,-1.33,LUCK
4032,2350,437,7.791,2.89,-5.061,0.532,-0.54,-1.089,LUCK
3907,2512,0,8.329,2.406,-4.884,0.556,-0.51,-1.113,LUCK
4014,2559,0,8.08,2.476,-4.693,0.718,-0.577,-1.373,LUCK
3835,2486,0,7.987,2.921,-4.978,0.899,-0.686,-1.549,LUCK
3747,2436,0,7.456,3.433,-5.452,0.94,-0.754,-1.416,LUCK
3820,2471,0,7.264,3.045,-6.043,0.736,-0.758,-1.069,LUCK
3818,2453,0,7.362,2.65,-5.634,0.537,-0.733,-0.909,LUCK
3850,2547,0,7.52,2.579,-5.641,0.469,-0.767,-0.9,LUCK
3714,2559,0,7.549,2.229,-5.997,0.428,-0.75,-0.953,LUCK
3778,2542,1210,7.245,2.385,-5.94,0.368,-0.724,-1.009,LUCK
3889,2544,3071,6.237,3.139,-5.899,0.243,-0.732,-0.749,LUCK
4041,2463,3696,6.931,3.077,-5.756,0.136,-0.873,-0.262,LUCK
3857,2532,3363,7.448,1.997,-6.069,0.148,-1.008,-0.208,LUCK
3920,2438,3728,7.52,1.573,-6.56,0.111,-0.983,-0.511,LUCK
3806,2485,3699,6.989,1.824,-6.304,0.018,-0.904,-0.847,LUCK
3977,2451,3968,6.457,2.634,-5.859,-0.054,-1.062,-0.845,LUCK
3963,2470,3888,6.251,3.007,-6.199,-0.102,-1.296,-0.518,LUCK
3967,2418,3963,6.345,2.761,-6.958,-0.23,-1.336,-0.272,LUCK
3923,2464,4095,6.821,1.954,-6.831,-0.397,-1.228,-0.385,LUCK
4022,2495,3542,6.831,1.968,-5.995,-0.441,-1.229,-0.844,LUCK
3986,2501,3190,6.256,3.019,-5.715,-0.412,-1.494,-1.058,LUCK
3984,2480,3251,6.139,2.981,-5.598,-0.351,-1.864,-1.208,LUCK
3905,2512,2954,6.239,2.339,-5.634,-0.149,-2.241,-1.868,LUCK
3920,2531,2977,4.922,2.897,-6.23,0.081,-2.376,-2.649,LUCK
3959,2499,2834,3.546,3.381,-6.498,0.253,-2.419,-3.149,LUCK
3802,2483,3040,2.492,3.249,-6.668,0.365,-2.393,-3.499,LUCK
3875,2474,2689,0.804,3.531,-6.373,0.484,-2.425,-3.847,LUCK
3869,2491,2811,-0.795,4.276,-6.428,0.581,-2.694,-3.801,LUCK
4031,2496,3125,-2.981,5.066,-8.159,0.61,-2.565,-3.261,LUCK
3871,2462,2896,-4.017,4.503,-8.928,0.435,-2.05,-2.567,LUCK
3952,2463,3234,-2.399,2.224,-8.164,0.297,-1.662,-2.816,LUCK
3954,2512,3546,-4.401,3.788,-6.632,0.407,-1.751,-3.357,LUCK
3842,2479,3471,-5.794,5.124,-7.573,0.526,-2.238,-2.895,LUCK
3920,2419,3410,-6.524,4.733,-9.036,0.51,-2.033,-2.139,LUCK
3994,2502,3648,-6.857,3.733,-10.247,0.321,-1.225,-1.697,LUCK
4078,2413,3693,-5.832,3.079,-8.856,0.126,-0.629,-1.668,LUCK
3885,2423,3408,-5.047,3.218,-7.199,0.217,-0.699,-1.928,LUCK
3871,2444,3874,-5.732,4.204,-7.913,0.401,-1.009,-1.682,LUCK
3825,2501,4047,-6.256,4.056,-9.048,0.322,-0.924,-1.109,LUCK
3952,2496,3936,-6.294,4.058,-9.294,0.16,-0.506,-0.538,LUCK
3931,2480,3607,-5.375,3.304,-8.49,0.091,-0.242,-0.232,LUCK
3891,2487,3425,-4.841,2.818,-7.903,0.123,-0.339,-0.216,LUCK
3969,2486,3386,-5.198,2.732,-8.404,0.184,-0.408,-0.288,LUCK
3906,2466,3041,-5.557,2.952,-8.911,0.138,-0.249,-0.237,LUCK
3950,2482,3277,-5.595,3.053,-8.734,0.052,-0.006,-0.009,LUCK
3910,2430,3171,-4.681,2.251,-8.001,0.058,0.083,0.014,LUCK
4022,2419,3184,-4.286,2.215,-7.743,0.155,-0.077,-0.265,LUCK
3895,2417,2955,-5.078,3.021,-8.351,0.209,-0.132,-0.225,LUCK
3826,2445,3016,-5.346,2.933,-8.76,0.134,0.02,0.118,LUCK
3927,2443,3010,-4.934,2.349,-8.334,0.014,0.16,0.4,LUCK
3903,2429,2803,-4.578,1.961,-8.009,-0.016,0.161,0.406,LUCK
3969,2454,3159,-4.547,2.033,-8.009,-0.008,0.095,0.325,LUCK
3994,2509,3463,-4.817,2.227,-8.253,0.005,0.078,0.31,LUCK
3927,2466,3196,-5.052,2.416,-8.772,-0.062,0.188,0.434,LUCK
3932,2485,2480,-5.145,2.478,-8.827,-0.231,0.415,0.644,LUCK
3943,2593,1397,-4.477,2.418,-8.104,-0.322,0.468,0.792,LUCK
3899,2543,1386,-3.8,2.107,-8.092,-0.293,0.383,0.716,LUCK
3737,2494,1891,-3.582,2.418,-7.97,-0.263,0.305,0.53,LUCK
3897,2416,2863,-3.838,2.959,-8.258,-0.262,0.285,0.545,LUCK
3837,2499,2363,-3.931,3.239,-8.215,-0.28,0.372,0.745,LUCK
3743,2542,2331,-3.213,2.741,-7.922,-0.33,0.339,0.845,LUCK
3793,2527,1938,-2.808,2.696,-7.702,-0.297,0.168,0.675,LUCK
3973,2512,974,-2.859,3.043,-7.875,-0.253,-0.059,0.503,LUCK
4077,2505,3376,-3.105,3.45,-8.423,-0.215,-0.096,0.527,LUCK
3952,2608,0,-2.94,3.021,-8.777,-0.258,0.135,0.424,LUCK
3804,2638,193,-2.552,3.077,-8.025,-0.367,0.183,0.185,LUCK
3964,2827,0,-3.057,3.917,-7.752,-0.337,0.076,0.102,LUCK
3867,2868,0,-2.863,4.31,-7.7,-0.252,-0.161,0.281,LUCK
3888,2789,0,-2.957,3.982,-8.545,-0.166,-0.195,0.437,LUCK
3885,2759,0,-3.017,3.311,-8.89,-0.205,0.077,0.239,LUCK
3824,2595,0,9.256,-3.903,-1.7,-0.037,0.067,-0.081,LUCK
3979,2543,0,9.385,-4.166,-1.968,-0.031,-0.05,-0.132,LUCK
3842,2832,0,9.079,-3.895,-2.157,-0.029,-0.025,-0.243,LUCK
3984,2814,245,8.988,-3.78,-2.145,-0.051,0.039,-0.179,LUCK
3913,2761,1448,9.086,-3.984,-1.815,-0.069,0.075,-0.085,LUCK
3903,2730,1824,9.357,-4.216,-1.693,-0.09,-0.064,-0.066,LUCK
3789,2859,1767,9.158,-3.996,-1.97,-0.098,-0.158,-0.11,LUCK
3847,2876,2646,8.902,-3.776,-2.382,-0.116,-0.104,-0.051,LUCK
3841,2559,3343,8.899,-3.915,-2.239,-0.155,-0.027,0.033,LUCK
4095,2711,2559,8.854,-4.02,-2.076,-0.18,-0.042,0.068,LUCK
4015,2800,3744,8.643,-3.804,-2.148,-0.18,-0.097,0.092,LUCK
3894,3108,3659,8.574,-3.687,-2.461,-0.176,-0.114,0.124,LUCK
4027,3044,3611,8.526,-3.646,-2.686,-0.177,-0.038,0.149,LUCK
3957,3001,2208,8.746,-3.84,-2.626,-0.195,0.014,0.112,LUCK
3905,2992,592,8.674,-3.596,-2.614,-0.181,0.024,0.025,LUCK
3933,2705,235,8.672,-3.33,-2.478,-0.14,-0.016,0.043,LUCK
3883,2805,0,8.734,-3.4,-2.698,-0.103,-0.047,0.112,LUCK
3874,2817,0,8.794,-3.596,-2.95,-0.102,-0.018,0.123,LUCK
3975,2843,0,8.837,-3.639,-2.895,-0.119,0.033,0.09,LUCK
3882,3051,0,8.839,-3.575,-2.713,-0.122,0.032,0.069,LUCK
3874,2803,0,8.923,-3.546,-2.598,-0.107,-0.019,0.095,LUCK
3844,2676,0,8.978,-3.689,-2.682,-0.093,-0.075,0.107,LUCK
3885,2653,0,8.957,-3.812,-2.77,-0.092,-0.073,0.065,LUCK
3825,2673,0,8.849,-3.797,-2.703,-0.098,-0.048,0.015,LUCK
3792,2660,87,8.861,-3.804,-2.361,-0.093,-0.068,0.001,LUCK
3877,2603,1424,8.961,-3.85,-2.286,-0.078,-0.139,-0.022,LUCK
3774,2704,1664,8.894,-3.828,-2.392,-0.06,-0.187,-0.042,LUCK
3907,2531,1999,8.827,-3.91,-2.705,-0.072,-0.17,-0.068,LUCK
3790,2554,2382,8.727,-3.699,-2.528,-0.074,-0.115,-0.074,LUCK
4095,3057,2903,8.78,-3.73,-2.48,-0.081,-0.113,-0.059,LUCK
4002,2768,2464,8.739,-3.627,-2.27,-0.061,-0.14,-0.07,LUCK
3999,2480,3453,8.859,-3.62,-2.176,-0.039,-0.267,-0.039,LUCK
3334,3168,2591,8.938,-3.903,-2.851,-0.012,-0.304,-0.087,LUCK
4095,2726,1605,8.552,-3.941,-3.203,-0.029,-0.103,-0.207,LUCK
4095,2814,0,8.384,-3.419,-2.389,-0.084,-0.03,-0.12,LUCK
3987,2733,2031,8.6,-3.555,-2.14,-0.066,-0.159,0.068,LUCK
4095,2136,4095,8.799,-3.847,-2.516,-0.033,-0.27,0.08,LUCK
3472,2559,0,8.54,-3.938,-3.043,-0.036,-0.187,0.022,LUCK
3137,2913,2171,8.329,-3.792,-3.093,-0.081,0.007,-0.033,LUCK
4064,2209,995,8.346,-3.472,-2.512,-0.109,0.076,0.028,LUCK
4095,3388,0,8.631,-3.46,-2.186,-0.079,-0.015,0.097,LUCK
3170,2337,2624,8.813,-3.62,-2.471,-0.017,-0.107,0.074,LUCK
4095,2078,0,8.744,-3.74,-3.036,-0.018,-0.051,0.011,LUCK
3010,2928,2136,8.679,-3.618,-2.902,-0.064,0.094,-0.013,LUCK
3456,2509,249,8.823,-3.515,-2.488,-0.079,0.145,0.026,LUCK
4010,2627,0,9.014,-3.431,-2.133,-0.051,0.056,0.079,LUCK
3795,2597,2096,9.244,-3.579,-2.224,-0.009,-0.102,0.1,LUCK
4095,2117,2515,9.129,-3.742,-2.749,0.015,-0.127,0.076,LUCK
3943,2801,287,9.002,-3.936,-2.804,-0.019,-0.038,0.033,LUCK
2810,3125,2443,8.875,-3.812,-2.531,-0.048,-0.002,0.023,LUCK
4095,2653,2319,8.815,-3.737,-2.219,-0.046,-0.055,0.085,LUCK
4095,3918,0,8.823,-3.697,-2.131,-0.021,-0.176,0.167,LUCK
3713,2832,2529,8.887,-3.989,-2.722,-0.006,-0.234,0.162,LUCK
4095,2181,2559,8.66,-4.082,-2.974,-0.029,-0.105,0.063,LUCK
3835,3568,1976,8.464,-3.862,-2.674,-0.065,-0.04,0.03,LUCK
3529,3070,2559,8.459,-3.804,-2.509,-0.057,-0.027,0.064,LUCK
4095,3094,0,8.535,-3.883,-2.394,-0.047,-0.063,0.088,LUCK
3787,3262,1881,8.645,-3.879,-2.593,-0.034,-0.096,0.086,LUCK
3608,2727,3407,8.633,-3.958,-2.761,-0.041,-0.038,0.067,LUCK
3712,3136,0,8.686,-4.061,-2.643,-0.068,0.036,0.022,LUCK
2855,3627,1608,8.727,-3.807,-2.286,-0.068,0.025,0.005,LUCK
4006,3024,1259,8.882,-3.804,-2.15,-0.048,-0.085,0.036,LUCK
4095,3054,768,8.969,-3.824,-2.478,-0.017,-0.18,0.063,LUCK
2967,2943,2517,8.887,-4.037,-2.995,-0.024,-0.1,0.009,LUCK
3157,2895,175,8.665,-3.828,-2.715,-0.063,-0.007,-0.019,LUCK
3451,3149,352,8.636,-3.74,-2.339,-0.079,-0.041,0.037,LUCK
3157,2614,511,8.792,-3.84,-2.38,-0.037,-0.12,0.073,LUCK
3716,2386,0,8.72,-3.847,-2.598,-0.019,-0.144,0.072,LUCK
3803,2495,2610,8.641,-3.95,-2.799,-0.034,-0.086,0.082,LUCK
3791,2205,4095,8.645,-4.104,-2.741,-0.061,-0.01,0.054,LUCK
4009,2647,1386,8.538,-4.015,-2.392,-0.077,-0.018,0.055,LUCK
3324,3060,3648,8.66,-3.996,-2.251,-0.067,-0.099,0.099,LUCK
4095,2559,4095,8.734,-4.096,-2.456,-0.047,-0.166,0.123,LUCK
4095,3014,740,8.689,-4.211,-2.816,-0.061,-0.132,0.093,LUCK
3231,3719,4095,8.638,-4.211,-2.828,-0.098,-0.03,0.034,LUCK
4095,2976,2430,4.123,1.544,-8.636,-0.033,-0.025,-0.06,LUCK
3716,2526,3275,4.125,1.753,-8.562,-0.035,0.002,-0.059,LUCK
3377,2371,2168,4.231,1.805,-8.521,-0.022,-0.017,-0.006,LUCK
3806,2390,0,4.302,1.674,-8.485,-0.016,-0.033,0.018,LUCK
3245,2621,1295,4.317,1.59,-8.504,-0.009,-0.065,0.007,LUCK
4095,2589,0,4.274,1.554,-8.612,-0.011,-0.048,-0.028,LUCK
4017,2657,0,4.338,1.82,-8.282,-0.016,-0.082,-0.005,LUCK
3456,2509,0,4.379,1.788,-8.523,0.013,-0.165,0.072,LUCK
3727,2559,1339,4.329,1.484,-8.854,0.005,-0.112,0.061,LUCK
3349,2475,0,4.24,1.396,-8.669,-0.04,-0.022,-0.001,LUCK
3191,2765,2783,4.171,1.556,-8.499,-0.058,0.006,-0.019,LUCK
3342,2275,0,4.228,1.669,-8.301,-0.067,-0.048,0.039,LUCK
4095,2795,306,4.31,1.496,-8.471,-0.045,-0.131,0.071,LUCK
3598,2448,376,4.233,1.338,-8.624,-0.034,-0.147,0.023,LUCK
4095,2878,1908,4.049,1.458,-8.71,-0.053,-0.118,-0.014,LUCK
3302,2379,2879,4.106,1.561,-8.66,-0.079,-0.085,0.027,LUCK
4032,2656,790,4.149,1.508,-8.547,-0.09,-0.086,0.05,LUCK
3885,2788,2378,4.068,1.563,-8.38,-0.079,-0.137,0.04,LUCK
3803,2414,2896,4.001,1.575,-8.622,-0.043,-0.207,0.016,LUCK
3951,2510,2704,3.871,1.537,-8.904,-0.052,-0.162,-0.01,LUCK
3866,2549,2838,3.778,1.697,-8.784,-0.097,-0.081,0.01,LUCK
3839,2291,2912,3.807,1.745,-8.49,-0.11,-0.076,0.041,LUCK
4062,2415,2064,3.843,1.717,-8.545,-0.079,-0.136,0.029,LUCK
4095,2702,991,3.757,1.733,-8.753,-0.058,-0.127,-0.023,LUCK
3266,2195,1771,3.73,1.827,-8.83,-0.071,-0.084,-0.034,LUCK
4095,2550,0,3.831,1.882,-8.863,-0.093,0.003,-0.016,LUCK
3246,2598,3448,3.931,1.887,-8.672,-0.098,0.047,0.013,LUCK
3911,2422,0,4.111,1.697,-8.459,-0.072,0.01,0.008,LUCK
3984,2508,1320,4.08,1.724,-8.504,-0.039,-0.048,-0.038,LUCK
4095,2486,0,3.938,1.872,-8.744,-0.034,-0.064,-0.01,LUCK
3899,2533,1167,3.898,1.815,-8.885,-0.049,0.002,0.044,LUCK
3640,2298,0,3.883,1.738,-8.696,-0.066,0.079,0.05,LUCK
3621,2512,2077,3.788,1.915,-8.574,-0.068,0.101,0.078,LUCK
3643,2456,0,3.682,2.253,-8.569,-0.053,0.096,0.193,LUCK
3994,2743,1302,3.871,2.097,-8.76,-0.031,0.078,0.351,LUCK
3809,2487,557,4.175,1.408,-9.026,-0.022,0.178,0.329,LUCK
4095,3015,2356,4.482,0.994,-8.732,-0.028,0.296,0.082,LUCK
3491,2709,2239,4.276,1.384,-8.241,-0.027,0.292,-0.113,LUCK
4095,2912,868,4.468,1.894,-7.922,0.008,0.079,-0.033,LUCK
4028,3352,2933,4.563,1.544,-8.416,0.07,-0.047,0.078,LUCK
3262,2668,2276,4.58,1.221,-8.724,0.055,-0.015,0.028,LUCK
4031,2737,1535,4.436,1.312,-8.619,-0.012,0.086,-0.034,LUCK
3115,2991,2811,4.413,1.444,-8.21,-0.035,0.103,-0.02,LUCK
4095,2665,1744,4.693,1.463,-8.088,-0.02,-0.05,-0.005,LUCK
3127,2543,1446,4.628,1.477,-8.48,0.008,-0.118,0.001,LUCK
4095,2926,2444,4.542,1.365,-8.715,-0.021,-0.032,-0.015,LUCK
3131,2384,2416,4.494,1.47,-8.559,-0.055,0.051,-0.031,LUCK
4095,3163,417,4.381,1.618,-8.303,-0.066,0.073,-0.013,LUCK
3335,2746,2208,4.645,1.781,-7.954,-0.038,-0.056,0.056,LUCK
4031,3057,0,4.69,1.721,-8.26,0.039,-0.245,0.092,LUCK
3339,2736,1798,4.561,1.415,-9.021,0.053,-0.159,0.047,LUCK
3633,2913,0,4.544,1.348,-8.772,-0.019,0.018,-0.035,LUCK
3139,2541,319,4.42,1.492,-8.315,-0.041,0.073,-0.056,LUCK
3511,3200,0,4.547,1.616,-8.064,-0.029,-0.031,0.001,LUCK
3758,3472,686,4.568,1.417,-8.444,0.009,-0.139,0.043,LUCK
3361,2911,0,4.518,1.238,-8.665,-0.003,-0.086,-0.006,LUCK
3702,2950,2688,4.453,1.326,-8.464,-0.035,-0.038,-0.023,LUCK
4095,2448,396,4.451,1.295,-8.44,-0.046,-0.026,-0.014,LUCK
4095,2918,1419,4.542,1.427,-8.121,-0.046,-0.118,-0.003,LUCK
3891,2741,2944,4.451,1.353,-8.495,-0.021,-0.188,0.007,LUCK
4030,2928,576,4.334,1.322,-8.775,-0.047,-0.116,-0.023,LUCK
3344,2935,2303,4.322,1.403,-8.581,-0.08,-0.03,-0.027,LUCK
3455,2447,1812,4.415,1.48,-8.322,-0.083,-0.037,-0.011,LUCK
4095,3429,1941,4.439,1.499,-8.301,-0.05,-0.129,0.014,LUCK
3314,2253,2170,4.424,1.329,-8.715,-0.029,-0.136,-0.015,LUCK
3938,2820,2369,4.281,1.401,-8.736,-0.064,-0.036,-0.032,LUCK
3701,2480,409,4.396,1.422,-8.543,-0.094,0.031,-0.016,LUCK
4095,2704,1595,4.401,1.511,-8.298,-0.082,0.022,-0.02,LUCK
3313,2256,423,4.511,1.575,-8.253,-0.043,-0.104,0.001,LUCK
4095,2809,618,4.417,1.358,-8.61,-0.007,-0.115,-0.026,LUCK
3383,2320,767,4.357,1.384,-8.753,-0.039,-0.035,-0.068,LUCK
4095,2655,400,4.42,1.535,-8.416,-0.056,0,-0.05,LUCK
3377,2365,2156,4.372,1.563,-8.315,-0.037,-0.034,-0.01,LUCK
4011,2534,0,4.551,1.46,-8.435,-0.023,-0.102,0.013,LUCK
3415,2399,813,4.508,1.355,-8.576,-0.009,-0.102,-0.014,LUCK
3056,2557,2215,1.918,2.241,9.957,-0.102,0.011,-0.051,LUCK
3883,2599,1406,1.879,2.418,10.123,-0.088,-0.029,-0.042,LUCK
3115,2691,1743,1.856,2.411,10.089,-0.08,-0.065,-0.011,LUCK
4095,2878,2000,1.896,2.282,9.998,-0.083,-0.036,-0.014,LUCK
3670,2463,860,1.911,2.32,10.008,-0.09,-0.01,-0.049,LUCK
4095,2930,1734,1.968,2.447,10.08,-0.068,-0.068,-0.04,LUCK
3232,2532,4095,1.899,2.43,9.946,-0.039,-0.111,-0.009,LUCK
4095,2353,0,1.891,2.274,10.003,-0.007,-0.122,-0.031,LUCK
3335,2507,2831,1.815,2.277,9.85,0.016,-0.12,-0.079,LUCK
4095,2495,1627,1.788,2.255,9.754,0.01,-0.057,-0.092,LUCK
3430,2639,2743,1.949,2.21,9.831,0.002,-0.05,-0.099,LUCK
3479,2318,271,2.018,2.215,9.749,0.01,-0.107,-0.102,LUCK
4095,2749,1615,1.994,2.181,9.529,0.018,-0.152,-0.09,LUCK
3824,2460,0,1.913,2.121,9.316,0.009,-0.111,-0.112,LUCK
3641,2583,496,1.875,2.126,9.254,-0.027,-0.031,-0.155,LUCK
3873,2515,0,1.877,2.382,9.421,-0.035,-0.015,-0.187,LUCK
3723,2736,1818,1.781,2.581,9.455,-0.031,-0.055,-0.175,LUCK
3381,2384,768,1.683,2.969,9.498,-0.06,-0.045,-0.12,LUCK
4019,2651,392,1.805,3.395,9.656,-0.126,0.034,-0.012,LUCK
3232,2663,1195,2.102,3.555,10.185,-0.111,0.058,0.064,LUCK
4095,2493,204,2.184,3.675,10.47,-0.074,-0.021,0.094,LUCK
4095,3302,0,2.057,3.637,10.532,-0.01,-0.047,0.157,LUCK
2919,2177,1922,2.224,3.318,10.683,0.029,-0.051,0.167,LUCK
4095,2869,1846,2.251,3.105,10.599,0.027,-0.061,0.169,LUCK
3459,2256,1198,2.313,2.971,10.527,0.011,-0.075,0.183,LUCK
4095,2751,3279,2.327,2.782,10.388,-0.014,-0.117,0.229,LUCK
3618,2315,1928,2.361,2.512,10.281,-0.033,-0.165,0.253,LUCK
4095,2853,1469,2.365,2.284,10.144,-0.022,-0.2,0.219,LUCK
3178,2356,2913,2.157,2.2,9.804,-0.029,-0.216,0.195,LUCK
4095,2652,2260,2.004,2.155,9.637,-0.064,-0.193,0.201,LUCK
3472,2633,2880,1.939,2.093,9.594,-0.082,-0.202,0.209,LUCK
4095,2594,367,1.913,1.958,9.57,-0.066,-0.218,0.171,LUCK
3202,2692,3140,1.8,1.946,9.479,-0.028,-0.228,0.089,LUCK
3733,2445,0,1.626,1.982,9.256,0.005,-0.184,0.01,LUCK
3919,2764,1872,1.437,2.073,9.251,-0.011,-0.092,-0.018,LUCK
3671,2815,26,1.468,2.155,9.333,-0.056,-0.033,0.011,LUCK
3577,2478,864,1.638,2.253,9.455,-0.072,-0.03,0.039,LUCK
3737,2629,0,1.798,2.315,9.515,-0.062,-0.005,0.033,LUCK
3699,2723,87,1.93,2.397,9.713,-0.035,0.038,-0.008,LUCK
3358,2531,0,1.968,2.658,9.74,-0.028,0.09,-0.023,LUCK
4095,2931,629,2.138,3.208,10.099,-0.085,0.127,0.069,LUCK
3046,2810,3344,2.471,3.62,10.508,-0.116,0.035,0.272,LUCK
4095,2614,0,2.768,3.572,10.743,-0.068,-0.108,0.451,LUCK
4095,2969,2916,3.093,3.287,10.949,0.063,-0.194,0.419,LUCK
3212,2548,336,3.194,3.347,11.116,0.241,-0.262,0.258,LUCK
4095,2524,3232,3.187,3.546,11.1,0.386,-0.377,0.198,LUCK
3499,2381,903,3.215,3.515,11.061,0.491,-0.539,0.236,LUCK
4095,2713,3441,3.16,3.34,10.726,0.589,-0.695,0.279,LUCK
3183,2527,898,3.112,3.199,10.388,0.642,-0.746,0.267,LUCK
4095,2783,1265,3.117,3.414,10.269,0.622,-0.747,0.3,LUCK
4087,2559,2064,3.261,3.493,10.319,0.614,-0.825,0.397,LUCK
4095,3009,1095,3.452,3.27,10.305,0.693,-0.935,0.405,LUCK
3397,2389,2452,3.522,3.124,9.974,0.799,-1.056,0.348,LUCK
4051,2746,1168,3.227,2.969,9.378,0.822,-1.062,0.309,LUCK
3301,2730,1299,3.151,2.763,9.048,0.768,-0.941,0.254,LUCK
3313,2512,0,3.189,2.722,8.904,0.658,-0.864,0.239,LUCK
4095,2896,0,3.335,2.605,8.617,0.567,-0.833,0.249,LUCK
3071,2704,1571,3.4,2.533,8.308,0.489,-0.807,0.249,LUCK
4095,2505,1109,3.361,2.397,7.831,0.36,-0.658,0.218,LUCK
3395,2559,0,3.419,2.557,7.784,0.195,-0.462,0.167,LUCK
4095,2942,1695,3.587,2.808,7.855,0.038,-0.339,0.193,LUCK
3085,2176,1062,3.862,2.849,7.977,-0.045,-0.279,0.197,LUCK
4095,3088,487,3.948,2.974,7.97,-0.094,-0.245,0.166,LUCK
3128,2608,1995,3.936,3.136,7.968,-0.15,-0.184,0.154,LUCK
4095,2633,0,4.015,3.273,8.064,-0.218,-0.128,0.194,LUCK
3403,2463,2992,4.238,3.134,8.183,-0.241,-0.093,0.197,LUCK
3804,2721,0,4.391,3.141,8.425,-0.218,-0.092,0.12,LUCK
3287,2559,2135,4.444,3.352,8.425,-0.187,-0.146,0.086,LUCK
3696,2880,1696,4.499,3.476,8.464,-0.169,-0.162,0.105,LUCK
3982,3228,2509,4.714,3.445,8.547,-0.193,-0.129,0.141,LUCK
3664,2595,1435,4.932,3.462,8.82,-0.18,-0.168,0.141,LUCK
3670,2867,2702,4.942,3.505,8.825,-0.137,-0.251,0.139,LUCK
4095,2532,462,5.059,3.517,8.871,-0.096,-0.363,0.13,LUCK
4095,2915,1583,5.119,3.493,8.729,-0.068,-0.505,0.144,LUCK
3247,2381,2213,4.872,3.436,8.475,-0.048,-0.489,0.153,LUCK
3327,3121,1360,4.501,-2.073,-8.124,-0.043,-0.232,0.032,LUCK
3648,2943,2431,4.46,-1.748,-8.305,-0.035,-0.333,0.057,LUCK
3883,2990,2258,3.529,-1.52,-9.002,0.05,-0.177,0.222,LUCK
3867,2239,2644,4.137,-2.004,-8.052,0.05,-0.039,0.373,LUCK
4095,2268,2139,4.609,-2.337,-7.384,0.014,-0.258,0.36,LUCK
3574,2772,32,4.444,-2.093,-8.071,0.072,-0.496,0.304,LUCK
2477,3233,3904,3.735,-2.136,-9.249,0.156,-0.427,0.4,LUCK
4095,2636,1456,3.417,-2.897,-9.467,0.152,-0.047,0.442,LUCK
4095,2867,2431,4.099,-3.637,-8.526,-0.027,0.174,0.162,LUCK
3423,2443,949,4.808,-3.539,-7.81,-0.2,0.022,-0.276,LUCK
4095,3536,2267,3.977,-2.27,-8.389,-0.189,-0.129,-0.421,LUCK
3447,3739,2880,3.503,-1.863,-8.636,-0.145,-0.045,-0.12,LUCK
3742,2633,1158,3.864,-2.377,-8.258,-0.075,0.043,0.074,LUCK
4058,2731,0,4.63,-2.674,-7.621,-0.061,-0.082,-0.009,LUCK
3487,2857,3435,4.29,-2.186,-8.006,-0.041,-0.258,-0.105,LUCK
4095,2390,4095,3.735,-1.817,-8.827,-0.016,-0.192,0.041,LUCK
3873,2766,743,3.543,-2.16,-9.038,0.016,0.051,0.203,LUCK
2725,3166,1232,4.128,-2.763,-8.207,-0.044,0.242,0.156,LUCK
4095,2469,1447,4.559,-2.806,-7.793,-0.092,0.079,-0.055,LUCK
4095,4042,0,4.111,-2.172,-8.447,-0.083,0.018,-0.174,LUCK
3822,2840,767,3.735,-1.997,-8.863,-0.094,0.157,0.019,LUCK
3645,2745,0,4.008,-2.459,-8.825,-0.091,0.348,0.13,LUCK
3775,3039,533,4.676,-2.641,-7.606,-0.114,0.373,0.018,LUCK
3844,3001,0,5.205,-2.265,-7.321,-0.107,0.062,-0.114,LUCK
3957,2986,0,4.537,-1.678,-8.059,-0.052,-0.112,-0.043,LUCK
3914,2963,0,4.202,-1.748,-8.734,-0.023,-0.022,0.213,LUCK
3712,2994,0,4.398,-2.387,-8.835,-0.023,0.165,0.33,LUCK
3842,3071,0,4.925,-3.105,-8.353,-0.088,0.277,0.14,LUCK
3797,2999,0,5.358,-3.014,-7.676,-0.187,0.102,-0.165,LUCK
3868,2990,0,4.894,-2.203,-8.126,-0.181,-0.034,-0.303,LUCK
3731,2960,511,4.623,-1.717,-8.394,-0.132,-0.023,-0.146,LUCK
3547,2926,247,4.527,-1.856,-8.526,-0.092,0.056,0.062,LUCK
3764,2915,1089,5.066,-2.172,-7.779,-0.092,0.052,0.105,LUCK
3785,2870,1243,5.14,-1.968,-7.661,-0.082,-0.151,0.084,LUCK
3888,2934,1264,4.606,-1.64,-8.229,-0.018,-0.208,0.189,LUCK
3779,2811,1216,4.772,-1.901,-7.762,0.01,-0.252,0.326,LUCK
3787,2848,1904,4.803,-1.918,-7.784,0.06,-0.387,0.372,LUCK
3715,2859,1738,4.492,-1.98,-8.483,0.136,-0.436,0.453,LUCK
3742,2861,1648,4.087,-2.485,-9.146,0.164,-0.218,0.468,LUCK
3795,2821,1451,4.345,-3.405,-8.89,0.053,0.08,0.233,LUCK
3889,2691,1221,4.448,-3.206,-8.114,-0.126,0.144,-0.127,LUCK
3611,2601,667,4.254,-2.504,-7.865,-0.24,0.031,-0.28,LUCK
3697,2417,407,3.924,-1.753,-8.193,-0.201,0,-0.168,LUCK
3790,2402,696,3.903,-1.899,-8.399,-0.148,0.099,0.082,LUCK
3762,2368,301,4.295,-2.543,-8.147,-0.14,0.198,0.088,LUCK
3798,2448,0,4.652,-2.665,-7.671,-0.172,0.158,-0.11,LUCK
3805,2385,177,4.695,-2.243,-7.841,-0.182,0.015,-0.308,LUCK
3706,2357,0,4.032,-1.532,-8.497,-0.182,0.064,-0.216,LUCK
3664,2399,0,4.116,-1.762,-8.674,-0.187,0.247,0.062,LUCK
3751,2357,0,4.736,-2.488,-8.124,-0.182,0.363,0.092,LUCK
3749,2412,0,5.193,-2.452,-7.673,-0.17,0.217,-0.108,LUCK
3873,2356,644,5.136,-2.097,-7.812,-0.124,0.072,-0.222,LUCK
3726,2368,537,4.793,-1.662,-8.298,-0.078,0.033,-0.161,LUCK
3840,2315,1159,4.673,-1.64,-8.543,-0.069,0.136,0.049,LUCK
3798,2386,1215,5.071,-2.112,-8.195,-0.095,0.229,0.152,LUCK
3876,2416,1344,5.578,-2.356,-7.76,-0.109,0.129,0.033,LUCK
3904,2349,1124,5.329,-2.002,-7.896,-0.071,0.012,-0.088,LUCK
3887,2398,1589,5.112,-1.769,-8.186,-0.037,-0.03,-0.061,LUCK
3785,2367,1273,4.937,-1.781,-8.519,-0.011,0.066,0.026,LUCK
3756,2419,803,5.157,-2.1,-8.138,-0.022,0.163,0.066,LUCK
3863,2359,1437,5.511,-2.255,-7.652,-0.057,0.062,0.021,LUCK
3877,2386,907,5.552,-2.16,-7.745,-0.046,-0.079,-0.046,LUCK
3824,2377,528,5.308,-1.958,-8.102,-0.027,-0.139,-0.044,LUCK
3775,2384,266,5.028,-2.025,-8.411,-0.014,-0.066,0.016,LUCK
3735,2375,433,5.136,-2.301,-8.078,-0.034,0.006,0.013,LUCK
3754,2410,497,5.21,-2.286,-7.827,-0.049,-0.032,-0.046,LUCK
3655,2384,11,5.138,-2.095,-7.803,-0.053,-0.124,-0.061,LUCK
3641,2352,522,4.932,-1.985,-8.162,-0.034,-0.137,-0.018,LUCK
3770,2389,0,4.831,-2.14,-8.207,-0.02,-0.055,0.029,LUCK
3744,2304,58,4.98,-2.375,-8.045,-0.037,0.003,0.004,LUCK
3810,2416,0,5.057,-2.27,-7.817,-0.042,-0.036,-0.062,LUCK
3795,2322,71,4.942,-2.076,-7.865,-0.046,-0.082,-0.044,LUCK
3750,2353,355,4.901,-2.033,-7.937,-0.037,-0.089,0.028,LUCK
3843,2365,508,4.863,-2.136,-8.059,-0.026,-0.072,0.075,LUCK
3792,2387,958,4.891,-2.263,-7.922,-0.032,-0.043,0.07,LUCK
3771,2356,1968,0.958,-8.806,-3.649,-0.042,-0.123,0.056,LUCK
3870,2351,934,0.828,-8.909,-3.809,-0.033,-0.031,0.056,LUCK
3753,2379,1328,0.848,-9.024,-3.661,-0.049,0.028,0.046,LUCK
3778,2333,2397,1.065,-9.131,-3.397,-0.071,0.023,0.038,LUCK
3743,2366,2224,1.128,-9.131,-3.275,-0.077,-0.062,0.03,LUCK
3710,2348,1744,0.958,-9.045,-3.527,-0.064,-0.103,0.041,LUCK
3849,2368,2704,0.91,-9.084,-3.668,-0.069,-0.083,0.054,LUCK
3731,2338,2109,0.883,-9.139,-3.663,-0.076,-0.042,0.022,LUCK
3706,2348,1751,0.819,-9.048,-3.534,-0.098,-0.028,-0.011,LUCK
3853,2358,2166,0.85,-8.921,-3.457,-0.101,-0.033,-0.037,LUCK
3787,2298,1206,0.965,-8.744,-3.242,-0.084,-0.05,-0.05,LUCK
3750,2198,750,0.953,-8.657,-3.414,-0.051,-0.114,-0.025,LUCK
3728,2320,929,0.771,-8.715,-3.589,-0.028,-0.089,0.044,LUCK
3740,2352,720,0.888,-9.002,-3.536,-0.028,-0.059,0.058,LUCK
3856,2391,1654,0.857,-9.081,-3.467,-0.048,-0.055,0.018,LUCK
3991,2321,145,0.883,-9.002,-3.405,-0.056,-0.037,-0.008,LUCK
3856,2304,116,1.034,-9.019,-3.292,-0.054,-0.093,-0.013,LUCK
3843,2337,0,0.936,-8.921,-3.596,-0.033,-0.097,-0.023,LUCK
3767,2353,254,0.824,-8.916,-3.632,-0.025,-0.031,-0.017,LUCK
3838,2397,383,0.84,-8.99,-3.603,-0.023,0.02,0.006,LUCK
3811,2327,1178,0.907,-9.06,-3.378,-0.026,0.048,0.014,LUCK
3881,2320,865,1.022,-9.048,-3.292,-0.035,-0.018,0.018,LUCK
3760,2319,1559,0.919,-9.026,-3.546,-0.017,-0.011,0.03,LUCK
3888,2316,2117,0.857,-9.141,-3.663,-0.026,0.056,0.041,LUCK
3553,2348,1831,0.709,-9.218,-3.771,-0.058,0.164,0.011,LUCK
3801,2320,2639,0.84,-9.175,-3.438,-0.122,0.233,-0.036,LUCK
3965,2355,3109,1.018,-8.93,-3.237,-0.151,0.196,-0.053,LUCK
3910,2332,3804,1.156,-8.76,-3.043,-0.131,0.098,-0.008,LUCK
3815,2347,2922,1.164,-8.708,-3.23,-0.07,0.02,0.087,LUCK
3844,2288,2443,1.264,-8.947,-3.259,-0.013,-0.027,0.131,LUCK
3743,2322,2030,1.214,-9.151,-3.539,-0.032,-0.056,0.122,LUCK
3792,2332,697,1.18,-9.299,-3.598,-0.091,-0.029,0.078,LUCK
3920,2333,1104,1.178,-9.361,-3.414,-0.121,-0.024,-0.033,LUCK
3949,2358,1382,1.085,-9.096,-3.376,-0.122,-0.082,-0.11,LUCK
3969,2353,742,0.907,-8.839,-3.452,-0.097,-0.098,-0.083,LUCK
3728,2359,0,0.917,-8.78,-3.622,-0.095,-0.091,-0.009,LUCK
3719,2352,0,0.886,-8.923,-3.704,-0.092,-0.029,0.016,LUCK
3920,2343,456,0.958,-9.031,-3.553,-0.098,0.026,-0.012,LUCK
3849,2303,0,1.159,-8.954,-3.268,-0.086,-0.009,-0.061,LUCK
3728,2339,334,1.231,-8.705,-3.256,-0.051,-0.101,-0.059,LUCK
3773,2337,1283,1.125,-8.622,-3.543,-0.014,-0.14,0.039,LUCK
3638,2319,930,1.338,-8.928,-3.294,-0.022,-0.155,0.127,LUCK
3751,2339,1069,1.575,-9.055,-3.112,-0.059,-0.282,0.09,LUCK
3741,2288,1318,1.523,-9.014,-3.211,-0.079,-0.425,0.05,LUCK
3796,2305,1702,1.353,-8.923,-3.302,-0.05,-0.514,0.023,LUCK
3862,2352,1174,1.12,-8.811,-3.704,-0.016,-0.516,0.007,LUCK
3845,2391,1981,0.735,-8.787,-3.804,-0.008,-0.422,0.043,LUCK
3824,2342,2867,0.606,-9.005,-3.915,-0.02,-0.317,0.039,LUCK
3936,2377,2125,0.582,-9.155,-3.747,-0.063,-0.191,0.045,LUCK
3877,2320,1707,0.668,-9.263,-3.713,-0.076,-0.184,-0.003,LUCK
3943,2352,1093,0.5,-9.215,-3.745,-0.066,-0.084,-0.053,LUCK
3905,2355,1023,0.634,-9.182,-3.436,-0.079,-0.064,-0.047,LUCK
3831,2322,432,0.546,-9.064,-3.431,-0.062,-0.073,-0.035,LUCK
3804,2381,789,0.84,-8.971,-3.292,-0.069,-0.131,0.034,LUCK
3893,2384,639,0.946,-8.985,-3.393,-0.054,-0.181,0.084,LUCK
3786,2355,701,0.737,-9.084,-4.099,-0.052,-0.107,0.088,LUCK
3887,2339,816,0.68,-9.285,-3.915,-0.068,0.091,0.011,LUCK
3776,2323,302,1.094,-9.201,-3.122,-0.123,0.059,-0.059,LUCK
3650,2277,0,1.29,-8.957,-3.017,-0.108,-0.123,-0.109,LUCK
3795,2361,165,0.795,-8.624,-3.716,-0.051,-0.18,-0.037,LUCK
3755,2311,112,0.759,-8.868,-3.814,-0.038,-0.067,0.088,LUCK
3729,2352,649,0.955,-9.194,-3.785,-0.054,0.003,0.055,LUCK
3776,2307,252,0.953,-9.187,-3.433,-0.096,0.013,-0.028,LUCK
3806,2288,912,1.006,-8.899,-3.225,-0.101,-0.091,-0.081,LUCK
3728,2320,787,0.893,-8.681,-3.479,-0.069,-0.175,-0.036,LUCK
3904,2305,1021,0.709,-8.741,-3.847,-0.023,-0.115,0.044,LUCK
3785,2334,745,0.658,-9.052,-3.773,-0.04,0.009,0.072,LUCK
4058,2331,1905,1.092,-9.124,-3.33,-0.084,-0.006,0.019,LUCK
3763,2347,1311,1.219,-8.851,-3.146,-0.084,-0.135,-0.022,LUCK
3824,2352,885,0.955,-8.715,-3.577,-0.049,-0.185,0.058,LUCK
3901,2379,2166,0.816,-9.043,-4.111,-0.006,-0.084,0.072,LUCK
3893,2347,1329,0.752,-9.237,-3.79,-0.032,0.06,0.014,LUCK
3809,2301,859,1.331,-9.199,-2.959,-0.102,-0.038,-0.064,LUCK
3774,2399,775,1.044,-8.763,-3.318,-0.084,-0.226,-0.075,LUCK
3822,2401,1012,0.577,-8.662,-3.986,-0.043,-0.185,0.079,LUCK
3583,2470,2,5.495,7.939,-1.832,0.003,-0.043,0.007,LUCK
3773,2511,0,5.49,7.8,-1.932,-0.018,-0.013,0.078,LUCK
3791,2551,0,5.66,7.628,-1.841,-0.032,0.026,0.044,LUCK
3692,2525,0,5.818,7.815,-1.767,-0.031,-0.012,-0.001,LUCK
3731,2485,0,5.758,7.853,-1.961,-0.018,-0.055,0.026,LUCK
3696,2512,0,5.669,7.731,-2.093,-0.05,-0.012,0.095,LUCK
3711,2538,0,5.777,7.582,-1.944,-0.05,0.026,0.072,LUCK
3935,2608,394,5.701,7.695,-1.82,-0.048,0.036,0.016,LUCK
3940,2551,1568,5.701,7.87,-1.686,-0.05,-0.026,0.04,LUCK
3898,2583,2478,5.732,7.87,-1.839,-0.055,-0.099,0.103,LUCK
3948,2608,2765,5.782,7.815,-2.083,-0.053,-0.082,0.133,LUCK
3782,2607,4095,5.844,7.693,-2.037,-0.036,-0.005,0.099,LUCK
3890,2647,4095,5.983,7.606,-1.853,-0.006,0.038,-0.019,LUCK
3883,2646,4095,5.928,7.853,-1.774,0.018,0.003,-0.099,LUCK
3919,2653,4095,5.763,8.011,-1.894,0.027,-0.069,-0.042,LUCK
4007,2631,4095,5.725,7.779,-2.093,0.038,-0.08,0.015,LUCK
3891,2640,4095,5.634,7.647,-2.279,0.018,0.003,0.012,LUCK
3874,2603,4095,5.667,7.599,-2.157,0.003,0.086,-0.017,LUCK
3930,2733,4095,5.674,7.611,-1.97,-0.007,0.096,-0.053,LUCK
3834,2661,3525,5.626,7.839,-1.903,-0.022,0.025,-0.044,LUCK
3810,2551,1440,5.519,8.104,-2.028,-0.032,0.013,0.068,LUCK
3757,2557,1837,5.782,7.815,-2.124,-0.031,0.066,0.14,LUCK
3766,2682,765,5.966,7.547,-2.162,-0.008,0.157,0.062,LUCK
3910,2590,0,6.043,7.599,-1.812,-0.001,0.181,-0.044,LUCK
3834,2592,0,6.134,7.853,-1.556,0.02,-0.008,-0.067,LUCK
3826,2559,0,5.849,8.064,-2.069,0.018,-0.115,0.073,LUCK
3696,2583,0,5.849,7.745,-2.241,-0.001,-0.07,0.199,LUCK
3792,2672,0,6.088,7.302,-2.176,-0.016,0.032,0.163,LUCK
3765,2558,0,6.146,7.365,-1.966,-0.013,0.097,0.014,LUCK
3781,2619,1392,6.029,7.755,-1.92,-0.017,0.053,-0.023,LUCK
3805,2672,1265,5.902,7.791,-1.99,-0.03,0.023,0.092,LUCK
3905,2622,2993,6.036,7.477,-1.98,-0.042,0.019,0.157,LUCK
3824,2655,4083,6.014,7.309,-2.114,-0.066,0.059,0.143,LUCK
3761,2528,4095,6.148,7.288,-1.942,-0.067,0.09,0.096,LUCK
3922,2610,4095,6.191,7.286,-1.803,-0.062,0.022,0.031,LUCK
3945,2639,4095,6.055,7.456,-1.867,-0.068,-0.041,0.023,LUCK
4080,2559,4095,6.05,7.472,-1.829,-0.082,-0.094,0.069,LUCK
3824,2596,4095,6.012,7.381,-1.956,-0.092,-0.123,0.086,LUCK
4043,2559,4095,5.854,7.307,-1.999,-0.092,-0.088,0.058,LUCK
3841,2534,4095,5.792,7.338,-1.887,-0.11,-0.034,0.025,LUCK
4037,2618,3132,5.799,7.365,-1.743,-0.119,-0.032,0.004,LUCK
4014,2615,2007,5.83,7.42,-1.719,-0.114,-0.078,0.005,LUCK
4030,2645,1569,5.899,7.439,-1.779,-0.12,-0.146,0.022,LUCK
3972,2649,312,5.717,7.496,-2.136,-0.164,-0.116,0.096,LUCK
3799,2660,0,5.734,7.412,-2.097,-0.225,0.006,0.163,LUCK
3854,2911,0,5.971,7.441,-1.731,-0.276,0.053,0.147,LUCK
3708,2522,0,6.23,7.57,-1.319,-0.28,-0.003,0.109,LUCK
3863,2485,0,6.273,7.982,-1.396,-0.255,-0.199,0.134,LUCK
3867,2530,0,6.165,8.109,-1.839,-0.235,-0.248,0.245,LUCK
3801,2464,0,6.005,7.812,-2.016,-0.243,-0.075,0.315,LUCK
3711,2461,473,6.385,7.321,-1.551,-0.214,0.129,0.103,LUCK
3808,2465,1034,6.467,7.853,-0.946,-0.168,0.081,-0.127,LUCK
3867,2412,2263,6.309,8.456,-1.058,-0.09,-0.168,-0.097,LUCK
3745,3133,2753,6.242,8.294,-1.511,-0.067,-0.324,0.071,LUCK
4095,3123,3990,6.167,7.762,-1.748,-0.044,-0.257,0.129,LUCK
4025,2813,3383,6.304,7.453,-1.683,-0.017,-0.134,-0.012,LUCK
3904,2927,4095,6.273,7.666,-1.556,-0.034,-0.145,-0.117,LUCK
4095,2927,4030,6.141,7.755,-1.494,-0.06,-0.226,-0.067,LUCK
4079,2888,3665,5.686,7.757,-1.978,-0.114,-0.252,0.068,LUCK
4085,2978,4095,5.734,7.506,-1.824,-0.115,-0.132,0.092,LUCK
4095,3071,3131,5.76,7.329,-1.516,-0.085,-0.043,0.009,LUCK
3937,3011,1503,5.911,7.621,-1.022,-0.029,-0.167,-0.088,LUCK
4039,2986,2608,5.827,7.903,-1.415,0.006,-0.433,-0.071,LUCK
3893,2863,384,5.368,7.647,-1.98,-0.013,-0.45,0.041,LUCK
3986,2961,447,5.373,7.489,-2.114,-0.033,-0.309,0.067,LUCK
3930,2871,83,5.322,7.154,-1.935,-0.022,-0.124,-0.074,LUCK
3807,2831,0,5.526,7.456,-1.693,0.026,-0.079,-0.247,LUCK
3809,2817,0,5.353,7.865,-1.87,0.026,-0.115,-0.222,LUCK
3811,2876,0,5.131,8.009,-2.332,-0.074,-0.107,-0.013,LUCK
3844,2787,0,5.394,7.736,-2.296,-0.165,0.032,0.164,LUCK
3841,2823,0,5.923,7.477,-1.937,-0.165,0.106,0.133,LUCK
3902,2782,0,6.208,7.611,-1.607,-0.124,0.011,-0.034,LUCK
3927,2833,434,5.957,8.073,-1.832,-0.096,-0.1,-0.051,LUCK
3745,2875,418,5.885,8.061,-1.975,-0.075,-0.095,0.029,LUCK
3870,2861,618,5.753,7.884,-1.903,-0.023,-0.008,0.04,LUCK
4039,2887,1408,4.978,-3.584,-6.464,-1.206,-1.077,-1.15,LUCK
3950,2799,822,4.195,-2.643,-6.278,-1.275,-1.189,-1.308,LUCK
3834,2853,951,4.017,-2.454,-5.739,-1.376,-1.222,-1.5,LUCK
3891,2859,1271,3.78,-1.968,-5.174,-1.365,-1.271,-1.914,LUCK
3918,2797,2448,2.945,-0.857,-4.906,-1.243,-1.379,-2.184,LUCK
4074,2752,2235,2.04,0.146,-5.124,-1.092,-1.502,-2.16,LUCK
3970,2799,1802,1.298,0.603,-5.339,-0.881,-1.548,-2.015,LUCK
3922,2800,2270,0.778,0.062,-5.76,-0.718,-1.652,-1.755,LUCK
3801,2785,1534,0.026,-0.824,-6.826,-0.65,-1.873,-1.544,LUCK
3779,2767,931,-1.58,-0.855,-8.423,-0.566,-2.044,-1.523,LUCK
3965,2758,1186,-3.067,-1.288,-9.172,-0.404,-1.825,-1.699,LUCK
3835,2869,999,-2.703,-2.014,-9.239,-0.294,-1.591,-2.07,LUCK
3984,2847,1041,-3.349,-0.769,-10.534,-0.377,-1.397,-2.072,LUCK
3874,2842,983,-4.59,0.302,-11.629,-0.402,-1.066,-1.537,LUCK
4095,2843,1391,-5.126,0.098,-11.598,-0.404,-0.526,-0.684,LUCK
3986,2864,386,-2.952,-2.447,-10.3,-0.515,-0.228,-0.415,LUCK
3856,2787,158,-2.377,-2.77,-10.934,-0.616,-0.265,-0.987,LUCK
3968,2871,144,-3.005,-0.857,-11.224,-0.682,-0.122,-1.189,LUCK
3999,2862,143,-3.235,0.244,-11.653,-0.636,0.169,-0.756,LUCK
3879,2878,58,-1.961,-0.144,-11.609,-0.58,0.531,-0.302,LUCK
3856,2907,0,-0.402,-0.723,-10.961,-0.557,0.583,-0.129,LUCK
3967,2839,0,0.318,-0.589,-10.4,-0.454,0.44,-0.238,LUCK
3907,2772,0,0.273,0.091,-10.566,-0.363,0.337,-0.268,LUCK
3820,2796,0,-0.043,0.273,-11.454,-0.221,0.454,-0.098,LUCK
3917,2800,0,0.034,-0.072,-11.516,-0.184,0.679,0.282,LUCK
3885,2842,0,1.664,-1.147,-9.981,-0.19,0.648,0.437,LUCK
3856,2845,0,2.406,-1.772,-9.517,-0.124,0.313,0.03,LUCK
3889,2789,189,1.528,-0.692,-10.628,-0.061,0.149,-0.349,LUCK
3923,2960,281,0.862,-0.045,-11.1,-0.026,0.32,-0.248,LUCK
3814,2810,478,1.259,-0.053,-10.25,-0.006,0.471,0.024,LUCK
3824,2782,862,2.071,-0.393,-9.392,-0.02,0.276,0.038,LUCK
4095,2793,1747,1.666,-0.081,-9.867,-0.034,0.036,-0.049,LUCK
3984,2773,1403,0.994,0.278,-10.381,0.025,0.116,-0.062,LUCK
4063,2858,2065,1.092,0.16,-9.957,0.048,0.244,-0.053,LUCK
3998,2829,1990,1.492,0.005,-9.301,0.098,0.218,-0.078,LUCK
4062,2745,2186,1.331,-0.156,-9.045,0.101,0.085,-0.013,LUCK
4095,2771,1719,1.367,-0.302,-9.045,0.037,-0.042,0.108,LUCK
3993,2847,1121,1.262,-0.443,-9.433,0.016,0.027,0.158,LUCK
4095,2821,1023,1.417,-0.907,-9.316,-0.026,0.133,0.09,LUCK
3824,2807,0,1.697,-0.843,-8.686,-0.096,0.115,-0.026,LUCK
3885,2743,442,1.302,-0.419,-8.593,-0.163,0.031,-0.058,LUCK
3749,2783,0,2.061,-0.582,-13.635,-0.308,-0.394,-0.085,LUCK
3895,2809,0,-0.563,1.374,-12.924,0.035,-0.112,-0.341,LUCK
3953,2770,0,2.71,0.479,-8.238,0.109,0.299,-0.042,LUCK
3930,2741,0,1.346,-0.45,-8.408,0.038,-0.11,0.106,LUCK
3984,2781,0,1.094,-0.524,-9.72,0.031,-0.206,-0.148,LUCK
3953,2768,0,0.587,-0.096,-10.345,-0.031,-0.065,-0.19,LUCK
3871,2717,0,0.718,-0.33,-9.881,-0.091,0.066,-0.077,LUCK
4031,2747,117,1.118,-0.479,-9.431,-0.148,0.063,-0.043,LUCK
3952,2640,99,1.355,-0.383,-9.014,-0.201,-0.112,-0.126,LUCK
4050,2603,951,0.982,0.113,-9.534,-0.196,-0.227,-0.195,LUCK
4083,2544,1232,0.68,0.362,-9.898,-0.198,-0.17,-0.17,LUCK
3888,2608,1766,0.56,0.611,-10.041,-0.201,0.016,-0.153,LUCK
4095,2644,2381,0.898,0.532,-9.565,-0.148,0.179,-0.173,LUCK
4095,2608,3579,1.367,0.62,-8.732,-0.112,0.056,-0.246,LUCK
4095,2645,3223,1.135,0.955,-9.05,-0.059,-0.173,-0.247,LUCK
3979,2601,2920,0.761,1.087,-9.541,0.023,-0.205,-0.116,LUCK
4095,2549,3001,0.795,0.5,-9.72,0.071,-0.118,0.011,LUCK
4004,2549,1962,1.413,-0.182,-9.534,0.054,-0.076,-0.127,LUCK
3775,2497,1198,0.891,0.017,-9.608,0.045,-0.031,-0.361,LUCK
3995,2585,1018,0.615,0.278,-9.548,0.046,0.043,-0.38,LUCK
4069,2613,977,0.888,0.223,-9.452,0.061,0.054,-0.237,LUCK
4015,2559,0,1.123,0.002,-9.287,0.055,0.006,-0.103,LUCK
3948,2606,0,1.286,-0.065,-9.33,0.027,-0.082,-0.043,LUCK
3966,2599,0,1.14,-0.026,-9.936,0.035,-0.047,-0.035,LUCK
3952,2638,0,1.226,-0.17,-10.041,0.048,0.136,-0.007,LUCK
4074,2619,0,1.575,-0.455,-9.601,0.062,0.226,-0.072,LUCK
3955,2624,0,1.477,-0.321,-9.33,0.024,0.204,-0.212,LUCK
3932,2673,0,1.437,0.182,-9.055,-0.092,0.054,-0.233,LUCK
4078,2677,0,1.188,0.491,-9.412,-0.048,-0.044,-0.143,LUCK
3982,2675,0,1.247,0.306,-9.538,0.037,-0.048,0.005,LUCK
4095,2638,1031,1.386,-0.139,-9.658,0.046,-0.015,0.07,LUCK
3950,2640,1412,1.293,-0.45,-9.663,0.015,0.043,-0.052,LUCK
3909,2614,2335,1.429,-0.261,-9.464,0.005,0.073,-0.204,LUCK
3917,2630,3054,1.559,-0.158,-9.316,-0.001,0.006,-0.213,LUCK
4095,3462,4095,3.199,-0.098,-9.392,0.156,-0.131,0.12,LUCK
4095,3354,4095,3.34,-0.472,-8.782,0.133,-0.09,0.07,LUCK
4095,3351,4095,3.488,-0.436,-8.413,0.085,-0.29,-0.023,LUCK
3991,2656,3414,2.988,-0.283,-8.993,0.135,-0.525,0.014,LUCK
4095,3195,2855,2.449,-0.443,-10.005,0.152,-0.392,0.136,LUCK
3994,3166,1631,2.234,-1.037,-9.91,0.104,-0.023,0.15,LUCK
3984,3194,640,2.569,-1.216,-9.112,0.022,0.18,-0.016,LUCK
4061,3195,0,2.825,-0.788,-8.461,-0.016,0.042,-0.12,LUCK
4062,3135,0,2.945,-0.285,-8.916,0.027,-0.172,-0.029,LUCK
4065,3109,0,2.538,-0.596,-9.773,0.049,-0.066,0.135,LUCK
3950,3036,0,2.832,-1.125,-9.529,0.026,0.172,0.115,LUCK
3958,2733,0,3.294,-1.144,-8.856,-0.002,0.23,-0.057,LUCK
4015,2605,0,3.294,-0.654,-8.605,-0.017,0.083,-0.11,LUCK
4001,2559,0,3.208,-0.278,-8.947,-0.008,-0.06,0.035,LUCK
4048,2622,1124,3.141,-0.639,-9.531,0.008,-0.027,0.209,LUCK
4038,2629,2592,3.424,-1.12,-9.416,-0.017,0.136,0.187,LUCK
4050,2618,2496,3.819,-1.238,-8.83,-0.05,0.146,0.012,LUCK
3933,2559,4095,3.608,-0.754,-8.684,-0.061,0.017,-0.104,LUCK
4095,2557,4095,3.438,-0.345,-8.849,-0.035,-0.127,-0.031,LUCK
4095,2529,4095,3.294,-0.479,-9.282,-0.018,-0.12,0.129,LUCK
4095,2458,4095,3.498,-0.989,-9.234,-0.021,-0.032,0.143,LUCK
4095,2529,4095,3.575,-1.037,-8.916,-0.022,-0.031,0.013,LUCK
4095,2623,4095,3.426,-0.792,-8.784,-0.015,-0.126,-0.083,LUCK
4095,2793,4095,3.029,-0.527,-9.112,-0.017,-0.194,-0.014,LUCK
4095,2770,3111,2.95,-0.749,-9.349,-0.027,-0.13,0.102,LUCK
4095,2830,2672,3.127,-1.113,-9.096,-0.043,-0.031,0.088,LUCK
4009,3047,1523,3.359,-1.132,-8.653,-0.057,-0.1,-0.01,LUCK
4095,3026,694,3.388,-0.804,-8.703,-0.039,-0.303,-0.068,LUCK
3974,2713,0,2.971,-0.63,-9.404,-0.019,-0.357,-0.01,LUCK
4081,2591,0,2.758,-0.86,-9.78,-0.01,-0.13,0.054,LUCK
3920,2559,0,3.045,-1.353,-9.131,-0.046,0.046,-0.037,LUCK
4016,2545,0,3.168,-1.018,-8.65,-0.072,-0.064,-0.176,LUCK
3963,2558,0,2.784,-0.481,-8.856,-0.068,-0.201,-0.097,LUCK
3969,2534,0,2.844,-0.493,-9.388,-0.054,-0.236,0.098,LUCK
3855,2512,213,2.761,-1.097,-9.723,-0.048,-0.055,0.136,LUCK
3935,2559,1258,3,-1.453,-9.268,-0.09,0.083,-0.01,LUCK
4095,2538,3344,2.993,-1.08,-8.77,-0.106,0.043,-0.185,LUCK
3953,2493,2480,2.71,-0.433,-8.95,-0.102,-0.067,-0.135,LUCK
4083,2491,4095,2.593,-0.362,-9.263,-0.088,-0.066,0.089,LUCK
4010,2558,4095,2.863,-0.886,-9.354,-0.091,0.05,0.189,LUCK
4095,2607,4095,3.194,-1.257,-9.041,-0.111,0.105,0.064,LUCK
4095,3105,4095,3.275,-0.97,-8.794,-0.118,0.022,-0.107,LUCK
4095,2882,4095,3.048,-0.486,-8.985,-0.097,-0.05,-0.097,LUCK
4095,2704,4095,3.072,-0.512,-9.225,-0.096,-0.042,0.052,LUCK
4095,2667,4095,3.139,-0.953,-9.562,-0.115,0.088,0.114,LUCK
4095,2675,3258,3.517,-1.228,-8.969,-0.144,0.19,-0.02,LUCK
4095,2771,3114,3.531,-0.828,-8.717,-0.145,0.087,-0.163,LUCK
4095,2869,1100,3.311,-0.359,-8.854,-0.13,-0.032,-0.156,LUCK
3991,2816,127,3.263,-0.259,-9.036,-0.114,-0.09,0.007,LUCK
4035,2797,129,3.326,-0.606,-9.309,-0.125,-0.054,0.134,LUCK
3895,2621,0,3.491,-0.941,-9.213,-0.137,0.036,0.074,LUCK
3942,2737,0,3.479,-0.79,-8.99,-0.144,0.048,-0.054,LUCK
3967,2695,0,3.546,-0.479,-8.598,-0.125,-0.052,-0.095,LUCK
3945,2843,0,3.486,-0.158,-8.823,-0.111,-0.196,-0.006,LUCK
3946,2815,0,3.448,-0.285,-9.208,-0.09,-0.229,0.123,LUCK
3888,2847,0,3.438,-0.529,-9.448,-0.087,-0.138,0.126,LUCK
4085,2695,1123,3.431,-0.661,-9.041,-0.102,-0.061,0.005,LUCK
4095,2711,2282,3.285,-0.223,-8.78,-0.103,-0.15,-0.044,LUCK
4095,2707,2192,3.151,0.057,-8.746,-0.097,-0.275,0.067,LUCK
4095,2718,3796,2.966,-0.079,-9.469,-0.072,-0.304,0.22,LUCK
4095,2717,4095,2.871,-0.596,-9.57,-0.089,-0.07,0.222,LUCK
4095,2559,4095,3.44,-0.764,-8.471,-0.158,-0.055,0.031,LUCK
4095,2449,4095,3.668,-0.187,-8.176,-0.131,-0.376,-0.102,LUCK
4095,2455,4095,3.333,0.39,-8.918,-0.043,-0.639,-0.024,LUCK
4095,2432,4095,2.219,0.043,-10.453,0.012,-0.374,0.193,LUCK
4095,2416,4095,2.658,-0.778,-9.579,-0.019,0.037,0.188,LUCK
4051,2450,2823,2.725,-1.034,-8.806,-0.062,0.075,-0.014,LUCK
4095,2442,3296,2.746,-0.438,-8.389,-0.051,-0.152,-0.147,LUCK
3971,2399,1531,2.502,0.043,-9.115,0.028,-0.335,-0.037,LUCK
4042,2383,887,1.832,-0.192,-10.542,0.059,-0.097,0.232,LUCK
3952,2400,60,2.083,-1.18,-9.843,0.017,0.347,0.28,LUCK
3929,2407,283,3.117,-1.405,-8.162,-0.065,0.343,-0.038,LUCK
3984,2460,0,3.359,-0.464,-8.241,-0.035,-0.062,-0.289,LUCK
3952,2508,0,2.835,0.359,-9.388,0.052,-0.241,-0.129,LUCK
4095,2559,0,2.758,-0.127,-10.178,0.083,0.08,0.149,LUCK
