flex1,flex2,flex3,ax,ay,az,gx,gy,gz,label
3929,1986,4095,8.935,-0.522,-2.851,0.033,0.104,0.065,POINT
3827,1937,3533,9.505,-0.946,-2.198,-0.038,0.281,0.136,POINT
3906,1918,3279,10.027,-1.041,-1.659,-0.027,0.139,0.063,POINT
3901,1967,3232,10.226,-0.888,-1.731,0.023,-0.204,-0.041,POINT
3938,1974,2800,9.558,-0.63,-2.468,0.047,-0.241,-0.032,POINT
3663,1954,1386,9.483,-0.692,-2.318,-0.021,-0.076,0.11,POINT
3883,1967,2441,9.826,-0.915,-1.848,-0.06,-0.04,0.156,POINT
3824,1963,1360,10.07,-1.037,-1.669,-0.039,-0.171,0.092,POINT
3806,1907,1709,9.979,-0.879,-1.879,0.019,-0.352,0.017,POINT
3933,1923,1091,9.594,-0.776,-2.473,0.019,-0.319,0.042,POINT
3893,1926,2217,9.44,-0.958,-2.55,-0.055,-0.06,0.051,POINT
3986,1967,2893,9.548,-0.97,-2.152,-0.081,0.063,-0.015,POINT
3940,1949,3575,9.483,-0.687,-2.023,-0.071,0.007,-0.019,POINT
4055,1950,2976,9.503,-0.642,-2.263,-0.056,-0.097,0.02,POINT
4095,1948,4095,9.407,-0.73,-2.485,-0.066,-0.06,0.049,POINT
4048,1958,4095,9.5,-0.821,-2.375,-0.077,-0.003,0.031,POINT
4032,2023,4095,9.412,-0.771,-2.284,-0.063,0.051,0.018,POINT
3939,1969,4095,9.538,-0.697,-2.052,-0.064,0.015,0.03,POINT
4095,2007,4095,9.685,-0.666,-1.98,-0.047,-0.104,0.057,POINT
3930,1974,4095,9.637,-0.742,-2.277,-0.027,-0.144,0.074,POINT
4095,1991,4095,9.507,-0.85,-2.377,-0.029,-0.026,0.06,POINT
3980,1991,4095,9.675,-0.946,-2.071,-0.038,0.057,0.006,POINT
3981,1997,4033,9.708,-0.773,-1.932,-0.03,0.001,-0.036,POINT
3871,2006,3517,9.72,-0.702,-1.992,-0.027,-0.099,-0.005,POINT
3830,1951,2844,9.694,-0.824,-2.236,-0.021,-0.112,0.015,POINT
3815,1919,1625,9.538,-0.852,-2.37,-0.034,0.001,0.008,POINT
3959,2031,2427,9.56,-0.946,-2.152,-0.057,0.097,0.012,POINT
3812,2023,1527,9.615,-0.881,-1.958,-0.064,0.055,0.023,POINT
3945,1971,1716,9.79,-0.895,-1.961,-0.058,-0.076,0.042,POINT
4032,1959,927,9.644,-0.857,-2.236,-0.055,-0.111,0.067,POINT
3991,1956,1839,9.644,-0.967,-2.186,-0.081,-0.025,0.061,POINT
4074,1967,2864,9.653,-0.922,-2.035,-0.086,0.033,0.026,POINT
3900,2022,2805,9.692,-0.781,-1.875,-0.078,-0.021,0.006,POINT
4095,1998,3179,9.728,-0.773,-1.97,-0.064,-0.12,0.034,POINT
3946,1985,3895,9.658,-0.821,-2.224,-0.058,-0.111,0.054,POINT
4068,1973,4095,9.685,-0.943,-2.186,-0.072,-0.018,0.04,POINT
3959,1958,4095,9.653,-0.903,-2.057,-0.07,0.015,-0.019,POINT
3991,1923,4095,9.558,-0.824,-2.078,-0.059,-0.001,-0.038,POINT
4095,1938,4095,9.565,-0.831,-2.095,-0.06,-0.004,-0.015,POINT
3979,1969,4095,9.668,-0.833,-2.014,-0.074,-0.045,0.005,POINT
4074,1998,4095,9.603,-0.836,-2.176,-0.08,-0.025,0.048,POINT
3862,1987,3778,9.68,-0.934,-2.049,-0.09,0.019,0.05,POINT
3984,1942,3606,9.778,-0.974,-1.97,-0.091,0.014,0.014,POINT
3965,1954,3739,9.706,-0.819,-1.913,-0.076,-0.021,-0.017,POINT
3967,1956,2749,9.629,-0.74,-1.997,-0.064,-0.046,0.002,POINT
3887,1930,1564,9.682,-0.807,-2.014,-0.071,-0.021,0.029,POINT
4007,1962,2173,9.708,-0.802,-1.949,-0.078,-0.002,0.02,POINT
3933,1947,1327,9.67,-0.68,-1.911,-0.078,-0.016,0.023,POINT
3993,1968,1745,9.737,-0.797,-1.908,-0.068,-0.037,0.032,POINT
3937,1936,1009,9.811,-0.814,-1.887,-0.054,-0.079,0.01,POINT
3835,1888,1887,9.706,-0.781,-2.052,-0.041,-0.106,-0.003,POINT
3997,1943,2766,9.613,-0.8,-2.076,-0.05,-0.056,0.025,POINT
3906,1968,2826,9.629,-0.867,-1.992,-0.059,-0.021,0.033,POINT
4080,1974,3433,9.675,-0.912,-1.92,-0.059,-0.007,0.017,POINT
4001,1966,4095,9.694,-0.8,-1.906,-0.048,-0.05,0.007,POINT
4001,1909,4095,9.574,-0.833,-2.112,-0.054,-0.037,0.046,POINT
4003,1979,4095,9.747,-0.994,-1.966,-0.067,-0.005,0.04,POINT
4017,1951,4095,9.701,-0.955,-1.946,-0.065,0.013,0.012,POINT
3905,1910,4095,9.807,-0.919,-1.774,-0.075,-0.029,0.004,POINT
4037,1940,4095,9.807,-0.833,-1.865,-0.074,-0.12,0.016,POINT
3968,1947,4095,9.713,-0.881,-2.061,-0.084,-0.12,0.038,POINT
4094,1918,4095,9.675,-0.929,-2.045,-0.092,-0.062,0.037,POINT
4095,1977,3947,9.713,-0.886,-1.853,-0.092,-0.037,0.011,POINT
4051,1977,3581,9.689,-0.773,-1.879,-0.074,-0.069,0.006,POINT
4095,1989,2384,9.699,-0.828,-1.954,-0.077,-0.094,0.012,POINT
3824,1899,1380,9.577,-0.771,-2.124,-0.08,-0.072,0.032,POINT
4037,1985,2297,9.594,-0.804,-2.006,-0.085,-0.011,0.035,POINT
4003,1981,1329,9.641,-0.831,-1.906,-0.065,-0.009,0.014,POINT
3958,1904,1553,9.629,-0.733,-1.915,-0.059,-0.033,0.013,POINT
3963,1991,774,9.785,-0.814,-1.908,-0.064,-0.085,0.028,POINT
3951,1975,1925,9.644,-0.783,-2.14,-0.061,-0.087,0.031,POINT
3987,2017,2858,9.67,-0.919,-2.049,-0.07,0.005,0.016,POINT
3879,2010,3151,9.646,-0.843,-1.877,-0.063,0.02,-0.001,POINT
3942,2007,3359,9.737,-0.802,-1.805,-0.061,-0.042,0.009,POINT
3984,1954,4095,9.651,-0.74,-1.97,-0.056,-0.087,0.038,POINT
3967,2043,4095,9.867,-0.606,-1.271,-0.038,-0.082,0.011,POINT
3853,2046,4095,9.823,-0.709,-1.257,-0.045,-0.048,0.015,POINT
4048,2022,4095,9.871,-0.778,-1.226,-0.05,-0.061,-0.005,POINT
4025,2134,4095,9.804,-0.728,-1.298,-0.047,-0.083,-0.037,POINT
4071,2143,4095,9.685,-0.613,-1.401,-0.05,-0.087,-0.032,POINT
3981,2128,2942,9.661,-0.584,-1.487,-0.056,-0.064,-0.006,POINT
4095,2113,4095,9.716,-0.694,-1.475,-0.065,-0.009,0.003,POINT
4051,2087,4095,9.725,-0.639,-1.386,-0.064,0.023,-0.009,POINT
4075,2162,3955,9.857,-0.553,-1.255,-0.058,-0.008,-0.002,POINT
3856,2144,2320,9.9,-0.453,-1.25,-0.05,-0.066,0.02,POINT
4006,2132,4002,9.931,-0.453,-1.3,-0.051,-0.068,0.044,POINT
3929,2118,2272,9.957,-0.496,-1.257,-0.054,-0.037,0.057,POINT
3703,2139,2084,10.001,-0.536,-1.13,-0.05,-0.019,0.043,POINT
3803,2131,1421,10.063,-0.546,-1.03,-0.03,-0.056,0.018,POINT
3579,2112,1400,10.039,-0.603,-1.065,-0.021,-0.121,0.006,POINT
3905,2124,2813,9.934,-0.644,-1.235,-0.026,-0.143,0.008,POINT
3583,2035,944,9.838,-0.749,-1.307,-0.039,-0.103,0.002,POINT
3783,2016,2518,9.807,-0.771,-1.276,-0.046,-0.082,-0.015,POINT
3614,2011,2723,9.685,-0.699,-1.381,-0.041,-0.088,-0.035,POINT
3777,2037,4095,9.627,-0.632,-1.456,-0.054,-0.079,-0.011,POINT
3648,1981,2696,9.651,-0.661,-1.492,-0.063,-0.057,0.01,POINT
3862,2031,4095,9.708,-0.682,-1.47,-0.064,-0.02,0.003,POINT
3710,1975,4095,9.78,-0.596,-1.42,-0.059,-0.007,-0.003,POINT
3782,2007,4095,9.783,-0.529,-1.336,-0.065,-0.017,0.016,POINT
3718,1911,4095,9.907,-0.529,-1.243,-0.067,-0.048,0.041,POINT
3431,2017,2874,9.989,-0.529,-1.207,-0.067,-0.067,0.051,POINT
3504,1904,4095,9.984,-0.491,-1.192,-0.06,-0.07,0.043,POINT
3719,2039,3863,9.926,-0.522,-1.202,-0.053,-0.061,0.034,POINT
3661,2023,3953,9.929,-0.563,-1.178,-0.049,-0.047,0.026,POINT
3603,1953,2336,9.953,-0.682,-1.171,-0.043,-0.061,-0.006,POINT
3687,1984,4095,9.828,-0.666,-1.288,-0.043,-0.07,-0.03,POINT
3689,1982,2385,9.716,-0.646,-1.365,-0.059,-0.059,-0.023,POINT
3692,2007,1872,9.67,-0.697,-1.439,-0.063,-0.043,0.002,POINT
3718,1957,1133,9.706,-0.788,-1.448,-0.078,-0.006,-0.008,POINT
3648,1964,1392,9.706,-0.663,-1.386,-0.081,0,-0.009,POINT
3853,2043,2559,9.663,-0.62,-1.401,-0.099,0.023,0.018,POINT
3627,2000,1152,9.864,-0.579,-1.204,-0.103,0.014,0.032,POINT
3671,2023,1838,9.895,-0.436,-1.207,-0.093,-0.02,0.045,POINT
3874,2127,2443,9.981,-0.426,-1.147,-0.087,-0.04,0.068,POINT
3536,2000,4095,10.056,-0.52,-1.116,-0.074,0.01,0.052,POINT
3406,1965,2488,9.974,-0.414,-1.025,-0.064,0.021,0.016,POINT
3335,1938,3617,9.936,-0.453,-1.039,-0.051,0,0.024,POINT
3307,1901,4095,9.914,-0.486,-1.097,-0.052,-0.031,0.041,POINT
3396,1930,4095,9.809,-0.579,-1.238,-0.038,-0.018,0.042,POINT
3335,1875,4095,9.845,-0.721,-1.214,-0.035,0.004,0.023,POINT
3222,1790,2961,9.802,-0.713,-1.233,-0.029,-0.023,0.007,POINT
3315,1861,4095,9.744,-0.69,-1.334,-0.038,-0.026,0.001,POINT
3257,1888,4095,9.747,-0.718,-1.29,-0.06,-0.002,0.013,POINT
3182,1791,4055,9.785,-0.675,-1.199,-0.082,0.011,0.033,POINT
3115,1767,2058,9.95,-0.694,-1.027,-0.092,-0.026,0.052,POINT
3342,1804,3735,9.974,-0.634,-1.003,-0.078,-0.067,0.039,POINT
3179,1806,1966,9.993,-0.606,-1.073,-0.068,-0.085,0.025,POINT
3295,1897,2267,9.934,-0.532,-1.109,-0.083,-0.051,0.053,POINT
3349,1887,981,9.984,-0.594,-0.982,-0.082,-0.02,0.052,POINT
3318,1850,1034,10.027,-0.632,-0.965,-0.063,-0.046,0.012,POINT
3430,1808,2218,9.986,-0.644,-1.049,-0.05,-0.08,-0.012,POINT
3274,1861,199,9.85,-0.555,-1.183,-0.049,-0.091,-0.006,POINT
3226,1840,1487,9.771,-0.611,-1.24,-0.063,-0.047,0.018,POINT
3386,1872,2285,9.799,-0.67,-1.168,-0.069,-0.032,0.03,POINT
3367,1860,4095,9.795,-0.654,-1.168,-0.066,-0.051,0.024,POINT
3227,1840,2214,9.807,-0.618,-1.156,-0.055,-0.076,0.012,POINT
3214,1840,3952,9.761,-0.57,-1.231,-0.049,-0.096,0.029,POINT
3237,1776,4095,9.807,-0.682,-1.252,-0.055,-0.04,0.039,POINT
3162,1834,4095,9.862,-0.69,-1.08,-0.064,0.003,0.012,POINT
3232,1791,4095,9.857,-0.606,-1.032,-0.062,-0.008,0.01,POINT
3024,1796,2589,9.926,-0.611,-1.022,-0.06,-0.031,0.029,POINT
3183,1730,4095,9.996,-0.666,-1.018,-0.056,-0.07,0.023,POINT
3155,1815,4095,9.941,-0.661,-1.13,-0.058,-0.064,0.017,POINT
3185,1750,4095,9.919,-0.613,-1.053,-0.062,-0.044,0.005,POINT
3182,1775,2114,9.931,-0.594,-1.08,-0.056,-0.055,0.003,POINT
3217,1803,3434,9.85,-0.553,-1.101,-0.056,-0.063,0.016,POINT
3206,1806,1897,9.934,-0.666,-1.058,-0.051,-0.085,0.022,POINT
3301,1769,1729,9.852,-0.658,-1.137,-0.051,-0.1,0.016,POINT
3154,1745,479,9.895,-0.654,-1.116,-0.052,-0.075,0.026,POINT
3088,1757,743,9.84,-0.656,-1.109,-0.047,-0.06,0.015,POINT
3951,2057,2559,-1.159,9.4,-3.266,-0.139,0.068,0.03,POINT
3888,1982,678,-1.13,9.263,-3.493,-0.081,0.005,-0.031,POINT
4047,2046,828,-1.238,9.299,-3.563,-0.046,0.034,-0.066,POINT
3812,2059,2263,-1.319,9.424,-3.381,-0.042,0.091,-0.059,POINT
3921,2112,2288,-1.116,9.342,-3.247,-0.018,0.07,-0.021,POINT
3888,2037,4095,-1.025,9.12,-3.297,0.013,-0.005,-0.014,POINT
3838,2001,2982,-1.106,9.029,-3.496,0.028,-0.051,0.002,POINT
3877,2058,3759,-1.097,8.82,-3.531,-0.004,-0.021,0.021,POINT
3922,1930,3701,-1.348,8.938,-3.587,-0.041,0.056,0.052,POINT
3921,2105,4095,-1.379,8.902,-3.527,-0.062,0.113,0.116,POINT
3887,2085,4095,-1.19,8.741,-3.335,-0.047,0.051,0.086,POINT
4024,1947,4080,-1.298,8.875,-3.46,-0.03,-0.05,0.019,POINT
4075,2043,4095,-1.487,9.036,-3.594,-0.036,-0.077,0.037,POINT
3980,2103,4095,-1.535,9.146,-3.613,-0.033,-0.039,0.102,POINT
4050,2014,4095,-1.523,9.029,-3.73,-0.046,0.041,0.151,POINT
3987,1963,2994,-1.396,9.057,-3.524,-0.037,0.088,0.184,POINT
4005,2032,4095,-1.041,8.782,-3.407,-0.012,0.013,0.144,POINT
3903,2096,2624,-1.104,8.693,-3.618,0.008,-0.053,0.04,POINT
3914,2127,2629,-1.116,8.892,-3.646,0.006,-0.06,-0.022,POINT
3838,2096,1050,-1.427,9.031,-3.778,-0.037,0.026,0.042,POINT
4065,2128,2062,-1.336,9.064,-3.632,-0.092,0.114,0.195,POINT
3728,2067,1296,-0.967,8.818,-3.462,-0.115,0.073,0.301,POINT
3711,2075,1126,-0.649,8.502,-3.498,-0.1,-0.047,0.25,POINT
3873,2032,2466,-0.735,8.566,-3.654,-0.09,-0.11,0.089,POINT
3925,1968,2434,-0.955,8.83,-3.709,-0.092,-0.071,-0.007,POINT
3985,2027,4095,-1.087,8.969,-3.666,-0.114,0.002,-0.004,POINT
3760,2006,2672,-0.965,9.005,-3.421,-0.136,0.019,0.025,POINT
3771,2013,4032,-0.836,8.897,-3.302,-0.117,-0.064,0.014,POINT
3891,2067,4095,-0.687,8.825,-3.426,-0.094,-0.181,-0.044,POINT
4095,2074,4095,-1.065,9.045,-3.673,-0.094,-0.216,-0.049,POINT
4042,2029,4095,-1.3,9.158,-3.713,-0.134,-0.103,0.038,POINT
4090,1971,3525,-1.111,9.045,-3.474,-0.136,-0.005,0.062,POINT
4038,2075,4095,-0.989,8.99,-3.393,-0.109,-0.009,-0.023,POINT
4022,2077,4095,-1.092,9.189,-3.484,-0.069,-0.054,-0.083,POINT
3902,2057,4095,-1.255,9.194,-3.61,-0.074,-0.028,-0.039,POINT
3951,1999,2768,-1.207,8.94,-3.548,-0.111,0.017,0.022,POINT
3967,2101,4095,-0.977,8.842,-3.287,-0.118,-0.012,0.029,POINT
3908,2079,2559,-0.955,8.871,-3.323,-0.086,-0.107,-0.002,POINT
3728,2032,2779,-1.125,9.026,-3.584,-0.097,-0.149,-0.007,POINT
3883,2035,1492,-1.396,9.206,-3.74,-0.121,-0.031,0.062,POINT
3953,2029,1855,-1.245,9.086,-3.546,-0.156,0.108,0.083,POINT
3856,2002,1936,-1.097,9.021,-3.397,-0.162,0.143,0.048,POINT
3881,1991,1331,-0.915,9.084,-3.105,-0.108,0.064,-0.004,POINT
3771,1932,2336,-0.924,9.136,-3.318,-0.056,-0.059,-0.036,POINT
4033,2096,2620,-1.02,9.242,-3.421,-0.061,-0.089,0.005,POINT
3925,2130,4095,-0.972,9.16,-3.428,-0.073,-0.041,0.055,POINT
3843,2021,2518,-0.807,9.012,-3.29,-0.078,-0.018,0.023,POINT
4000,2113,3856,-0.733,8.985,-3.232,-0.057,-0.069,-0.05,POINT
4011,2058,3909,-0.939,9.069,-3.34,-0.048,-0.102,-0.084,POINT
4095,2067,4095,-1.144,9.22,-3.448,-0.058,-0.1,-0.04,POINT
3918,2077,4095,-1.24,9.21,-3.448,-0.09,-0.025,0.076,POINT
3971,2093,3250,-0.986,8.969,-3.359,-0.097,-0.01,0.109,POINT
4089,2066,4095,-0.855,8.88,-3.294,-0.088,-0.054,0.047,POINT
4052,2054,4095,-1.034,8.976,-3.417,-0.07,-0.096,-0.003,POINT
3701,2047,4095,-1.154,9.093,-3.445,-0.07,-0.085,-0.012,POINT
3920,2038,3010,-1.142,9.167,-3.493,-0.075,-0.038,0.026,POINT
3952,2086,4095,-1.037,9.076,-3.419,-0.08,-0.009,0.043,POINT
3975,2015,2848,-0.974,9.124,-3.318,-0.071,-0.024,0.025,POINT
3997,1953,3194,-0.953,9.064,-3.333,-0.041,-0.054,0.009,POINT
3859,2023,1399,-1.013,9.124,-3.409,-0.037,-0.068,-0.003,POINT
3792,1982,1973,-0.986,9.105,-3.321,-0.054,-0.053,0.015,POINT
3987,1968,2291,-0.867,9.045,-3.251,-0.064,-0.08,0.031,POINT
3933,2017,1047,-0.903,9.009,-3.378,-0.056,-0.108,0.028,POINT
3867,2081,2365,-0.974,8.952,-3.417,-0.068,-0.096,0.016,POINT
4095,2030,2531,-1.058,9.024,-3.39,-0.074,-0.079,-0.001,POINT
4016,1982,4095,-1.135,9.117,-3.433,-0.08,-0.05,0.016,POINT
3867,2038,2544,-1.125,9.148,-3.357,-0.087,-0.042,0.046,POINT
4039,2027,4095,-0.996,9.103,-3.309,-0.082,-0.055,0.042,POINT
3893,2015,4095,-0.984,9.136,-3.364,-0.066,-0.068,0.017,POINT
4075,2021,4095,-1.07,9.172,-3.383,-0.064,-0.036,0.023,POINT
3820,1966,4095,-0.998,9.129,-3.359,-0.063,-0.025,0.022,POINT
3750,1936,2906,-1.049,9.103,-3.328,-0.065,-0.013,0.029,POINT
3821,1981,4095,-0.943,9.069,-3.282,-0.057,-0.033,0.026,POINT
3943,2032,4095,-0.919,9.072,-3.294,-0.048,-0.063,0.019,POINT
3831,1942,4095,-0.895,9.036,-3.335,-0.042,-0.073,0.009,POINT
4095,2096,3515,3.45,2.485,-8.691,-0.052,0.107,0.119,POINT
4009,2073,4095,3.603,2.339,-8.514,-0.012,0.003,0.099,POINT
4019,2000,2615,3.361,2.303,-8.873,0.035,-0.064,0.059,POINT
4095,2044,4095,3.144,2.346,-8.935,0.035,-0.055,0.052,POINT
4095,2064,2853,3.036,2.346,-8.93,0.039,-0.058,0.08,POINT
4095,2039,2827,2.931,2.27,-8.849,0.037,-0.042,0.102,POINT
4095,2064,1574,2.916,2.315,-8.83,0.051,-0.061,0.108,POINT
4016,2046,1898,2.799,2.418,-8.964,0.052,-0.07,0.131,POINT
4095,2124,2774,2.801,2.375,-9.007,0.028,-0.035,0.178,POINT
3995,2039,1073,2.89,2.332,-8.892,0.01,0.002,0.196,POINT
4095,2099,2419,3.019,2.198,-8.792,0.009,0.014,0.165,POINT
4082,2034,2303,3.187,2.114,-8.638,0.023,-0.026,0.09,POINT
4086,2026,4095,3.074,2.172,-8.897,0.03,-0.065,0.028,POINT
4095,2032,2735,3.014,2.184,-9.019,-0.003,-0.014,0.009,POINT
4093,1997,4095,2.935,2.346,-8.942,-0.054,0.036,0.044,POINT
3957,2035,4095,3.007,2.37,-8.71,-0.071,0.067,0.102,POINT
4095,1984,4095,3.254,2.322,-8.483,-0.04,-0.012,0.125,POINT
3973,1939,4095,3.345,2.102,-8.844,-0.001,-0.06,0.082,POINT
3883,1949,2867,3.232,2.14,-9.021,-0.027,-0.019,-0.026,POINT
4001,1988,4095,3.081,2.44,-8.909,-0.07,0.041,-0.011,POINT
4095,2037,4095,3.141,2.521,-8.679,-0.077,0.07,0.066,POINT
4095,1979,3971,3.352,2.43,-8.564,-0.072,0.022,0.13,POINT
4095,1987,2503,3.534,2.136,-8.703,-0.048,-0.048,0.118,POINT
4095,2004,4095,3.57,2.016,-8.959,-0.037,-0.002,0.007,POINT
3980,2020,2389,3.541,2.162,-8.832,-0.059,0.052,-0.071,POINT
4087,2061,2554,3.472,2.291,-8.78,-0.056,0.035,-0.056,POINT
4095,2096,1579,3.488,2.188,-8.744,-0.05,0.025,-0.016,POINT
4095,2095,1744,3.587,2.004,-8.708,-0.02,-0.003,-0.047,POINT
4095,2063,2824,3.584,1.963,-8.76,0.001,-0.035,-0.118,POINT
3952,1971,822,3.345,2.059,-8.871,-0.006,-0.048,-0.14,POINT
3931,2115,2718,3.213,2.219,-8.813,-0.025,-0.038,-0.082,POINT
3856,2084,2886,3.259,2.186,-8.736,-0.028,-0.062,0.011,POINT
4095,2070,4095,3.33,2.004,-8.751,-0.035,-0.088,0.026,POINT
3881,2058,2605,3.297,1.954,-8.77,-0.045,-0.086,-0.039,POINT
4065,2030,4095,3.156,2.241,-8.811,-0.071,-0.067,-0.069,POINT
3980,2031,4095,3.191,2.387,-8.861,-0.107,-0.019,-0.023,POINT
4095,2071,4095,3.338,2.385,-8.696,-0.12,-0.009,0.007,POINT
4095,2098,4095,3.414,2.361,-8.662,-0.117,-0.039,-0.001,POINT
4050,2043,2871,3.397,2.5,-8.712,-0.089,-0.063,-0.027,POINT
4016,2019,4095,3.376,2.672,-8.873,-0.071,-0.048,-0.018,POINT
4095,2067,4017,3.476,2.643,-8.806,-0.066,-0.033,0.026,POINT
4095,2070,4095,3.51,2.488,-8.787,-0.053,-0.018,0.021,POINT
3989,2064,2601,3.464,2.497,-8.622,-0.03,-0.051,0.01,POINT
4095,2083,4095,3.414,2.516,-8.636,0.014,-0.114,0.022,POINT
4095,2034,2709,3.326,2.389,-8.856,0.037,-0.115,0.021,POINT
4047,2106,2042,3.206,2.399,-8.94,0.017,-0.076,0.039,POINT
3946,2064,2095,3.232,2.282,-8.832,0,-0.011,0.055,POINT
3933,2047,1739,3.294,2.212,-8.696,-0.01,-0.003,0.048,POINT
4080,2097,2480,3.347,2.195,-8.657,-0.001,-0.046,0.045,POINT
3823,2004,928,3.395,2.138,-8.753,0.011,-0.097,0.051,POINT
4079,2045,2688,3.371,2.162,-8.861,-0.003,-0.114,0.067,POINT
4048,2000,2819,3.321,2.095,-9.024,-0.021,-0.043,0.061,POINT
4095,2005,4095,3.349,2.136,-8.686,-0.038,-0.013,0.051,POINT
4016,2026,2738,3.405,2.109,-8.638,-0.018,-0.059,0.047,POINT
4095,2029,4095,3.448,1.997,-8.696,-0.006,-0.109,0.02,POINT
4077,2096,4095,3.405,2.011,-8.811,-0.008,-0.11,-0.026,POINT
4095,2034,4095,3.294,2.162,-8.942,-0.034,-0.067,-0.011,POINT
4095,2059,4095,3.316,2.279,-8.784,-0.062,-0.021,0.07,POINT
4095,2045,3970,3.474,2.102,-8.696,-0.078,-0.038,0.155,POINT
4095,2038,4095,3.67,2.018,-8.765,-0.086,-0.05,0.164,POINT
4095,2008,4095,3.855,1.975,-8.655,-0.09,-0.061,0.11,POINT
4095,2000,4095,3.788,2.081,-8.605,-0.081,-0.149,0.076,POINT
3901,2017,2961,3.565,2.184,-8.823,-0.079,-0.172,0.088,POINT
3984,1998,4095,3.496,2.164,-8.789,-0.103,-0.161,0.127,POINT
4049,2023,2809,3.496,2.133,-8.705,-0.102,-0.161,0.137,POINT
3942,1983,2157,3.388,2.052,-8.813,-0.095,-0.182,0.129,POINT
4095,1988,1971,3.311,1.978,-8.854,-0.098,-0.175,0.094,POINT
3929,1915,1840,3.275,1.92,-8.799,-0.09,-0.172,0.037,POINT
3986,1979,1937,3.141,1.956,-8.947,-0.08,-0.173,0,POINT
4062,1968,919,3.062,2.057,-8.954,-0.09,-0.144,0.009,POINT
4095,2000,2688,3.005,2.042,-8.878,-0.088,-0.152,0.056,POINT
4095,1984,2856,3.017,1.858,-8.902,-0.082,-0.161,0.061,POINT
4095,1987,3241,3,1.805,-9,-0.089,-0.14,0.009,POINT
4023,1981,2241,2.962,1.834,-9.041,-0.093,-0.08,-0.067,POINT
4060,1997,4095,2.895,2.088,-8.94,-0.113,-0.036,-0.071,POINT
3878,1904,3526,-0.01,8.234,-5.006,-0.057,0.003,0.078,POINT
3760,1925,2559,0.034,8.147,-5.04,-0.056,-0.029,0.077,POINT
3897,1847,3187,0.045,8.085,-5.085,-0.055,-0.044,0.067,POINT
3753,1866,3239,-0.005,8.157,-5.085,-0.073,-0.031,0.057,POINT
3910,1902,4095,-0.007,8.226,-5.059,-0.077,-0.033,0.062,POINT
3920,1903,3829,0.029,8.124,-5.08,-0.066,-0.045,0.052,POINT
4028,1872,4095,0.055,8.052,-5.08,-0.058,-0.08,0.011,POINT
4095,1965,4095,-0.115,8.157,-5.162,-0.061,-0.111,0,POINT
3893,1923,4095,-0.16,8.145,-5.169,-0.07,-0.104,0.014,POINT
3989,1975,4095,-0.285,8.207,-5.236,-0.086,-0.072,0.02,POINT
3854,1911,4083,-0.23,8.205,-5.128,-0.094,-0.035,0.023,POINT
4095,1875,4095,-0.168,8.279,-5.085,-0.082,-0.05,0.003,POINT
4095,1893,2906,-0.192,8.332,-5.14,-0.076,-0.066,0.013,POINT
4055,1943,3007,-0.146,8.317,-5.124,-0.075,-0.062,0.027,POINT
3977,1965,2235,-0.079,8.262,-5.102,-0.075,-0.048,0.015,POINT
3997,1948,2727,-0.108,8.334,-5.047,-0.076,-0.04,0.014,POINT
3955,1906,1228,-0.113,8.356,-5.037,-0.076,-0.045,0.036,POINT
3790,1872,1023,-0.014,8.291,-5.016,-0.063,-0.058,0.035,POINT
3814,1974,78,-0.053,8.32,-5.049,-0.052,-0.067,0.011,POINT
3851,1963,1863,-0.086,8.334,-5.023,-0.052,-0.071,0.016,POINT
3857,1938,2550,-0.081,8.253,-5.052,-0.047,-0.083,0.017,POINT
3823,1971,2230,-0.093,8.21,-5.107,-0.048,-0.092,0.011,POINT
3977,1922,3223,-0.129,8.298,-5.097,-0.063,-0.077,0.036,POINT
3920,1947,3271,-0.072,8.238,-5.054,-0.067,-0.077,0.052,POINT
3810,1914,4095,-0.045,8.131,-5.054,-0.053,-0.1,0.018,POINT
3914,1929,4095,-0.156,8.147,-5.104,-0.052,-0.12,0,POINT
4095,1967,4095,-0.184,8.147,-5.124,-0.06,-0.121,0.004,POINT
4095,1906,4095,-0.182,8.2,-5.112,-0.064,-0.113,0.004,POINT
4089,1968,4095,-0.117,8.171,-5.1,-0.055,-0.084,-0.02,POINT
3974,1954,4095,-0.096,8.121,-5.052,-0.042,-0.078,-0.074,POINT
4095,1969,4095,-0.199,8.241,-5.119,-0.033,-0.079,-0.107,POINT
4054,1951,4095,-0.297,8.406,-5.097,-0.044,-0.057,-0.08,POINT
3957,1961,3583,-0.278,8.42,-5.088,-0.064,-0.059,-0.038,POINT
4095,1973,4062,-0.249,8.37,-5.049,-0.062,-0.048,-0.002,POINT
3834,1914,2499,-0.144,8.241,-5.028,-0.062,-0.039,-0.022,POINT
3829,1903,2861,-0.208,8.289,-5.009,-0.062,-0.045,-0.044,POINT
3751,1903,1277,-0.287,8.44,-5.021,-0.061,-0.05,-0.022,POINT
3773,1932,1038,-0.268,8.408,-5.006,-0.071,-0.056,0.021,POINT
3801,1879,0,-0.172,8.329,-5.004,-0.067,-0.066,0.029,POINT
3879,1878,1651,-0.184,8.279,-5.066,-0.066,-0.054,0.014,POINT
3945,1872,2923,-0.213,8.294,-5.057,-0.063,-0.05,0.006,POINT
3818,1949,2352,-0.244,8.365,-5.009,-0.067,-0.04,0.019,POINT
3870,1935,3444,-0.153,8.363,-4.997,-0.058,-0.064,0.018,POINT
3975,1887,3069,-0.204,8.389,-5.064,-0.047,-0.081,0.021,POINT
3933,1923,3632,-0.175,8.286,-5.04,-0.043,-0.083,0.029,POINT
4003,1884,3705,-0.244,8.248,-5.078,-0.041,-0.078,0.025,POINT
4005,1919,4095,-0.302,8.27,-5.085,-0.054,-0.047,0.035,POINT
4095,1947,4095,-0.261,8.344,-4.978,-0.059,-0.061,0.062,POINT
4061,1941,4095,-0.134,8.241,-5.018,-0.048,-0.089,0.071,POINT
4061,1887,4095,-0.079,8.157,-5.073,-0.034,-0.092,0.023,POINT
4095,1922,4095,-0.28,8.305,-5.155,-0.044,-0.065,-0.001,POINT
3979,1938,4095,-0.369,8.375,-5.109,-0.058,-0.027,0.059,POINT
3921,1943,3410,-0.201,8.238,-5.042,-0.069,-0.029,0.084,POINT
3925,1919,3736,-0.096,8.217,-5.028,-0.06,-0.055,0.065,POINT
4038,1950,2704,-0.06,8.246,-5.083,-0.043,-0.075,0.029,POINT
3907,1903,2687,-0.151,8.291,-5.071,-0.043,-0.056,0.019,POINT
3872,1863,1003,-0.204,8.325,-5.061,-0.049,-0.048,0.03,POINT
3937,1925,1472,-0.244,8.327,-5.073,-0.052,-0.055,0.051,POINT
3915,1913,0,-0.215,8.358,-5.073,-0.055,-0.058,0.072,POINT
3974,1955,1471,-0.124,8.282,-5.035,-0.041,-0.051,0.063,POINT
3962,1981,2467,-0.101,8.315,-5.057,-0.034,-0.039,0.035,POINT
3934,1954,1942,-0.129,8.262,-5.102,-0.036,-0.024,0.033,POINT
4063,1919,3218,-0.079,8.224,-5.071,-0.048,-0.025,0.041,POINT
4049,1980,2687,-0.022,8.224,-5.037,-0.047,-0.047,0.044,POINT
4045,1966,4000,-0.024,8.301,-5.059,-0.045,-0.06,0.041,POINT
4090,1936,3984,-0.01,8.291,-5.092,-0.038,-0.053,0.049,POINT
4007,1927,4095,0.041,8.217,-5.054,-0.037,-0.067,0.039,POINT
4059,1968,4095,-0.043,8.203,-5.102,-0.037,-0.082,0.036,POINT
4011,1959,4095,-0.079,8.282,-5.078,-0.045,-0.093,0.044,POINT
4051,1910,4095,-0.117,8.284,-5.14,-0.046,-0.076,0.055,POINT
3936,1962,4095,-0.077,8.248,-5.1,-0.042,-0.056,0.033,POINT
4051,1938,4095,-0.084,8.289,-5.097,-0.026,-0.069,0.022,POINT
3903,1904,3735,-0.081,8.253,-5.155,-0.034,-0.079,0.042,POINT
4029,1904,4095,-0.038,8.305,-5.157,-0.039,-0.076,0.065,POINT
4095,1935,3424,0.012,8.282,-5.167,-0.039,-0.062,0.064,POINT
3822,1746,1023,1.393,0.527,-9.589,-0.026,-0.079,-0.023,POINT
4095,1972,0,1.46,0.474,-9.488,-0.069,-0.051,0.049,POINT
4078,2203,2841,1.554,0.412,-9.436,-0.048,-0.054,0.075,POINT
4095,1584,3047,1.681,0.261,-9.325,-0.022,-0.113,0.042,POINT
3675,2128,1040,1.65,0.168,-9.333,0.008,-0.189,-0.019,POINT
2512,2611,4095,1.434,0.283,-9.629,0.015,-0.197,-0.031,POINT
4095,2118,1831,1.372,0.189,-9.807,-0.018,-0.087,0.017,POINT
4095,2481,0,1.448,0.148,-9.56,-0.058,-0.006,0.034,POINT
3539,2186,1835,1.602,0.184,-9.33,-0.046,-0.046,0.022,POINT
3583,1797,3232,1.506,0.127,-9.409,-0.022,-0.063,0.002,POINT
3289,2514,3668,1.511,0.113,-9.536,-0.021,-0.098,-0.025,POINT
3035,2284,1205,1.367,0.108,-9.708,-0.062,-0.071,-0.009,POINT
4095,2471,0,1.439,0.139,-9.541,-0.115,-0.043,0.025,POINT
4031,2265,3501,1.463,0.196,-9.498,-0.139,-0.051,0.029,POINT
4095,1891,2803,1.496,0.275,-9.433,-0.128,-0.074,0.002,POINT
4095,2466,754,1.393,0.381,-9.527,-0.11,-0.075,-0.011,POINT
2611,2746,2392,1.389,0.448,-9.584,-0.115,-0.044,0.006,POINT
4095,2123,2299,1.482,0.469,-9.495,-0.128,-0.021,0.022,POINT
4095,3175,287,1.571,0.52,-9.409,-0.118,-0.037,0.018,POINT
3783,2304,2268,1.592,0.584,-9.392,-0.1,-0.08,0.017,POINT
4095,1872,2342,1.611,0.67,-9.395,-0.061,-0.123,0.031,POINT
4095,2619,2000,1.544,0.673,-9.541,-0.037,-0.124,0.042,POINT
3117,2338,1305,1.561,0.596,-9.445,-0.032,-0.108,0.047,POINT
4095,2335,0,1.508,0.543,-9.469,-0.013,-0.126,0.049,POINT
4095,2416,2559,1.451,0.426,-9.471,0.004,-0.136,0.05,POINT
3676,1803,4095,1.386,0.393,-9.548,0.022,-0.145,0.044,POINT
4023,2378,920,1.255,0.321,-9.596,0.01,-0.104,0.05,POINT
2630,2779,2713,1.286,0.263,-9.515,0.003,-0.1,0.066,POINT
4095,2281,2493,1.267,0.177,-9.603,0.005,-0.085,0.051,POINT
4095,3305,0,1.202,0.16,-9.572,-0.006,-0.071,0.031,POINT
3424,2297,2611,1.137,0.163,-9.596,-0.005,-0.063,0.042,POINT
3516,1967,2407,1.219,0.06,-9.57,-0.023,-0.038,0.054,POINT
3768,2510,3036,1.264,0.048,-9.503,-0.023,-0.064,0.033,POINT
2943,2266,1488,1.176,0.036,-9.589,-0.027,-0.067,0.012,POINT
4095,2230,0,1.104,0.081,-9.639,-0.051,-0.036,0.027,POINT
3831,2508,2320,1.144,0.086,-9.629,-0.082,0.01,0.067,POINT
3752,1942,4095,1.262,0.048,-9.522,-0.096,0.02,0.06,POINT
4095,2372,870,1.264,0.204,-9.471,-0.096,-0.002,0.055,POINT
2961,2736,2147,1.267,0.237,-9.548,-0.106,-0.005,0.083,POINT
4095,2144,2892,1.389,0.124,-9.512,-0.117,0.011,0.062,POINT
4095,2219,96,1.427,0.247,-9.455,-0.114,-0.008,-0.029,POINT
3454,2486,2681,1.207,0.548,-9.555,-0.115,-0.009,-0.038,POINT
3798,1995,2375,1.152,0.74,-9.471,-0.124,-0.015,0.056,POINT
3792,2455,1899,1.116,0.742,-9.649,-0.131,0.015,0.192,POINT
2769,2325,2554,1.329,0.548,-9.634,-0.141,0.075,0.241,POINT
4095,1927,0,1.434,0.472,-9.524,-0.152,0.091,0.22,POINT
4023,2365,2498,1.544,0.316,-9.51,-0.164,0.083,0.144,POINT
3489,1914,4095,1.657,0.369,-9.481,-0.166,0.081,0.014,POINT
3931,2231,1421,1.535,0.745,-9.572,-0.161,0.088,-0.034,POINT
2837,2775,2352,1.571,0.893,-9.522,-0.179,0.126,0.077,POINT
4095,2087,3207,1.791,0.694,-9.349,-0.179,0.1,0.174,POINT
4095,2101,0,1.851,0.56,-9.285,-0.17,0.019,0.201,POINT
3495,2386,2437,1.865,0.567,-9.491,-0.153,-0.044,0.213,POINT
3641,2039,4095,1.891,0.716,-9.536,-0.174,-0.008,0.241,POINT
3773,2437,1356,2.004,0.766,-9.491,-0.192,0.031,0.301,POINT
3130,2307,2188,2.085,0.567,-9.321,-0.194,0.011,0.313,POINT
4095,2026,0,2.112,0.294,-9.215,-0.211,-0.037,0.238,POINT
3970,2362,2896,1.846,0.508,-9.783,-0.217,-0.065,0.108,POINT
3984,1887,3167,1.563,0.917,-9.278,-0.255,-0.013,0.14,POINT
3777,2255,1194,1.551,1.015,-9.467,-0.214,-0.014,0.203,POINT
2750,2753,2680,1.561,0.819,-9.603,-0.209,-0.003,0.29,POINT
3959,2160,3343,1.666,0.749,-9.44,-0.245,0.024,0.347,POINT
4095,2064,63,1.676,0.766,-9.395,-0.276,0.051,0.362,POINT
3523,2304,1489,1.712,0.907,-9.641,-0.261,0.066,0.387,POINT
4086,1903,4095,1.891,0.733,-9.57,-0.211,0.066,0.391,POINT
4095,2501,553,1.992,0.646,-9.531,-0.187,0.083,0.346,POINT
3026,2238,1792,2.033,0.723,-9.376,-0.192,0.101,0.355,POINT
4095,1858,855,2.14,0.271,-7.511,-0.22,0.045,0.372,POINT
4075,2210,2432,1.743,0.034,-8.571,-0.29,-0.025,0.35,POINT
3331,2091,4095,1.372,0.663,-11.035,-0.418,0.157,0.509,POINT
3713,2097,455,2.066,0.972,-11.016,-0.514,0.38,0.717,POINT
3199,2669,1360,2.883,0.644,-9.115,-0.47,0.375,0.565,POINT
4063,2149,3147,2.849,0.589,-8.89,-0.35,0.331,0.284,POINT
4095,1976,510,2.303,0.838,-8.248,-0.286,0.212,0.198,POINT
3369,2385,1701,1.64,1.245,-9.287,-0.41,0.218,0.448,POINT
4095,2299,4095,3.187,8.265,-4.243,-0.085,-0.064,-0.007,POINT
4095,2155,1411,3.208,8.222,-4.19,-0.083,-0.043,0.009,POINT
3376,2014,4095,3.227,8.2,-4.14,-0.076,-0.05,0.007,POINT
4095,2034,1646,3.191,8.246,-4.221,-0.065,-0.057,0.008,POINT
3199,2207,2983,3.146,8.226,-4.231,-0.066,-0.043,0.021,POINT
3175,2166,3824,3.179,8.167,-4.228,-0.065,-0.025,0.013,POINT
3760,1968,4095,3.146,8.157,-4.202,-0.063,-0.015,-0.014,POINT
4095,2186,1312,3.127,8.32,-4.094,-0.052,-0.011,-0.007,POINT
3583,2114,3059,3.189,8.174,-4.302,-0.049,0.024,0.006,POINT
3567,1886,2765,3.309,8.152,-4.178,-0.066,0.058,-0.013,POINT
4095,2272,2399,3.393,8.26,-4.192,-0.061,0.056,-0.027,POINT
4095,2159,1292,3.443,8.308,-4.178,-0.057,0.046,-0.015,POINT
4002,2046,2076,3.563,8.253,-4.152,-0.051,0.034,0.009,POINT
3984,2055,1459,3.673,8.188,-4.092,-0.047,0.009,0.006,POINT
4095,2278,2434,3.675,8.159,-4.073,-0.037,-0.029,-0.026,POINT
3581,1859,1358,3.577,8.253,-4.118,-0.032,-0.056,-0.04,POINT
3574,2096,2000,3.579,8.296,-4.065,-0.027,-0.074,-0.026,POINT
4095,2486,1873,3.503,8.224,-4.073,-0.025,-0.098,-0.01,POINT
3137,2007,3280,3.44,8.133,-4.12,-0.029,-0.097,-0.005,POINT
4095,2131,1886,3.388,8.071,-4.154,-0.039,-0.091,-0.015,POINT
3881,2131,3482,3.361,8.021,-4.13,-0.042,-0.102,-0.024,POINT
4095,2494,2323,3.304,8.059,-4.195,-0.054,-0.111,-0.035,POINT
3283,1942,3520,3.251,8.133,-4.211,-0.066,-0.113,-0.019,POINT
4095,2341,2708,3.22,8.157,-4.235,-0.082,-0.089,0.014,POINT
3042,1878,3424,3.314,8.147,-4.175,-0.084,-0.081,0.004,POINT
4095,1989,1947,3.266,8.272,-4.142,-0.07,-0.095,-0.013,POINT
3924,1973,3456,3.163,8.387,-4.214,-0.063,-0.086,0.012,POINT
4095,2335,1969,3.168,8.289,-4.245,-0.06,-0.059,0.031,POINT
3829,2117,3762,3.206,8.248,-4.211,-0.061,-0.047,0.029,POINT
4095,2177,2369,3.206,8.234,-4.094,-0.057,-0.063,0.023,POINT
3539,2133,2871,3.074,8.413,-4.096,-0.049,-0.085,0.037,POINT
4095,2317,2738,2.746,8.756,-4.211,-0.043,-0.075,0.141,POINT
4095,2119,1954,2.636,8.669,-4.259,-0.048,-0.031,0.332,POINT
4095,2192,1967,2.923,8.231,-4.35,-0.042,-0.019,0.432,POINT
3643,2039,3120,3.285,7.614,-4.458,-0.042,-0.005,0.355,POINT
3912,2135,734,3.618,7.432,-4.518,-0.035,0.038,0.027,POINT
4095,2075,1499,3.297,8.143,-4.403,-0.024,0.09,-0.235,POINT
3871,2135,3615,3.112,8.693,-4.135,-0.01,0.098,-0.207,POINT
4077,1861,1602,3.242,8.595,-4.068,0.019,0.076,-0.066,POINT
4063,2260,2171,3.57,8.169,-4.015,0.032,0.069,-0.001,POINT
2895,1872,3248,3.754,7.961,-3.895,0.027,0.031,-0.029,POINT
4095,2133,3311,3.78,7.853,-4.017,0.022,-0.007,-0.043,POINT
3679,1779,2415,3.795,7.764,-4.104,-0.015,-0.017,-0.044,POINT
4095,2275,4095,3.749,7.831,-4.216,-0.043,-0.015,-0.04,POINT
3027,1840,1148,3.773,8.018,-4.132,-0.074,-0.02,-0.006,POINT
4095,2389,3199,3.699,8.334,-4.058,-0.083,-0.098,0.069,POINT
3287,2047,3419,3.464,8.55,-4.159,-0.082,-0.16,0.209,POINT
4095,2183,3053,3.402,8.54,-4.314,-0.079,-0.141,0.344,POINT
3883,1946,2440,3.704,8.124,-4.24,-0.066,-0.084,0.347,POINT
4095,2288,3303,3.876,7.887,-4.128,-0.047,-0.077,0.184,POINT
3611,1955,3118,3.677,8.104,-4.118,-0.04,-0.113,0.031,POINT
4095,2320,63,3.33,8.48,-4.219,-0.016,-0.145,0.039,POINT
3341,2258,2345,3.342,8.344,-4.281,-0.004,-0.131,0.123,POINT
3238,2075,2374,3.433,8.097,-4.322,0.008,-0.105,0.128,POINT
4095,2071,2361,3.467,7.963,-4.314,0.016,-0.086,0.063,POINT
4095,2210,1355,3.373,8.042,-4.278,0.033,-0.091,0.006,POINT
3924,2021,2798,3.316,8.109,-4.353,0.048,-0.095,0.001,POINT
4095,1994,3111,3.306,7.994,-4.472,0.048,-0.079,0.026,POINT
4095,2092,1702,3.333,7.817,-4.496,0.034,-0.026,0.024,POINT
3600,2105,3648,3.421,7.803,-4.42,0.019,0.018,-0.022,POINT
4095,2120,687,3.412,7.848,-4.405,0.014,0.029,-0.063,POINT
4095,2669,3540,3.349,7.841,-4.429,0.011,0.041,-0.078,POINT
3287,2090,2472,3.388,7.889,-4.439,-0.007,0.051,-0.044,POINT
3534,2218,4095,3.457,7.889,-4.41,-0.027,0.06,0.009,POINT
4095,2096,0,3.584,7.884,-4.386,-0.044,0.058,0.039,POINT
4095,2320,4095,3.606,7.889,-4.413,-0.06,0.069,0.051,POINT
3469,1871,3023,3.728,7.898,-4.393,-0.079,0.092,0.054,POINT
4019,2339,2039,3.857,7.937,-4.238,-0.084,0.083,0.03,POINT
4095,2296,1637,3.869,8.045,-4.168,-0.061,0.03,0.005,POINT
3800,2064,3905,3.773,8.104,-4.243,-0.046,-0.003,0.018,POINT
3994,2032,2276,3.819,8.042,-4.252,-0.044,-0.003,0.047,POINT
4095,2260,1808,3.917,7.889,-4.204,-0.05,-0.008,0.044,POINT
3703,1967,3180,3.888,7.891,-4.128,-0.066,-0.035,0.037,POINT
3053,2105,1884,3.857,7.97,-4.106,-0.062,-0.068,0.03,POINT
4095,2460,2225,3.752,8.066,-4.259,-0.044,-0.081,0.016,POINT
3323,1920,854,9.584,-1.456,-0.95,-0.355,-0.143,0.087,POINT
3333,2129,2555,9.266,-1.235,-1.154,-0.344,-0.154,0.114,POINT
3786,1997,0,9.261,-1.331,-1.243,-0.329,-0.132,0.178,POINT
4095,2245,1007,9.268,-1.439,-1.338,-0.288,-0.107,0.186,POINT
3095,1936,2302,9.357,-1.645,-1.405,-0.224,-0.063,0.129,POINT
4095,1776,2878,9.402,-1.7,-1.511,-0.148,-0.012,0.01,POINT
4095,2112,1716,9.359,-1.604,-1.595,-0.099,0.064,-0.068,POINT
4095,2240,3123,9.424,-1.554,-1.626,-0.076,0.148,-0.044,POINT
3705,1904,2272,9.708,-1.628,-1.508,-0.064,0.201,0.027,POINT
4095,2262,1807,10.015,-1.834,-1.415,-0.054,0.212,0.097,POINT
3187,1825,4095,10.36,-2.049,-1.29,-0.054,0.217,0.122,POINT
3524,1876,3909,10.649,-2.215,-1.137,-0.049,0.18,0.097,POINT
4095,2096,2657,10.76,-2.136,-1.013,-0.03,0.105,0.049,POINT
3934,2128,3916,10.63,-1.932,-0.982,-0.012,0.024,0.031,POINT
3921,2001,2482,10.357,-1.554,-0.915,-0.023,-0.046,0.109,POINT
4095,2180,2287,10.288,-1.611,-0.886,-0.042,-0.093,0.261,POINT
4095,2079,2628,10.355,-1.858,-0.757,-0.026,-0.153,0.296,POINT
3335,1991,3345,10.13,-1.946,-0.745,0.021,-0.214,0.229,POINT
4095,2032,0,9.787,-1.951,-0.862,0.063,-0.23,0.152,POINT
3581,2169,4095,9.421,-1.925,-0.955,0.088,-0.219,0.132,POINT
3583,1697,1187,9.266,-2.047,-0.941,0.092,-0.204,0.131,POINT
4095,2015,1503,9.093,-2.16,-1.077,0.098,-0.192,0.124,POINT
4095,2224,0,8.916,-2.155,-1.03,0.09,-0.148,0.096,POINT
3525,1962,3047,8.99,-2.313,-0.883,0.096,-0.13,0.076,POINT
3281,1635,1374,8.983,-2.332,-0.876,0.122,-0.133,0.051,POINT
4065,2331,2982,8.997,-2.409,-0.994,0.122,-0.139,0.021,POINT
3920,1839,2665,8.985,-2.442,-1.113,0.091,-0.098,0.026,POINT
3632,1990,2766,9.06,-2.538,-1.106,0.054,-0.041,0.03,POINT
4095,2064,1663,9.184,-2.619,-1.065,0.033,0.003,0,POINT
3730,2128,2890,9.244,-2.516,-1.037,0.022,0.033,-0.051,POINT
3859,1946,2559,9.407,-2.399,-0.91,0.022,0.022,-0.088,POINT
4095,2314,2386,9.419,-2.222,-0.984,0.031,-0.005,-0.087,POINT
3441,1902,3504,9.467,-2.138,-1.051,0.029,0.006,-0.058,POINT
4095,2224,2176,9.596,-2.14,-0.989,0.038,0.011,-0.05,POINT
4095,2112,2403,9.668,-2.114,-1.01,0.059,0.001,-0.075,POINT
3716,2029,3419,9.713,-2.102,-1.013,0.079,0.004,-0.103,POINT
4095,2000,1579,9.735,-2.018,-0.946,0.096,-0.003,-0.127,POINT
4095,2158,2469,9.778,-1.937,-0.855,0.11,-0.04,-0.136,POINT
3630,1901,2382,9.704,-1.824,-0.838,0.126,-0.06,-0.123,POINT
4095,2171,1145,9.747,-1.779,-0.745,0.156,-0.072,-0.106,POINT
3617,2074,3008,9.728,-1.803,-0.749,0.186,-0.095,-0.103,POINT
3910,1994,222,9.639,-1.867,-0.79,0.206,-0.088,-0.096,POINT
4095,2352,2591,9.584,-1.93,-0.8,0.212,-0.068,-0.092,POINT
3365,1821,1935,9.589,-1.968,-0.773,0.211,-0.044,-0.087,POINT
4095,2304,1454,9.668,-1.992,-0.704,0.213,-0.028,-0.076,POINT
2958,1857,4095,9.687,-2.081,-0.716,0.216,-0.022,-0.084,POINT
4095,1938,1624,9.665,-2.057,-0.735,0.214,-0.002,-0.085,POINT
3664,2314,3519,9.73,-2.085,-0.618,0.209,0.005,-0.072,POINT
3534,1733,1844,9.79,-2.107,-0.589,0.203,-0.014,-0.051,POINT
4095,2322,2749,9.773,-2.164,-0.62,0.2,-0.019,-0.046,POINT
3298,1804,3216,9.776,-2.203,-0.572,0.19,-0.023,-0.059,POINT
4095,2197,1700,9.737,-2.112,-0.579,0.186,-0.044,-0.067,POINT
3567,2128,4095,9.661,-2.105,-0.661,0.169,-0.041,-0.047,POINT
4095,2173,4095,9.661,-2.133,-0.668,0.139,-0.005,-0.019,POINT
3426,1757,2639,9.716,-2.126,-0.57,0.12,0.01,-0.019,POINT
4095,2482,2464,9.737,-2.155,-0.577,0.11,0.009,-0.023,POINT
3350,1861,4095,9.754,-2.162,-0.548,0.092,0.013,-0.025,POINT
3654,1969,1903,9.78,-2.167,-0.555,0.068,0.022,-0.034,POINT
4082,2026,1374,9.835,-2.112,-0.508,0.042,0.033,-0.044,POINT
3553,2027,2380,9.905,-2.054,-0.429,0.027,0.023,-0.043,POINT
3894,1866,1278,9.993,-2.049,-0.417,0.016,0.01,-0.047,POINT
3055,1733,2933,9.969,-1.99,-0.417,0.005,0,-0.053,POINT
4095,2097,0,9.938,-1.949,-0.453,-0.015,0.021,-0.035,POINT
3839,2034,502,10.015,-1.93,-0.364,-0.035,0.035,-0.018,POINT
4010,2194,2634,10.034,-1.915,-0.328,-0.046,0.018,-0.015,POINT
3920,1711,1418,10.063,-1.915,-0.326,-0.046,-0.015,-0.018,POINT
3127,2014,2138,9.974,-1.853,-0.352,-0.039,-0.053,-0.021,POINT
4095,2032,3134,9.907,-1.815,-0.395,-0.037,-0.07,-0.021,POINT
4095,2101,456,9.833,-1.776,-0.426,-0.038,-0.074,-0.005,POINT
4095,2111,2224,9.838,-1.798,-0.419,-0.037,-0.066,0.003,POINT
3677,1947,3248,9.795,-1.762,-0.388,-0.025,-0.074,-0.005,POINT
4095,2448,2367,9.713,-1.741,-0.419,-0.013,-0.074,-0.016,POINT
3039,2000,4095,9.677,-1.743,-0.395,0.003,-0.066,-0.017,POINT
3895,1936,3622,9.682,-1.719,-0.383,0.018,-0.054,-0.01,POINT
3876,2061,2559,9.752,-1.786,-0.333,0.031,-0.037,-0.011,POINT
4070,1584,3560,4.571,-8.207,-2.444,0.072,0.156,-0.051,POINT
4091,1649,2906,4.681,-8.315,-2.263,-0.009,0.133,0.052,POINT
3891,1597,2249,4.824,-8.468,-2.207,-0.055,0.056,0.135,POINT
3993,1664,992,4.781,-8.593,-2.38,-0.06,0.04,0.113,POINT
3950,1593,0,4.793,-8.586,-2.31,-0.053,0.076,0.025,POINT
4027,1631,129,4.748,-8.509,-2.246,-0.057,0.094,-0.064,POINT
3961,1606,0,4.736,-8.418,-1.997,-0.029,0.075,-0.169,POINT
3886,1635,0,4.482,-8.09,-1.829,-0.003,-0.021,-0.228,POINT
3957,1629,0,4.118,-7.676,-1.942,0.027,-0.147,-0.112,POINT
3998,1616,822,4.022,-7.942,-2.215,0.037,-0.162,0.06,POINT
4095,1619,1728,4.231,-8.495,-2.263,0.013,-0.113,0.066,POINT
3936,1601,1751,4.341,-8.633,-2.219,0.002,-0.063,-0.087,POINT
4083,1634,2446,4.539,-8.77,-2.224,0,-0.031,-0.296,POINT
4015,1593,3776,4.53,-8.485,-2.282,-0.054,-0.021,-0.472,POINT
4057,1627,4095,4.408,-7.92,-2.152,-0.108,-0.061,-0.509,POINT
4095,1593,4095,4.348,-7.542,-2.21,-0.137,-0.102,-0.395,POINT
4095,1607,4095,4.559,-7.769,-2.421,-0.191,-0.079,-0.267,POINT
4007,1611,4095,5.059,-8.207,-2.365,-0.238,-0.076,-0.32,POINT
3989,1633,4095,5.148,-8.004,-2.315,-0.235,-0.101,-0.489,POINT
4021,1655,4095,5.071,-7.561,-2.394,-0.199,-0.102,-0.56,POINT
4007,1629,3343,5.148,-7.453,-2.452,-0.158,-0.05,-0.481,POINT
4019,1633,3426,5.504,-7.652,-2.437,-0.129,-0.003,-0.398,POINT
4016,1597,2247,5.775,-7.724,-2.416,-0.107,0.015,-0.34,POINT
3997,1644,1234,5.902,-7.678,-2.452,-0.063,-0.025,-0.302,POINT
3943,1662,0,5.89,-7.626,-2.696,-0.013,-0.05,-0.218,POINT
3968,1619,0,5.844,-7.796,-3.079,0.034,0.022,-0.134,POINT
3889,1634,0,6.079,-8.109,-3.017,0.065,0.107,-0.143,POINT
3795,1634,0,6.275,-8.255,-2.919,0.105,0.112,-0.251,POINT
3909,1610,0,6.084,-7.855,-2.758,0.115,0.06,-0.312,POINT
3984,1600,690,5.808,-7.245,-2.624,0.123,-0.062,-0.16,POINT
4095,1623,1584,5.722,-7.266,-2.746,0.132,-0.1,0.135,POINT
3959,1659,1596,6.05,-7.719,-2.547,0.132,-0.086,0.22,POINT
3950,1717,2139,6.17,-7.875,-2.351,0.159,-0.062,0.101,POINT
4095,1650,4095,6.098,-7.705,-2.174,0.175,-0.063,0.008,POINT
4095,1655,4095,6.043,-7.525,-1.906,0.182,-0.122,0.013,POINT
4047,1600,4095,5.851,-7.448,-1.896,0.203,-0.153,0.094,POINT
4095,1622,4095,5.957,-7.779,-1.796,0.222,-0.125,0.122,POINT
4079,1647,4095,6.151,-8.078,-1.556,0.231,-0.127,0.05,POINT
3959,1633,4095,6.084,-7.992,-1.422,0.245,-0.205,-0.051,POINT
4095,1664,4095,5.734,-7.822,-1.63,0.246,-0.255,-0.055,POINT
3973,1712,2774,5.437,-7.748,-1.865,0.186,-0.185,0.094,POINT
3984,1702,2811,5.638,-8.071,-1.686,0.128,-0.078,0.191,POINT
4095,1679,2128,5.887,-8.265,-1.391,0.107,-0.054,0.15,POINT
4095,1701,680,5.914,-8.358,-1.247,0.108,-0.109,0.026,POINT
4002,1679,0,5.567,-8.061,-1.417,0.094,-0.156,-0.018,POINT
4032,1680,0,5.492,-8.068,-1.554,0.054,-0.118,0.046,POINT
3920,1699,0,5.624,-8.229,-1.618,0.001,-0.047,0.062,POINT
3825,1683,0,5.729,-8.191,-1.571,-0.059,0.015,0.039,POINT
3969,1716,0,5.744,-7.992,-1.41,-0.094,0.027,0.072,POINT
3958,1717,327,5.887,-7.989,-1.36,-0.098,0.005,0.126,POINT
3918,1799,1527,6.021,-8.049,-1.279,-0.105,-0.048,0.161,POINT
3901,1773,1953,5.995,-7.973,-1.437,-0.097,-0.09,0.173,POINT
3906,1821,2315,5.916,-7.982,-1.64,-0.103,-0.037,0.172,POINT
4091,1818,4095,5.959,-7.994,-1.52,-0.093,0.038,0.131,POINT
4095,1770,4095,5.71,-7.479,-1.336,-0.101,0.014,0.174,POINT
4095,1786,4095,5.722,-7.377,-1.271,-0.056,-0.063,0.332,POINT
4095,1809,4095,5.82,-7.7,-1.511,0.001,-0.104,0.403,POINT
4095,1779,4095,5.839,-8.15,-1.683,0.036,-0.046,0.334,POINT
4095,1781,4095,5.729,-8.116,-1.638,0.063,0.035,0.16,POINT
4095,1771,4095,5.409,-7.752,-1.504,0.079,0.075,0.114,POINT
4095,1819,2870,5.274,-7.513,-1.247,0.1,0.023,0.25,POINT
4095,1840,2590,5.033,-7.379,-1.386,0.148,-0.037,0.446,POINT
4095,1821,2262,4.863,-7.611,-1.573,0.205,0.053,0.6,POINT
4095,1867,534,4.946,-7.987,-1.427,0.285,0.188,0.579,POINT
3868,1803,0,5.076,-8.262,-1.118,0.405,0.262,0.411,POINT
3960,1847,0,4.726,-8.013,-1.034,0.494,0.276,0.303,POINT
4051,1827,0,4.362,-7.717,-1.003,0.54,0.287,0.434,POINT
3919,1867,0,4.288,-7.748,-0.85,0.622,0.346,0.606,POINT
3946,1814,0,4.389,-8.15,-0.761,0.731,0.444,0.671,POINT
3797,1843,800,4.254,-8.298,-0.56,0.818,0.5,0.598,POINT
3947,1887,1919,4.152,-8.272,-0.39,0.892,0.545,0.569,POINT
3971,1852,1712,4.269,-8.456,-0.151,0.929,0.566,0.559,POINT
4051,1903,2382,4.401,-8.959,-0.273,0.922,0.612,0.542,POINT
4095,1915,4095,4.568,-9.436,0.101,0.856,0.701,0.478,POINT
4095,1921,4095,5.03,-9.91,0.606,0.706,0.616,0.289,POINT
4095,1845,3371,4.132,-8.064,3.608,-0.189,-0.051,0.286,POINT
3583,1891,2452,4.381,-8.375,3.709,-0.195,-0.032,0.301,POINT
4095,1243,2679,4.477,-8.485,3.802,-0.153,-0.064,0.186,POINT
3802,2256,1554,4.386,-8.37,3.759,-0.102,-0.088,0.07,POINT
3127,1842,3037,4.283,-8.286,3.723,-0.06,-0.074,0.003,POINT
4095,1591,0,4.24,-8.179,3.682,-0.044,-0.05,-0.023,POINT
4095,2002,3071,4.202,-8.169,3.654,-0.045,-0.03,0.007,POINT
3808,1578,4095,4.247,-8.262,3.668,-0.07,-0.035,0.07,POINT
4095,1840,411,4.475,-8.535,3.699,-0.067,-0.047,0.058,POINT
2929,2235,2384,4.434,-8.516,3.721,-0.05,-0.07,-0.017,POINT
3854,1693,2815,4.278,-8.387,3.601,-0.046,-0.061,-0.031,POINT
4095,2312,0,4.302,-8.368,3.644,-0.061,-0.044,-0.014,POINT
3057,1942,3512,4.264,-8.277,3.694,-0.064,-0.056,0.009,POINT
3274,1690,3071,4.305,-8.329,3.692,-0.076,-0.082,0.041,POINT
4091,2042,496,4.302,-8.42,3.642,-0.075,-0.1,0.06,POINT
3402,1821,795,4.293,-8.473,3.531,-0.071,-0.088,0.034,POINT
3748,1533,97,4.233,-8.406,3.563,-0.07,-0.054,-0.008,POINT
4089,1766,2770,4.166,-8.313,3.563,-0.07,-0.03,-0.026,POINT
3377,1872,4095,4.132,-8.222,3.596,-0.094,-0.041,0.021,POINT
3969,1725,976,4.274,-8.284,3.737,-0.089,-0.083,0.058,POINT
3279,2320,1535,4.298,-8.339,3.701,-0.068,-0.116,0.048,POINT
4095,1872,2715,4.24,-8.401,3.56,-0.052,-0.089,0.023,POINT
4095,2018,42,4.216,-8.389,3.553,-0.052,-0.037,-0.024,POINT
3399,2237,3314,4.135,-8.2,3.622,-0.055,-0.023,-0.003,POINT
3415,1877,4095,4.257,-8.284,3.661,-0.058,-0.037,0.025,POINT
4095,1921,1285,4.247,-8.267,3.685,-0.064,-0.079,0.045,POINT
2991,2288,2286,4.252,-8.356,3.622,-0.061,-0.091,0.06,POINT
4095,1802,967,4.247,-8.399,3.56,-0.055,-0.07,0.021,POINT
4095,1851,3024,4.187,-8.315,3.589,-0.062,-0.027,0.001,POINT
3407,1855,4095,4.197,-8.27,3.666,-0.067,-0.026,0.016,POINT
3676,1762,430,4.154,-8.186,3.735,-0.06,-0.065,0.046,POINT
3344,2172,0,4.319,-8.375,3.692,-0.063,-0.105,0.055,POINT
3664,1636,2242,4.211,-8.317,3.618,-0.05,-0.099,0.035,POINT
4095,1482,367,4.041,-8.219,3.615,-0.056,-0.055,0.043,POINT
3365,2066,1220,4.063,-8.258,3.575,-0.064,-0.023,0.083,POINT
2815,1930,2603,4.243,-8.497,3.654,-0.059,-0.022,0.071,POINT
4022,1850,625,4.125,-8.349,3.68,-0.056,-0.037,0.037,POINT
3985,2663,755,4.14,-8.43,3.663,-0.05,-0.031,0.058,POINT
4086,1614,831,4.195,-8.485,3.615,-0.055,-0.029,0.048,POINT
4095,1837,1829,4.183,-8.459,3.649,-0.07,-0.027,0.072,POINT
3343,2019,4095,4.278,-8.588,3.649,-0.077,-0.01,0.06,POINT
4095,1908,2688,4.295,-8.456,3.699,-0.095,-0.027,0.037,POINT
3491,2180,1236,4.25,-8.349,3.742,-0.088,-0.058,0.051,POINT
3920,1869,4095,4.302,-8.449,3.654,-0.078,-0.075,0.051,POINT
4095,1688,927,4.329,-8.504,3.615,-0.085,-0.075,0.027,POINT
3771,2138,2532,4.226,-8.444,3.598,-0.102,-0.084,0.025,POINT
3227,1806,4095,4.13,-8.361,3.587,-0.119,-0.094,0.062,POINT
4095,1831,2899,4.137,-8.406,3.546,-0.124,-0.099,0.083,POINT
4050,3051,1739,4.142,-8.444,3.543,-0.126,-0.107,0.071,POINT
4026,1648,1823,4.029,-8.365,3.505,-0.114,-0.101,0.057,POINT
4095,1873,1779,4.082,-8.382,3.486,-0.091,-0.076,0.038,POINT
3131,1984,4095,4.142,-8.442,3.534,-0.06,-0.059,-0.032,POINT
4083,1744,229,3.974,-8.157,3.539,-0.057,-0.084,-0.028,POINT
4005,2132,0,3.977,-8.205,3.479,-0.058,-0.097,0.051,POINT
3686,1814,2337,4.005,-8.341,3.376,-0.086,-0.066,0.098,POINT
4095,1367,1502,4.142,-8.471,3.486,-0.074,-0.042,0.072,POINT
3930,2112,1234,4.214,-8.533,3.558,-0.049,-0.02,-0.004,POINT
3093,2045,4095,4.185,-8.401,3.577,-0.015,-0.034,-0.077,POINT
4095,1674,1110,4.032,-8.253,3.522,-0.027,-0.043,-0.036,POINT
3888,2213,896,4.161,-8.377,3.608,-0.039,-0.063,0.026,POINT
3952,1532,2834,4.142,-8.452,3.529,-0.059,-0.066,0.037,POINT
4095,1900,4095,4.178,-8.533,3.596,-0.068,-0.058,0.044,POINT
3006,2039,4095,4.164,-8.571,3.563,-0.054,-0.056,0.002,POINT
4095,1714,3458,4.113,-8.461,3.565,-0.031,-0.046,-0.036,POINT
4027,1978,0,4.089,-8.387,3.57,-0.047,-0.061,-0.006,POINT
4095,1893,4095,4.037,-8.353,3.558,-0.075,-0.076,0.064,POINT
4095,1757,2456,4.173,-8.545,3.584,-0.085,-0.065,0.107,POINT
3631,1864,1368,4.305,-8.677,3.622,-0.065,-0.059,0.015,POINT
3142,1867,4095,4.032,-8.401,3.579,-0.044,-0.067,-0.054,POINT
4095,1712,1739,3.965,-8.305,3.587,-0.079,-0.075,0.011,POINT
3534,2239,128,3.998,-8.351,3.548,-0.088,-0.092,0.121,POINT
3817,1691,1683,4.132,-8.559,3.527,-0.082,-0.078,0.107,POINT
4095,1904,1380,4.159,-8.569,3.625,-0.044,-0.055,0.021,POINT
2864,2241,3368,4.085,-8.49,3.584,-0.029,-0.054,-0.04,POINT
3822,1725,208,3.953,-8.313,3.519,-0.052,-0.06,0.006,POINT
3379,1599,371,6.268,-5.416,-4.978,-0.044,-0.042,-0.003,POINT
3509,1725,2175,6.297,-5.456,-4.98,-0.043,-0.051,-0.011,POINT
4095,2099,256,6.282,-5.43,-4.93,-0.045,-0.061,-0.014,POINT
4095,2150,3233,6.211,-5.43,-5.009,-0.046,-0.055,0.01,POINT
3728,1583,0,6.311,-5.569,-4.999,-0.046,-0.045,0.012,POINT
3663,1798,1358,6.292,-5.55,-4.985,-0.051,-0.05,-0.013,POINT
4095,1814,960,6.223,-5.466,-5.023,-0.055,-0.043,0.003,POINT
3887,2016,2635,6.321,-5.538,-5.023,-0.055,-0.032,0.011,POINT
3791,1730,3328,6.349,-5.514,-5.001,-0.053,-0.025,-0.001,POINT
4095,1806,1887,6.373,-5.516,-5.009,-0.05,-0.013,-0.013,POINT
3698,1699,4095,6.407,-5.476,-4.899,-0.048,-0.025,-0.005,POINT
3347,1310,3073,6.409,-5.464,-4.978,-0.044,-0.034,0.009,POINT
4095,4095,3451,6.409,-5.502,-4.97,-0.045,-0.021,0.028,POINT
4080,1868,4095,6.469,-5.571,-4.98,-0.052,-0.011,0.035,POINT
4095,2032,4095,6.522,-5.571,-4.863,-0.055,-0.012,0.01,POINT
4095,1760,2402,6.479,-5.461,-4.824,-0.05,-0.058,-0.018,POINT
4095,1967,2593,6.359,-5.37,-4.992,-0.041,-0.072,0.015,POINT
3313,1495,511,6.381,-5.499,-5.042,-0.046,-0.044,0.048,POINT
4095,2146,1403,6.46,-5.61,-4.937,-0.047,-0.028,0.026,POINT
3017,1659,1535,6.404,-5.511,-4.939,-0.042,-0.03,-0.015,POINT
4095,1855,0,6.364,-5.447,-4.889,-0.039,-0.041,-0.001,POINT
3580,1776,2240,6.407,-5.447,-4.875,-0.039,-0.071,0.035,POINT
4095,1920,740,6.393,-5.49,-4.954,-0.037,-0.091,0.055,POINT
3342,1531,2849,6.371,-5.535,-4.985,-0.038,-0.08,0.064,POINT
3952,1744,0,6.371,-5.61,-5.021,-0.04,-0.06,0.036,POINT
3463,1582,1439,6.309,-5.499,-4.968,-0.04,-0.042,0.006,POINT
3770,1920,1744,6.294,-5.44,-4.848,-0.043,-0.05,0.018,POINT
3855,1744,2900,6.366,-5.497,-4.879,-0.034,-0.077,0.03,POINT
4095,1904,1667,6.373,-5.519,-4.954,-0.035,-0.081,0.027,POINT
3790,1906,2957,6.345,-5.495,-4.997,-0.035,-0.058,0.006,POINT
4095,1673,2888,6.306,-5.464,-4.934,-0.041,-0.032,0.012,POINT
4027,1776,1883,6.349,-5.49,-4.87,-0.034,-0.035,0.019,POINT
3642,1966,4095,6.371,-5.49,-4.858,-0.033,-0.055,0.018,POINT
3824,1338,3136,6.33,-5.464,-4.882,-0.034,-0.071,0.027,POINT
4095,2096,4095,6.342,-5.535,-4.927,-0.032,-0.053,0.024,POINT
3011,1951,4095,6.409,-5.574,-4.922,-0.032,-0.034,0,POINT
4079,1782,2463,6.366,-5.55,-4.913,-0.037,-0.013,-0.018,POINT
3674,1659,1039,6.369,-5.502,-4.808,-0.037,-0.016,-0.014,POINT
4095,1794,2864,6.378,-5.473,-4.779,-0.032,-0.05,0.019,POINT
3815,1665,150,6.371,-5.523,-4.846,-0.025,-0.068,0.034,POINT
4095,1866,543,6.323,-5.555,-4.98,-0.007,-0.035,0.031,POINT
3517,1705,657,6.347,-5.643,-4.93,-0.026,0.005,0.007,POINT
4095,1927,0,6.273,-5.588,-4.956,-0.032,0.046,-0.006,POINT
3466,1600,2204,6.285,-5.564,-4.796,-0.032,0.061,0.009,POINT
4095,1853,55,6.448,-5.61,-4.664,-0.031,0.023,0.018,POINT
3723,1771,587,6.474,-5.567,-4.697,-0.026,-0.015,0.017,POINT
3235,1801,183,6.443,-5.526,-4.796,-0.028,-0.024,0.024,POINT
4095,1877,1949,6.457,-5.605,-4.82,-0.036,0.01,0.025,POINT
3387,1837,2614,6.464,-5.662,-4.769,-0.047,0.037,0.01,POINT
3869,1617,2352,6.495,-5.586,-4.657,-0.053,0.028,-0.008,POINT
4095,1895,2803,6.481,-5.488,-4.64,-0.052,-0.01,0.007,POINT
4095,1988,4007,6.503,-5.504,-4.647,-0.042,-0.042,0.021,POINT
3647,1572,3954,6.4,-5.514,-4.781,-0.033,-0.049,0.038,POINT
4095,2068,1799,6.443,-5.677,-4.829,-0.034,-0.009,0.029,POINT
3055,2220,4095,6.44,-5.629,-4.717,-0.028,0.006,0,POINT
4077,1880,3160,6.448,-5.617,-4.69,-0.029,-0.005,0.007,POINT
4069,2208,3181,6.481,-5.6,-4.673,-0.027,-0.029,0.033,POINT
3583,1563,1098,6.46,-5.648,-4.741,-0.039,-0.025,0.062,POINT
4095,2030,4095,6.507,-5.722,-4.796,-0.044,-0.004,0.055,POINT
3551,1607,803,6.51,-5.744,-4.784,-0.054,0.021,0.021,POINT
4095,2024,1329,6.416,-5.636,-4.676,-0.064,0.041,-0.002,POINT
3695,1649,0,6.436,-5.516,-4.604,-0.062,0.023,0.007,POINT
3651,1846,912,6.512,-5.545,-4.594,-0.062,-0.002,0.028,POINT
4095,1787,348,6.558,-5.571,-4.63,-0.054,-0.019,0.018,POINT
3579,1891,1239,6.503,-5.614,-4.647,-0.064,-0.014,0.017,POINT
3645,1712,655,6.579,-5.66,-4.623,-0.079,-0.014,0.012,POINT
4095,1920,143,6.62,-5.72,-4.657,-0.092,-0.012,-0.006,POINT
3995,2210,2711,6.663,-5.71,-4.645,-0.111,-0.001,-0.042,POINT
3201,1391,1843,6.685,-5.643,-4.515,-0.131,-0.035,-0.045,POINT
3583,2006,1235,6.687,-5.593,-4.578,-0.136,-0.086,-0.049,POINT
3692,1912,4095,6.661,-5.626,-4.638,-0.145,-0.118,-0.041,POINT
4095,1840,4095,6.651,-5.665,-4.772,-0.162,-0.125,-0.049,POINT
4095,1746,2323,6.658,-5.693,-4.779,-0.192,-0.113,-0.059,POINT
4095,2012,4095,6.886,-5.744,-4.654,-0.17,-0.161,-0.095,POINT
3459,1463,2093,7.151,-5.933,-4.822,-0.197,-0.293,-0.171,POINT
3158,1921,2591,6.476,0.601,8.08,-0.059,-0.069,0.007,POINT
3968,1824,2782,6.462,0.577,8.049,-0.063,-0.068,0.012,POINT
4095,2122,2007,6.483,0.577,8.037,-0.058,-0.086,0.012,POINT
3472,1985,4095,6.433,0.577,8.023,-0.059,-0.097,0.005,POINT
3829,1931,625,6.515,0.565,8.025,-0.056,-0.059,-0.024,POINT
4095,1983,1519,6.546,0.699,8.097,-0.058,-0.034,-0.055,POINT
3019,2153,2622,6.455,0.836,8.073,-0.055,-0.05,-0.035,POINT
3695,1947,279,6.421,0.764,8.023,-0.058,-0.06,0.02,POINT
4095,2093,0,6.491,0.646,7.997,-0.068,-0.07,0.038,POINT
3741,2030,546,6.539,0.591,7.98,-0.063,-0.064,0.031,POINT
3294,1647,880,6.579,0.548,7.989,-0.06,-0.064,0.002,POINT
4095,2434,932,6.503,0.63,8.023,-0.055,-0.084,-0.007,POINT
3137,2052,3580,6.495,0.603,8.004,-0.056,-0.082,0.002,POINT
4095,1999,0,6.56,0.599,8.03,-0.053,-0.078,-0.013,POINT
4095,2146,3632,6.503,0.613,8.068,-0.05,-0.074,-0.03,POINT
3952,1866,1578,6.433,0.656,8.033,-0.054,-0.072,-0.02,POINT
4095,2138,4095,6.469,0.675,8.047,-0.052,-0.08,-0.001,POINT
4095,2187,2752,6.467,0.73,8.006,-0.055,-0.082,0.011,POINT
4095,2174,4095,6.469,0.716,7.987,-0.052,-0.079,0.019,POINT
4095,1892,2297,6.4,0.69,8.049,-0.055,-0.077,0.027,POINT
4095,1951,4095,6.541,0.553,8.011,-0.049,-0.056,0.022,POINT
4095,2128,2503,6.594,0.527,7.951,-0.046,-0.05,-0.018,POINT
4095,2192,2962,6.574,0.63,7.994,-0.048,-0.05,-0.027,POINT
3827,1826,1586,6.555,0.716,7.977,-0.042,-0.074,-0.016,POINT
4095,2091,912,6.579,0.742,7.963,-0.045,-0.072,-0.004,POINT
4095,2192,2279,6.563,0.728,7.997,-0.048,-0.067,-0.003,POINT
3699,1647,765,6.472,0.718,7.98,-0.046,-0.073,0.002,POINT
3991,2333,82,6.472,0.654,7.982,-0.047,-0.073,0.012,POINT
3221,2182,1407,6.522,0.646,8.011,-0.044,-0.081,0.001,POINT
3935,2001,114,6.483,0.675,8.004,-0.043,-0.081,-0.023,POINT
3250,2005,960,6.445,0.747,8.028,-0.046,-0.063,-0.028,POINT
3751,2084,1815,6.481,0.747,8.047,-0.052,-0.055,-0.015,POINT
3445,1785,887,6.476,0.761,8.047,-0.056,-0.064,0.003,POINT
4095,2229,957,6.457,0.735,7.987,-0.056,-0.07,0.025,POINT
3291,1924,4048,6.505,0.687,7.987,-0.064,-0.05,0.032,POINT
4095,2033,945,6.574,0.673,8.013,-0.06,-0.038,0.016,POINT
3915,2019,4088,6.515,0.68,8.011,-0.057,-0.047,0.015,POINT
4095,2165,2248,6.519,0.663,7.925,-0.058,-0.061,0.031,POINT
3894,2016,4095,6.57,0.646,7.985,-0.049,-0.059,0.006,POINT
4095,2019,1279,6.46,0.773,8.021,-0.055,-0.046,-0.012,POINT
4095,1842,4095,6.481,0.816,8.035,-0.06,-0.036,0.018,POINT
3689,1795,4095,6.503,0.718,8.052,-0.061,-0.052,0.035,POINT
4083,2022,3647,6.5,0.587,8.001,-0.057,-0.066,0.029,POINT
4095,2103,1557,6.503,0.589,7.994,-0.047,-0.08,-0.002,POINT
3745,2046,2256,6.495,0.697,8.013,-0.048,-0.09,-0.026,POINT
3812,1887,2988,6.462,0.771,8.054,-0.053,-0.084,-0.016,POINT
4095,2063,1037,6.539,0.733,8.068,-0.06,-0.075,0.004,POINT
3568,2078,2902,6.541,0.694,8.001,-0.059,-0.079,-0.011,POINT
3988,1851,0,6.457,0.702,7.98,-0.059,-0.076,-0.026,POINT
3207,2067,427,6.479,0.694,7.999,-0.055,-0.071,-0.018,POINT
2997,1526,1808,6.553,0.73,7.958,-0.059,-0.068,-0.012,POINT
4095,2141,0,6.555,0.821,7.973,-0.063,-0.065,0.002,POINT
3879,1903,526,6.534,0.836,7.949,-0.068,-0.055,0.033,POINT
3983,2253,2592,6.594,0.785,7.956,-0.072,-0.037,0.035,POINT
3962,1940,1521,6.512,0.797,7.977,-0.068,-0.033,0.021,POINT
4095,2288,2518,6.5,0.795,7.946,-0.065,-0.037,0.042,POINT
3460,1775,2416,6.574,0.68,7.963,-0.066,-0.044,0.052,POINT
4095,2109,2951,6.553,0.632,8.047,-0.064,-0.046,0.034,POINT
4095,2038,4016,6.529,0.63,7.997,-0.062,-0.041,0.033,POINT
4095,2228,2042,6.584,0.673,8.066,-0.067,-0.039,0.031,POINT
3543,1971,4095,6.531,0.69,8.033,-0.065,-0.049,0.015,POINT
4095,1715,2815,6.402,0.699,8.021,-0.063,-0.052,0.011,POINT
4095,2016,4095,6.407,0.699,7.987,-0.062,-0.044,0.009,POINT
3826,1965,3023,6.46,0.759,8.009,-0.062,-0.05,0.012,POINT
3776,1856,1740,6.488,0.742,8.025,-0.058,-0.066,0.025,POINT
4095,2144,1887,6.431,0.702,7.997,-0.057,-0.075,0.029,POINT
3619,1990,2259,6.483,0.651,8.04,-0.063,-0.052,0.031,POINT
3734,1941,125,6.589,0.625,8.056,-0.064,-0.046,0.013,POINT
4095,2043,384,6.512,0.656,7.997,-0.064,-0.058,0.013,POINT
3059,1751,2247,6.455,0.644,8.004,-0.066,-0.065,0.027,POINT
4095,1815,0,6.474,0.606,8.021,-0.061,-0.063,0.009,POINT
3261,2198,1955,6.46,0.725,8.009,-0.058,-0.054,-0.006,POINT
3725,1896,0,6.46,0.804,8.033,-0.061,-0.058,0.017,POINT
4095,2043,3712,6.517,0.754,8.028,-0.062,-0.065,0.043,POINT
3582,1936,2348,6.536,0.725,7.97,-0.064,-0.06,0.046,POINT
4095,1956,2971,6.776,2.835,-6.56,-0.021,-0.039,-0.023,POINT
4095,1985,2330,6.759,2.856,-6.606,-0.014,-0.067,0.019,POINT
4095,1968,3758,6.677,2.816,-6.594,-0.011,-0.075,0.05,POINT
4095,2009,2171,6.713,2.789,-6.658,0.001,-0.075,0.056,POINT
4095,1990,4095,6.766,2.777,-6.649,-0.005,-0.048,0.083,POINT
4095,1991,4095,6.833,2.686,-6.574,0.002,-0.067,0.106,POINT
4095,1982,4095,6.821,2.55,-6.615,0.016,-0.111,0.095,POINT
4095,2001,4095,6.67,2.464,-6.701,0.042,-0.139,0.06,POINT
4095,1974,4095,6.558,2.444,-6.84,0.05,-0.136,0.027,POINT
4095,1986,4095,6.529,2.497,-6.823,0.026,-0.101,0.058,POINT
4095,1952,4083,6.565,2.423,-6.732,0.018,-0.101,0.096,POINT
4095,1975,2544,6.563,2.358,-6.728,0.029,-0.134,0.088,POINT
4095,2000,1307,6.493,2.327,-6.862,0.049,-0.153,0.07,POINT
4095,1979,2647,6.436,2.284,-6.972,0.039,-0.128,0.063,POINT
4095,1970,641,6.404,2.282,-6.902,0.03,-0.102,0.071,POINT
4095,2026,1764,6.304,2.21,-6.974,0.027,-0.098,0.081,POINT
4095,1991,2656,6.208,2.152,-7.056,0.02,-0.085,0.095,POINT
4095,1946,2229,6.249,2.085,-7.029,0.001,-0.06,0.11,POINT
4095,1919,2439,6.318,2.045,-7.029,-0.002,-0.048,0.096,POINT
4075,1996,1501,6.337,2.023,-6.979,-0.01,-0.035,0.055,POINT
4095,1985,3055,6.29,2.109,-6.979,-0.003,-0.027,0.023,POINT
4085,1927,3554,6.266,2.205,-7.025,-0.004,-0.016,0.017,POINT
4095,1965,3551,6.337,2.265,-6.958,-0.02,0.006,0.061,POINT
4095,1957,3010,6.512,2.179,-6.847,-0.027,0.008,0.087,POINT
4095,1971,4095,6.553,2.14,-6.862,-0.019,0.006,0.06,POINT
4095,1979,4095,6.546,2.162,-6.879,-0.009,0.008,0.02,POINT
4095,1993,4095,6.536,2.212,-6.864,-0.007,0.02,0.012,POINT
4095,1970,4095,6.572,2.248,-6.821,-0.015,0.025,0.045,POINT
4095,2036,4095,6.682,2.164,-6.771,-0.027,0.023,0.078,POINT
4095,2019,4095,6.747,2.097,-6.728,-0.028,0.01,0.072,POINT
4095,1968,4095,6.74,2.081,-6.756,-0.029,-0.013,0.055,POINT
4095,2003,3979,6.768,2.073,-6.778,-0.04,-0.017,0.054,POINT
4095,1968,4011,6.768,2.076,-6.783,-0.053,-0.009,0.072,POINT
4095,1984,4095,6.84,1.997,-6.689,-0.059,-0.03,0.079,POINT
4095,2000,3454,6.778,1.956,-6.744,-0.055,-0.055,0.054,POINT
4068,1969,2259,6.756,1.932,-6.776,-0.058,-0.061,0.037,POINT
4095,1997,2791,6.73,1.975,-6.797,-0.063,-0.058,0.031,POINT
4095,2034,2349,6.732,1.982,-6.752,-0.064,-0.06,0.039,POINT
4095,1968,2161,6.749,1.961,-6.78,-0.051,-0.083,0.037,POINT
4080,1966,0,6.742,1.867,-6.819,-0.043,-0.1,0.01,POINT
4072,1966,1460,6.661,1.867,-6.864,-0.05,-0.104,-0.017,POINT
4095,1941,2236,6.517,1.894,-6.922,-0.056,-0.083,-0.019,POINT
4095,1978,2807,6.582,1.954,-6.835,-0.069,-0.07,-0.014,POINT
4095,1968,2559,6.574,1.963,-6.843,-0.072,-0.08,-0.007,POINT
4095,1985,3824,6.567,1.949,-6.845,-0.069,-0.093,-0.013,POINT
4095,1999,4095,6.512,1.97,-6.905,-0.066,-0.095,-0.043,POINT
4095,1995,4095,6.371,2.028,-6.989,-0.07,-0.045,-0.056,POINT
4095,1981,4095,6.404,2.1,-6.898,-0.09,0.004,-0.05,POINT
4095,1966,4095,6.409,2.179,-6.883,-0.102,0.019,-0.013,POINT
4095,1991,4095,6.531,2.145,-6.816,-0.094,0.008,-0.005,POINT
4095,1935,4095,6.586,2.172,-6.821,-0.079,0.01,-0.022,POINT
4095,1994,3127,6.603,2.184,-6.838,-0.078,0.034,-0.037,POINT
4095,1976,2885,6.639,2.215,-6.792,-0.078,0.049,-0.035,POINT
4095,2004,2838,6.677,2.217,-6.716,-0.074,0.055,-0.017,POINT
4095,1972,1280,6.785,2.16,-6.706,-0.067,0.054,-0.02,POINT
4095,1952,0,6.812,2.157,-6.67,-0.067,0.041,-0.033,POINT
4095,1942,377,6.814,2.2,-6.644,-0.064,0.031,-0.017,POINT
4017,1968,0,6.931,2.172,-6.606,-0.07,0.014,0.008,POINT
4016,1966,0,6.938,2.083,-6.639,-0.077,-0.005,0.002,POINT
4095,1968,0,6.886,2.136,-6.644,-0.078,-0.018,-0.014,POINT
4095,1999,585,6.838,2.184,-6.687,-0.078,-0.018,-0.016,POINT
4095,2000,1914,6.814,2.181,-6.651,-0.083,-0.006,-0.007,POINT
4095,1968,2259,6.864,2.188,-6.603,-0.09,-0.028,0.004,POINT
4095,1984,2531,6.821,2.219,-6.625,-0.089,-0.053,0.011,POINT
4095,2010,4095,6.764,2.248,-6.723,-0.082,-0.041,0.01,POINT
4095,1984,4095,6.756,2.184,-6.718,-0.083,-0.008,-0.006,POINT
4095,1999,4095,6.646,2.258,-6.663,-0.09,0.004,-0.01,POINT
4095,1967,4095,6.668,2.26,-6.675,-0.086,-0.006,-0.001,POINT
4095,1997,4095,6.687,2.337,-6.598,-0.075,-0.038,0.006,POINT
4095,1984,4095,6.656,2.294,-6.73,-0.058,-0.045,0.013,POINT
4095,2002,4095,6.699,2.188,-6.8,-0.067,0.008,0.004,POINT
4095,1966,3362,6.759,2.274,-6.608,-0.079,0.024,-0.019,POINT
4095,1937,3209,6.718,2.373,-6.589,-0.068,0.01,-0.005,POINT
4095,1949,2884,6.843,2.33,-6.546,-0.057,-0.007,0.012,POINT
4095,1979,1241,6.931,2.294,-6.586,-0.044,-0.02,-0.007,POINT
4095,2063,1953,7.819,-3.797,-4.266,-0.063,-0.041,-0.052,POINT
4095,2006,2171,7.848,-3.749,-4.276,-0.076,-0.036,0.006,POINT
4095,2054,1780,8.037,-3.859,-4.195,-0.071,-0.027,0.021,POINT
4095,2003,0,8.157,-3.893,-4.147,-0.06,-0.033,-0.023,POINT
4095,1999,0,8.155,-3.797,-4.135,-0.052,-0.06,-0.066,POINT
4089,1979,0,8.013,-3.594,-4.245,-0.052,-0.071,-0.046,POINT
4069,1967,0,7.997,-3.582,-4.214,-0.069,-0.061,0.046,POINT
4080,1968,0,8.181,-3.795,-4.135,-0.058,-0.065,0.06,POINT
4095,1933,95,8.147,-3.847,-4.178,-0.041,-0.09,0.002,POINT
4027,1973,2195,7.987,-3.754,-4.209,-0.03,-0.091,-0.016,POINT
4095,1929,1984,7.944,-3.725,-4.247,-0.039,-0.088,0.012,POINT
4092,2038,3398,7.853,-3.742,-4.29,-0.042,-0.078,0.031,POINT
4045,1965,3277,7.817,-3.821,-4.326,-0.051,-0.036,0.037,POINT
4095,1905,4095,7.879,-3.881,-4.254,-0.059,-0.034,0.027,POINT
4095,1909,4095,7.939,-3.804,-4.221,-0.049,-0.04,0.023,POINT
4095,1950,4095,8.001,-3.783,-4.247,-0.044,-0.051,0.019,POINT
4095,1977,4095,7.985,-3.749,-4.245,-0.037,-0.067,0.019,POINT
4095,1984,4095,7.922,-3.644,-4.29,-0.042,-0.059,0.036,POINT
4095,1967,4095,7.915,-3.608,-4.252,-0.044,-0.04,0.08,POINT
4095,1942,3440,8.047,-3.735,-4.164,-0.04,-0.038,0.111,POINT
4095,2011,3414,8.167,-3.879,-4.111,-0.019,-0.064,0.091,POINT
4095,2018,1321,8.159,-3.917,-4.175,-0.005,-0.092,0.033,POINT
4095,1981,1655,7.987,-3.852,-4.271,-0.011,-0.085,0.015,POINT
4095,1921,0,7.939,-3.826,-4.271,-0.029,-0.047,0.025,POINT
4095,1968,81,8.097,-3.934,-4.113,-0.037,-0.043,0.037,POINT
4080,1966,0,8.088,-3.943,-4.101,-0.034,-0.08,0.023,POINT
4001,1674,0,7.915,-3.855,-4.233,-0.036,-0.094,0.046,POINT
4095,1570,0,7.882,-3.958,-4.257,-0.052,-0.069,0.084,POINT
4033,1743,0,7.966,-3.974,-4.25,-0.06,-0.059,0.064,POINT
4021,1931,1262,7.889,-3.958,-4.226,-0.053,-0.047,0.049,POINT
4095,1891,1535,7.985,-4.197,-4.278,-0.075,-0.017,0.001,POINT
4090,1924,3278,8.037,-3.931,-4.099,-0.054,-0.048,-0.058,POINT
4095,1911,3095,7.994,-3.637,-4.135,-0.034,-0.096,-0.042,POINT
4095,1948,4095,8.133,-3.603,-4.219,-0.023,-0.117,0.033,POINT
4095,1919,4095,8.255,-3.721,-4.171,-0.013,-0.13,0.041,POINT
4095,1967,4095,8.116,-3.792,-4.231,-0.004,-0.132,0.012,POINT
4095,1979,4095,7.889,-3.836,-4.25,0,-0.121,-0.003,POINT
4095,1994,4095,7.774,-3.917,-4.257,-0.009,-0.112,0.008,POINT
4095,1973,4095,7.633,-4.085,-4.338,-0.029,-0.084,0.042,POINT
4095,1983,3089,7.669,-4.259,-4.307,-0.047,-0.032,0.03,POINT
4095,1986,3398,7.752,-4.329,-4.245,-0.07,-0.004,-0.013,POINT
4095,1907,978,7.824,-4.135,-4.173,-0.088,0.007,-0.04,POINT
4095,2032,1833,8.028,-3.893,-4.051,-0.08,-0.032,-0.018,POINT
4095,1970,0,8.181,-3.821,-4.082,-0.055,-0.09,0.01,POINT
4005,2024,0,8.155,-3.876,-4.173,-0.044,-0.107,0.009,POINT
4060,1923,0,7.937,-4.336,-4.647,-0.114,-0.039,-0.015,POINT
4095,1974,0,7.937,-4.08,-4.149,-0.12,-0.009,0.015,POINT
4095,1922,0,8.028,-3.984,-4.056,-0.122,-0.053,0.022,POINT
4095,1922,0,8.054,-3.919,-4.164,-0.111,-0.078,0.025,POINT
4006,1952,1280,7.999,-3.812,-4.214,-0.129,-0.089,0.07,POINT
4095,1926,646,8.131,-4.034,-4.211,-0.142,-0.089,0.108,POINT
4095,1915,3441,8.191,-4.178,-4.178,-0.149,-0.09,0.071,POINT
4095,1955,2122,8.095,-4.252,-4.204,-0.162,-0.098,0.044,POINT
4095,1968,4095,8.109,-4.451,-4.173,-0.198,-0.096,0.073,POINT
4095,1962,4095,8.243,-4.707,-4.073,-0.238,-0.121,0.105,POINT
4095,1967,4095,8.373,-5.08,-4.073,-0.29,-0.157,0.121,POINT
4095,1957,4095,8.509,-5.485,-4.017,-0.388,-0.167,0.153,POINT
4095,1926,4095,8.684,-5.895,-3.883,-0.529,-0.192,0.206,POINT
4095,1969,4095,8.686,-5.964,-3.85,-0.706,-0.25,0.288,POINT
4079,1933,3525,8.523,-5.861,-4.029,-0.94,-0.306,0.424,POINT
4095,1904,3466,8.143,-5.267,-4.14,-1.175,-0.347,0.571,POINT
4095,1963,1054,7.836,-4.583,-4.343,-1.325,-0.375,0.654,POINT
4095,1968,2187,7.324,-3.697,-4.645,-1.396,-0.373,0.655,POINT
4089,1862,0,6.926,-2.885,-4.913,-1.368,-0.31,0.656,POINT
4095,1911,0,6.759,-2.377,-5.169,-1.27,-0.214,0.61,POINT
4095,1953,0,6.74,-2.088,-5.418,-1.144,-0.118,0.521,POINT
4063,2000,0,6.536,-1.755,-5.511,-1.009,-0.056,0.417,POINT
4095,1925,0,6.553,-1.666,-5.662,-0.835,0.002,0.371,POINT
4095,1927,0,6.84,-2.037,-5.823,-0.717,0.051,0.361,POINT
4095,1918,814,7.082,-2.358,-5.813,-0.633,0.049,0.306,POINT
4095,1943,1566,7.061,-2.48,-5.851,-0.564,0.05,0.221,POINT
4095,1980,3682,7.104,-2.591,-5.801,-0.493,0.055,0.148,POINT
4095,1931,1984,7.147,-2.722,-5.732,-0.437,0.063,0.137,POINT
4095,1950,4095,7.175,-2.914,-5.703,-0.415,0.066,0.158,POINT
4095,1993,4095,7.072,-2.971,-5.655,-0.416,0.054,0.185,POINT
4095,2046,3638,4.707,5.385,-6.369,-0.091,0.099,-0.183,POINT
4016,2151,4095,4.688,5.38,-6.426,-0.085,0.109,-0.236,POINT
4095,1805,1247,4.527,5.409,-6.46,-0.084,0.135,-0.255,POINT
4095,2425,3646,4.441,5.456,-6.479,-0.111,0.18,-0.225,POINT
3234,1823,4095,4.482,5.571,-6.369,-0.18,0.216,-0.131,POINT
4095,2170,2033,4.628,5.674,-6.11,-0.221,0.212,-0.021,POINT
3881,4095,4095,4.827,5.626,-5.969,-0.213,0.167,0.022,POINT
4095,1904,1671,4.887,5.583,-6.072,-0.193,0.142,-0.037,POINT
4095,2111,2859,4.812,5.638,-6.179,-0.197,0.189,-0.119,POINT
3371,2032,3392,4.8,5.801,-6.024,-0.213,0.237,-0.163,POINT
4095,2042,2162,4.779,6.067,-5.847,-0.218,0.261,-0.134,POINT
3383,2432,264,4.908,6.189,-5.768,-0.209,0.247,-0.068,POINT
4095,2058,1002,4.997,6.199,-5.725,-0.2,0.216,-0.021,POINT
4095,1808,0,5.066,6.208,-5.76,-0.181,0.203,-0.013,POINT
3214,2383,672,5.167,6.158,-5.739,-0.171,0.222,-0.05,POINT
2960,2059,4095,5.183,6.163,-5.583,-0.153,0.231,-0.119,POINT
4095,2063,0,5.064,6.349,-5.514,-0.132,0.219,-0.155,POINT
3407,2656,342,5.021,6.448,-5.581,-0.121,0.217,-0.12,POINT
3550,1776,1677,5.095,6.419,-5.564,-0.128,0.226,-0.059,POINT
4095,2029,2469,5.241,6.311,-5.456,-0.128,0.22,-0.02,POINT
3297,2234,3583,5.332,6.134,-5.514,-0.101,0.203,-0.045,POINT
4037,1977,3239,5.224,6.086,-5.583,-0.076,0.198,-0.11,POINT
4095,2208,1535,5.148,6.007,-5.629,-0.058,0.229,-0.152,POINT
4095,2083,4095,5.164,5.892,-5.665,-0.071,0.265,-0.193,POINT
4095,1648,3031,5.042,5.756,-5.792,-0.076,0.28,-0.254,POINT
4081,2247,3213,4.623,5.653,-6.206,-0.074,0.298,-0.326,POINT
3231,2117,4095,4.216,5.787,-6.567,-0.111,0.456,-0.34,POINT
4095,2027,2695,3.845,5.559,-4.891,-0.218,0.632,-0.239,POINT
4095,2307,2212,3.484,5.222,-5.962,-0.378,0.837,-0.083,POINT
4030,1966,1967,3.558,5.102,-6.232,-0.662,1.428,0.16,POINT
4095,2111,3029,4.329,5.179,-5.356,-1.018,1.987,0.548,POINT
3571,2205,2116,5.674,4.513,-4.005,-1.345,2.246,0.891,POINT
3735,2032,0,6.993,3.486,-2.636,-1.484,2.246,0.678,POINT
3830,2234,0,7.506,3.443,-1.772,-1.491,2.217,-0.061,POINT
3571,2033,1218,6.828,5.559,-1.386,-1.616,2.298,-0.563,POINT
4095,1699,0,6.404,7.321,-0.517,-1.811,2.311,-0.37,POINT
3609,2145,0,6.685,7.654,0.235,-1.92,2.089,0.115,POINT
3013,2161,1535,6.986,7.606,0.596,-1.879,1.749,0.351,POINT
4095,1899,1055,6.862,7.863,0.524,-1.808,1.546,0.408,POINT
3630,2323,912,6.891,8.31,0.644,-1.747,1.499,0.474,POINT
3456,1807,2559,7.214,8.576,1.106,-1.663,1.477,0.648,POINT
4095,2013,2865,7.774,8.303,1.542,-1.531,1.33,0.784,POINT
3571,2253,4095,8.444,7.654,1.815,-1.309,1.097,0.707,POINT
4095,1936,2774,8.71,7.384,1.769,-1.094,0.91,0.462,POINT
4095,2128,622,8.617,7.563,1.882,-0.954,0.762,0.292,POINT
4095,2093,4095,8.516,7.551,2.076,-0.834,0.56,0.236,POINT
4095,1599,4095,8.205,7.479,2.014,-0.689,0.338,0.188,POINT
3824,2215,3154,7.788,7.472,1.726,-0.566,0.207,0.164,POINT
3114,2439,3871,7.556,7.468,1.662,-0.519,0.184,0.233,POINT
4095,1993,3088,7.755,7.14,1.714,-0.472,0.191,0.304,POINT
4095,2285,343,8.112,6.644,1.889,-0.386,0.176,0.189,POINT
3627,1872,1707,7.992,6.716,1.894,-0.301,0.13,0.03,POINT
4095,1583,1185,7.834,6.788,1.836,-0.24,0.076,-0.016,POINT
3361,2170,3265,7.635,6.869,1.942,-0.2,0.006,-0.002,POINT
3307,1840,133,7.42,6.914,1.858,-0.173,-0.048,0.095,POINT
3990,2092,0,7.362,6.723,1.774,-0.153,-0.05,0.198,POINT
3551,1997,0,7.468,6.512,1.779,-0.147,-0.037,0.245,POINT
4095,1584,144,7.594,6.349,1.913,-0.129,-0.032,0.239,POINT
3801,2103,963,7.654,6.297,1.994,-0.09,-0.039,0.184,POINT
3121,2171,4095,7.661,6.268,2.037,-0.055,-0.057,0.126,POINT
4095,1839,1271,7.635,6.306,2.057,-0.021,-0.089,0.087,POINT
3773,2431,548,7.669,6.153,2.018,0.01,-0.101,0.052,POINT
4070,1753,3167,7.539,6.153,2.021,0.025,-0.107,0.013,POINT
4095,2007,2941,7.4,6.175,1.994,0.025,-0.109,0.025,POINT
3519,2221,4095,7.398,6.144,1.946,0.015,-0.084,0.055,POINT
3685,1914,4095,7.427,6.139,1.985,-0.005,-0.057,0.095,POINT
4095,1970,1877,7.506,6.112,2.109,-0.029,-0.057,0.134,POINT
4039,2023,4095,7.578,6.06,2.085,-0.033,-0.051,0.144,POINT
4095,1677,2784,7.707,5.969,2.124,-0.035,-0.018,0.11,POINT
3859,2000,2673,7.762,5.916,2.136,-0.022,-0.009,0.03,POINT
3422,2139,4095,7.705,6.002,2.102,-0.019,0.007,-0.047,POINT
4095,1963,1102,7.623,6.211,2.112,-0.037,0.024,-0.045,POINT
4095,2128,0,7.642,6.258,2.169,-0.06,0.026,0.018,POINT
4095,1994,1122,7.793,6.165,2.265,-0.063,0.009,0.055,POINT
4079,1969,768,7.807,6.108,2.282,-0.049,-0.031,0.032,POINT
4095,1963,2259,5.368,-6.297,5.313,-0.09,-0.051,-0.01,POINT
3806,1858,1335,5.686,-6.627,5.425,-0.132,-0.071,0.112,POINT
4095,2032,2135,5.72,-6.713,5.394,-0.102,-0.096,0.051,POINT
3541,1753,1557,5.689,-6.687,5.31,-0.055,-0.074,-0.035,POINT
4095,1785,1311,5.631,-6.62,5.294,-0.031,-0.059,-0.08,POINT
4095,2034,0,5.54,-6.426,5.306,-0.05,-0.073,-0.033,POINT
3683,2032,357,5.595,-6.495,5.404,-0.06,-0.09,0.034,POINT
3950,1775,158,5.631,-6.61,5.334,-0.056,-0.078,0.038,POINT
4054,1990,0,5.667,-6.67,5.329,-0.038,-0.049,-0.009,POINT
3957,1925,1390,5.681,-6.67,5.356,0.002,-0.036,-0.095,POINT
3467,1948,3206,5.617,-6.565,5.294,0.029,-0.027,-0.148,POINT
4095,2031,997,5.526,-6.414,5.267,-0.015,-0.05,-0.096,POINT
3616,2055,3656,5.533,-6.378,5.286,-0.065,-0.086,0.018,POINT
3943,1563,2127,5.574,-6.481,5.337,-0.07,-0.116,0.066,POINT
4095,2031,4095,5.617,-6.639,5.279,-0.05,-0.092,0.05,POINT
4095,1831,831,5.71,-6.773,5.289,-0.028,-0.053,-0.038,POINT
3666,1906,4095,5.626,-6.582,5.306,-0.023,-0.039,-0.094,POINT
4095,1835,2494,5.456,-6.321,5.294,-0.056,-0.059,-0.015,POINT
4095,2065,4095,5.612,-6.507,5.291,-0.092,-0.072,0.094,POINT
4016,1777,3153,5.813,-6.699,5.365,-0.097,-0.083,0.089,POINT
4078,1840,3032,5.813,-6.764,5.399,-0.062,-0.083,-0.006,POINT
4095,1986,2282,5.593,-6.572,5.282,-0.048,-0.069,-0.054,POINT
3987,2023,2753,5.502,-6.412,5.258,-0.069,-0.051,0.005,POINT
3857,1877,890,5.641,-6.486,5.313,-0.081,-0.051,0.05,POINT
4095,2138,0,5.624,-6.469,5.346,-0.09,-0.066,0.065,POINT
4095,2154,1428,5.588,-6.5,5.346,-0.1,-0.074,0.11,POINT
3303,1734,0,5.655,-6.63,5.349,-0.107,-0.075,0.138,POINT
4095,1984,0,5.65,-6.642,5.31,-0.127,-0.083,0.153,POINT
3669,1962,37,5.641,-6.737,5.322,-0.137,-0.087,0.167,POINT
3917,1834,15,5.677,-6.754,5.382,-0.131,-0.098,0.135,POINT
3634,1773,2104,5.552,-6.675,5.265,-0.148,-0.113,0.151,POINT
4095,2106,560,5.435,-6.598,5.2,-0.194,-0.118,0.217,POINT
3419,1709,2247,5.504,-6.73,5.229,-0.216,-0.11,0.278,POINT
4095,2058,1651,5.662,-6.953,5.255,-0.207,-0.114,0.247,POINT
4032,2148,4095,5.717,-7.084,5.277,-0.165,-0.119,0.14,POINT
4095,2148,2654,5.595,-6.998,5.164,-0.124,-0.118,0.028,POINT
3909,1819,4024,5.358,-6.697,5.121,-0.147,-0.115,0.043,POINT
4095,2112,3328,5.401,-6.752,5.114,-0.201,-0.122,0.174,POINT
4095,1839,4095,5.684,-7.027,5.176,-0.228,-0.145,0.22,POINT
4095,1843,2706,5.655,-7.053,5.143,-0.221,-0.177,0.152,POINT
4095,1902,2357,5.392,-6.864,5.004,-0.226,-0.184,0.141,POINT
4095,2063,3147,5.356,-6.807,4.954,-0.266,-0.195,0.233,POINT
3814,1842,1841,5.543,-7.027,4.98,-0.27,-0.211,0.273,POINT
4095,2005,1672,5.619,-7.211,4.985,-0.241,-0.221,0.202,POINT
3605,1904,1863,5.499,-7.151,4.934,-0.201,-0.222,0.092,POINT
3941,1981,1619,5.25,-6.874,4.803,-0.23,-0.245,0.111,POINT
4095,1970,0,5.227,-6.895,4.726,-0.253,-0.242,0.227,POINT
3794,2032,635,5.406,-7.187,4.748,-0.234,-0.231,0.223,POINT
3765,1689,0,5.459,-7.379,4.731,-0.173,-0.2,0.101,POINT
4095,2112,0,5.409,-7.386,4.685,-0.103,-0.153,-0.06,POINT
3829,1671,1060,5.253,-7.13,4.594,-0.064,-0.119,-0.153,POINT
3805,2404,2298,5.08,-6.831,4.537,-0.097,-0.124,-0.086,POINT
3573,1937,2192,4.966,-6.646,4.482,-0.185,-0.148,0.122,POINT
4095,2044,2416,5.234,-7.032,4.559,-0.226,-0.156,0.293,POINT
3449,1675,3951,5.521,-7.489,4.578,-0.188,-0.143,0.216,POINT
3551,2064,4002,5.514,-7.542,4.513,-0.115,-0.107,0.011,POINT
4095,1934,3407,5.358,-7.312,4.482,-0.047,-0.065,-0.14,POINT
4095,2070,4095,5.164,-7.005,4.413,-0.043,-0.041,-0.14,POINT
3742,1687,3358,5.181,-6.996,4.482,-0.088,-0.035,0.002,POINT
4095,2127,3223,5.452,-7.309,4.568,-0.107,-0.039,0.064,POINT
4095,2233,2922,5.578,-7.479,4.573,-0.077,-0.044,-0.009,POINT
4095,1976,3317,5.444,-7.314,4.518,-0.063,-0.046,-0.077,POINT
4095,1979,639,5.298,-7.132,4.472,-0.075,-0.042,-0.031,POINT
4000,1943,3057,5.313,-7.204,4.424,-0.125,-0.04,0.074,POINT
3751,1781,424,5.535,-7.384,4.513,-0.149,-0.051,0.107,POINT
4095,1990,0,5.598,-7.417,4.597,-0.131,-0.079,0.043,POINT
4095,2062,0,5.468,-7.298,4.561,-0.112,-0.093,0.011,POINT
3342,1808,1608,5.406,-7.178,4.468,-0.132,-0.111,0.047,POINT
4095,2004,0,5.447,-7.242,4.508,-0.138,-0.112,0.092,POINT
3680,2091,511,5.442,-7.238,4.499,-0.154,-0.124,0.11,POINT
3731,1904,824,5.497,-7.355,4.47,-0.15,-0.134,0.124,POINT
3151,1740,3071,5.574,-7.479,4.465,-0.13,-0.13,0.079,POINT
4095,1901,1160,5.48,-7.374,4.405,-0.116,-0.131,0.021,POINT
3911,1920,2905,5.358,-7.254,4.398,-0.112,-0.131,0.035,POINT
3811,1698,2474,5.478,-7.4,4.41,-0.097,-0.126,0.023,POINT
3189,2736,0,7.561,-3.266,-5.349,-0.011,-0.104,-0.103,POINT
2559,2078,4095,7.446,-3.338,-5.447,-0.01,-0.095,-0.118,POINT
4059,2032,0,7.295,-3.299,-5.483,-0.024,-0.074,-0.097,POINT
3565,2385,11,7.276,-3.328,-5.471,-0.045,-0.051,-0.059,POINT
3662,1744,2149,7.216,-3.292,-5.492,-0.066,-0.023,-0.011,POINT
4095,1990,1823,7.353,-3.354,-5.442,-0.076,-0.006,0.025,POINT
3029,2180,4095,7.389,-3.364,-5.382,-0.076,0.002,0.033,POINT
3945,1941,2342,7.35,-3.371,-5.418,-0.083,0.014,0.044,POINT
4095,2374,688,7.338,-3.357,-5.334,-0.083,0.024,0.059,POINT
4095,2130,3879,7.451,-3.417,-5.413,-0.092,0.033,0.059,POINT
4095,1647,2643,7.537,-3.364,-5.344,-0.1,0.039,0.033,POINT
4042,2707,3392,7.508,-3.28,-5.409,-0.109,0.04,0.026,POINT
3179,2454,4095,7.422,-3.215,-5.425,-0.123,0.067,0.061,POINT
4095,3120,1558,7.247,-3.199,-5.514,-0.141,0.114,0.112,POINT
3383,4095,2212,7.422,-3.251,-5.195,-0.148,0.151,0.187,POINT
4095,3059,1647,7.769,-3.299,-5.03,-0.112,0.083,0.163,POINT
4095,3258,2080,7.788,-3.424,-5.155,-0.081,0.021,0.102,POINT
3117,3472,3776,7.688,-3.498,-5.217,-0.077,0.011,0.049,POINT
3519,3142,783,7.465,-3.438,-5.399,-0.104,0.052,0.039,POINT
3354,4048,0,7.329,-3.381,-5.382,-0.124,0.11,0.046,POINT
3250,2802,830,7.23,-3.314,-5.32,-0.151,0.157,0.088,POINT
4095,2121,471,7.384,-3.326,-5.121,-0.154,0.172,0.132,POINT
3575,2672,0,7.779,-3.383,-4.997,-0.114,0.109,0.101,POINT
2972,2667,2803,8.08,-3.28,-4.932,-0.063,0.003,-0.013,POINT
4095,2349,789,7.98,-3.247,-5.152,-0.023,-0.061,-0.094,POINT
3385,3076,360,7.728,-3.091,-5.258,-0.031,-0.046,-0.097,POINT
3662,2211,2768,7.64,-3.117,-5.188,-0.044,-0.009,-0.044,POINT
4095,2469,2154,7.796,-3.239,-5.028,-0.045,-0.023,-0.018,POINT
3543,2821,4095,7.872,-3.306,-5.018,-0.027,-0.067,-0.056,POINT
4095,2559,2129,7.695,-3.129,-5.064,0.009,-0.088,-0.082,POINT
4095,2649,1491,7.597,-3.189,-5.176,0.009,-0.084,-0.081,POINT
3916,2629,4095,7.58,-3.287,-5.16,-0.004,-0.062,-0.06,POINT
4095,1788,4095,7.781,-3.314,-5.023,-0.01,-0.051,-0.064,POINT
4001,2696,2970,7.968,-3.285,-4.985,0.009,-0.091,-0.089,POINT
3148,2559,4095,7.827,-3.129,-5.112,0.032,-0.131,-0.119,POINT
4095,2460,3391,7.551,-3.053,-5.227,0.03,-0.12,-0.089,POINT
3995,2922,0,7.477,-3.158,-5.289,0.006,-0.071,-0.03,POINT
3756,2273,2987,7.666,-3.333,-5.124,-0.019,-0.064,-0.016,POINT
4095,1953,1056,7.657,-3.285,-5.073,-0.013,-0.087,-0.019,POINT
3405,2298,2924,7.626,-3.275,-5.09,-0.009,-0.092,-0.006,POINT
3574,2064,243,7.664,-3.431,-5.102,-0.021,-0.079,0.003,POINT
4095,2449,0,7.685,-3.428,-5.114,-0.046,-0.055,-0.001,POINT
3792,2218,2326,7.602,-3.237,-5.08,-0.059,-0.046,0.017,POINT
4095,1622,0,7.551,-3.235,-5.246,-0.08,-0.022,0.063,POINT
4016,2138,960,7.585,-3.254,-5.181,-0.089,-0.002,0.068,POINT
2901,2218,4095,7.666,-3.242,-5.035,-0.082,-0.01,0.051,POINT
4095,1851,1991,7.798,-3.335,-5.004,-0.075,-0.025,0.048,POINT
3970,2175,0,7.851,-3.385,-5.049,-0.069,-0.045,0.037,POINT
3629,2352,4095,7.755,-3.354,-4.968,-0.079,-0.024,0.043,POINT
4095,2621,4095,7.635,-3.287,-5.052,-0.101,0.03,0.046,POINT
3061,3771,4095,7.63,-3.196,-5.119,-0.108,0.041,0.043,POINT
4095,3318,4095,7.515,-3.069,-5.097,-0.103,0.044,0.064,POINT
4095,3365,491,7.451,-2.995,-5.148,-0.094,0.035,0.116,POINT
4028,3408,4095,7.594,-3.096,-5.119,-0.079,0.027,0.157,POINT
4095,2704,4095,7.848,-3.294,-5.052,-0.057,0.019,0.129,POINT
3728,2559,1739,7.781,-3.412,-5.066,-0.057,0.028,0.082,POINT
2901,3009,4095,7.728,-3.323,-4.985,-0.061,0.025,0.083,POINT
4095,2325,2387,7.664,-3.28,-4.934,-0.052,0.013,0.112,POINT
4095,2698,0,7.755,-3.428,-4.863,-0.053,0.004,0.132,POINT
3471,2271,1381,7.884,-3.733,-4.975,-0.058,0.021,0.094,POINT
4095,1968,705,8.001,-3.546,-4.808,-0.058,-0.01,-0.004,POINT
3133,2763,880,7.882,-3.338,-4.954,-0.045,-0.027,-0.043,POINT
3184,2214,0,7.673,-3.096,-5.057,-0.048,-0.007,-0.026,POINT
4095,2261,0,7.58,-3.057,-5.04,-0.045,0.025,0.034,POINT
3815,2430,955,7.685,-3.127,-4.942,-0.028,0.041,0.058,POINT
4095,2105,1863,7.963,-3.316,-4.843,-0.001,0.006,0,POINT
3771,2326,234,7.973,-3.347,-4.858,0.025,-0.037,-0.084,POINT
3050,2369,4030,7.858,-3.395,-4.939,0.025,-0.051,-0.095,POINT
4095,1998,2769,7.848,-3.51,-4.867,-0.003,-0.047,-0.052,POINT
4095,3052,0,7.851,-3.414,-4.827,-0.023,-0.05,-0.01,POINT
3664,2081,3024,7.927,-3.405,-4.822,-0.04,-0.051,0.034,POINT
3851,1655,4095,8.009,-3.378,-4.791,-0.043,-0.074,0.025,POINT
4095,2521,2736,7.898,-3.323,-4.855,-0.037,-0.088,0.007,POINT
2879,2160,4095,7.889,-3.273,-4.827,-0.033,-0.086,-0.003,POINT
4095,1899,661,7.843,-3.23,-4.875,-0.026,-0.091,-0.003,POINT
4095,1967,4095,-1.152,9,-4.475,0.276,0.109,2.754,POINT
4095,1989,4095,-0.529,8.648,-4.666,0.222,-0.088,3.237,POINT
4095,1895,4095,0,8.013,-4.889,0.17,-0.147,3.559,POINT
4095,1915,4095,0.816,7.475,-4.652,0.156,-0.176,3.594,POINT
4095,1950,4095,1.48,7.477,-4.374,0.302,-0.231,3.404,POINT
4095,1917,4095,2.358,6.905,-4.592,0.491,-0.276,3.041,POINT
4095,1907,4095,3.156,6.402,-5.018,0.562,-0.272,2.49,POINT
3995,1924,4095,3.512,6.136,-5.483,0.397,-0.292,1.927,POINT
4045,1922,2399,3.254,6.546,-5.377,0.223,-0.26,1.614,POINT
4095,1902,2331,3.29,6.613,-5.157,0.232,-0.192,1.543,POINT
3974,1904,1289,3.656,6.316,-5.066,0.237,-0.226,1.454,POINT
4016,1915,142,3.725,6.084,-5.416,0.209,-0.262,1.303,POINT
4006,1872,0,3.713,6.127,-5.547,0.193,-0.175,1.137,POINT
3955,1921,0,3.699,6.05,-5.588,0.226,-0.072,0.977,POINT
4093,1872,0,3.788,6.014,-5.689,0.189,-0.017,0.859,POINT
3991,1931,0,3.816,6.184,-5.725,0.108,-0.038,0.785,POINT
3991,1936,0,3.912,6.246,-5.753,0.047,-0.047,0.774,POINT
3967,1960,0,4.085,6.189,-5.823,0.036,-0.016,0.727,POINT
3888,1915,1149,4.336,6.105,-5.825,-0.004,0.039,0.675,POINT
4038,1859,810,4.453,6.165,-5.861,-0.051,0.053,0.613,POINT
4095,1946,2778,4.496,6.239,-5.918,-0.081,0.115,0.602,POINT
4095,1937,3514,4.817,6.026,-5.835,-0.124,0.122,0.573,POINT
4095,1937,4095,4.922,6.105,-5.595,-0.107,0.106,0.481,POINT
4095,1899,4095,5.066,6.208,-5.552,-0.048,0.042,0.397,POINT
4095,1872,4095,5.057,6.292,-5.677,0.016,0.01,0.337,POINT
4095,1958,4095,5.073,6.206,-5.851,-0.012,-0.03,0.314,POINT
4095,2067,4095,4.932,6.237,-5.885,-0.062,-0.028,0.395,POINT
4095,2181,4095,4.98,6.017,-5.962,-0.083,0.032,0.497,POINT
4080,2207,2859,5.219,5.83,-5.787,-0.1,0.095,0.503,POINT
4095,2211,2839,5.442,5.667,-5.641,-0.094,0.123,0.406,POINT
3930,2005,688,5.619,5.672,-5.492,-0.095,0.094,0.24,POINT
4031,2102,1168,5.559,5.993,-5.406,-0.088,-0.021,0.143,POINT
3867,2082,0,5.315,6.146,-5.629,-0.066,-0.11,0.187,POINT
4080,2117,0,5.329,6.014,-5.6,-0.052,-0.11,0.242,POINT
4014,2172,0,5.344,5.895,-5.643,-0.02,-0.084,0.225,POINT
3969,2090,0,5.351,5.839,-5.672,0.002,-0.032,0.176,POINT
4015,2118,0,5.361,5.794,-5.631,-0.008,-0.028,0.145,POINT
4095,2062,0,5.346,5.765,-5.777,-0.026,-0.034,0.148,POINT
3996,2042,1591,5.308,5.696,-5.765,-0.051,0.004,0.163,POINT
3998,2094,1890,5.38,5.605,-5.607,-0.065,0.013,0.15,POINT
4095,2094,4095,5.351,5.619,-5.667,-0.044,0.018,0.117,POINT
3984,2080,2242,5.361,5.689,-5.602,-0.038,0.052,0.106,POINT
4095,2113,4095,5.452,5.76,-5.519,-0.032,0.021,0.115,POINT
4095,2137,4095,5.444,5.741,-5.567,-0.014,-0.014,0.112,POINT
4054,2069,4095,5.468,5.713,-5.66,-0.032,-0.052,0.109,POINT
4095,2144,4095,5.332,5.871,-5.808,-0.053,-0.043,0.153,POINT
4095,2085,4095,5.318,5.849,-5.818,-0.075,0.032,0.255,POINT
4095,2087,4095,5.466,5.758,-5.748,-0.112,0.075,0.319,POINT
4079,2123,4095,5.631,5.777,-5.559,-0.098,0.098,0.332,POINT
3987,2153,2150,5.875,5.696,-5.423,-0.047,0.059,0.282,POINT
4080,2170,1066,5.77,5.827,-5.619,-0.022,0.01,0.229,POINT
4070,2191,1727,5.535,6.007,-5.82,-0.028,0.03,0.282,POINT
3958,2165,0,5.432,6.268,-5.665,0.002,0.092,0.446,POINT
3959,2145,0,5.351,6.428,-5.708,0.023,0.088,0.718,POINT
3929,2126,0,5.236,6.515,-5.861,0.016,0.088,1.1,POINT
4054,2137,0,5.634,6.017,-5.768,0.005,0.122,1.451,POINT
3935,2128,0,6.237,5.409,-5.511,0.036,0.069,1.553,POINT
3971,2121,0,6.551,4.803,-5.792,0.122,0.078,1.446,POINT
3886,2177,0,6.898,4.25,-5.686,0.154,0.107,1.191,POINT
4041,2158,1705,6.972,4.18,-5.418,0.193,0.011,0.917,POINT
3793,2146,1890,6.797,4.065,-5.72,0.213,0.005,0.747,POINT
4078,2144,3019,6.79,3.74,-5.71,0.154,0.083,0.612,POINT
4095,2141,4095,6.965,3.457,-5.466,0.084,0.103,0.435,POINT
4050,1979,4095,6.989,3.421,-5.387,0.047,0.11,0.209,POINT
4032,2011,4095,6.984,3.608,-5.179,0.027,0.082,0.027,POINT
4095,1988,4095,6.979,3.682,-5.157,0.004,0.03,-0.076,POINT
4095,2006,4095,6.843,3.862,-5.14,-0.042,-0.011,-0.139,POINT
4095,2026,4095,6.713,4.005,-5.207,-0.077,0.003,-0.147,POINT
4095,2035,4095,6.725,4.111,-5.258,-0.087,0.041,-0.127,POINT
4095,2033,2673,6.838,4.089,-5.272,-0.09,0.096,-0.136,POINT
4095,2086,3216,6.917,4.154,-5.179,-0.12,0.095,-0.159,POINT
4095,2032,1286,6.888,4.29,-5.212,-0.121,0.076,-0.167,POINT
4009,2081,560,6.926,4.463,-5.279,-0.134,0.074,-0.133,POINT
4095,2135,0,7.12,4.535,-5.25,-0.153,0.066,-0.071,POINT
3920,2071,0,7.175,4.475,-5.262,-0.15,0.068,-0.042,POINT
3206,2605,4095,8.188,-5.586,-0.318,-0.012,-0.078,0.044,POINT
4048,1535,4095,8.171,-5.502,-0.395,0,-0.074,0.031,POINT
4095,2246,2402,8.135,-5.452,-0.352,-0.003,-0.049,0.057,POINT
3131,2187,2038,8.205,-5.55,-0.338,-0.009,-0.033,0.078,POINT
4095,1867,1535,8.236,-5.593,-0.283,0,-0.03,0.065,POINT
4095,2154,1715,8.231,-5.634,-0.247,0.011,-0.04,0.043,POINT
3373,1903,2451,8.224,-5.61,-0.247,0.018,-0.046,0.031,POINT
3615,2086,0,8.2,-5.607,-0.256,0.019,-0.054,0.035,POINT
3110,2512,256,8.169,-5.665,-0.235,0.018,-0.066,0.042,POINT
3507,1984,0,8.126,-5.638,-0.244,0.021,-0.077,0.048,POINT
4095,1722,0,8.131,-5.713,-0.28,0.018,-0.064,0.057,POINT
3321,2274,0,8.145,-5.722,-0.208,0.003,-0.042,0.057,POINT
3440,2285,959,8.193,-5.737,-0.098,0,-0.039,0.06,POINT
4095,2159,371,8.238,-5.818,-0.079,-0.004,-0.054,0.047,POINT
3634,2346,772,8.159,-5.751,-0.077,-0.026,-0.063,0.028,POINT
4095,1788,2383,8.045,-5.748,-0.156,-0.039,-0.042,0.026,POINT
4095,2290,2450,8.334,-5.772,0.069,-0.075,-0.085,0.033,POINT
3303,2198,4095,8.538,-5.895,0.098,-0.088,-0.179,0.083,POINT
4095,2149,2932,8.571,-6.038,-0.12,-0.103,-0.224,0.111,POINT
3603,2485,3824,8.361,-6.005,-0.347,-0.136,-0.198,0.107,POINT
4095,2156,4095,8.248,-5.926,-0.338,-0.165,-0.151,0.117,POINT
4095,2027,1575,8.15,-5.892,-0.28,-0.175,-0.147,0.107,POINT
3835,2404,4095,7.985,-5.753,-0.34,-0.152,-0.176,0.084,POINT
3508,2210,4095,7.726,-5.624,-0.498,-0.124,-0.181,0.056,POINT
4095,2191,2719,7.547,-5.531,-0.575,-0.11,-0.123,0.047,POINT
3413,2559,208,7.506,-5.468,-0.5,-0.094,-0.066,0.047,POINT
4095,2074,1459,7.436,-5.365,-0.086,-0.052,-0.05,0.047,POINT
4095,2178,0,7.523,-5.452,-0.627,0.005,-0.019,0.01,POINT
3215,2276,2666,7.659,-5.454,-0.199,0.019,-0.007,-0.053,POINT
3998,2160,0,7.714,-5.672,-0.405,0.024,0.019,-0.071,POINT
3733,2512,0,7.757,-5.768,-0.35,0.007,0.056,-0.088,POINT
3664,2167,1407,7.939,-5.906,-0.259,-0.006,0.07,-0.101,POINT
4095,1744,0,7.975,-5.918,-0.194,-0.021,0.07,-0.124,POINT
3714,2448,629,8.045,-5.997,-0.204,-0.033,0.066,-0.149,POINT
2982,2167,4095,8.095,-5.962,-0.23,-0.044,0.055,-0.164,POINT
4095,2081,2434,8.064,-5.909,-0.326,-0.064,0.06,-0.155,POINT
3443,2705,1984,8.064,-5.808,-0.338,-0.078,0.074,-0.133,POINT
4095,1934,3581,8.102,-5.799,-0.316,-0.09,0.09,-0.116,POINT
4095,2245,4095,8.193,-5.739,-0.294,-0.085,0.084,-0.119,POINT
3248,2347,4095,8.179,-5.588,-0.376,-0.071,0.068,-0.129,POINT
4095,2097,4095,8.135,-5.444,-0.431,-0.062,0.078,-0.12,POINT
4095,2398,1532,8.215,-5.394,-0.345,-0.059,0.112,-0.09,POINT
4095,2346,4095,8.351,-5.444,-0.242,-0.05,0.126,-0.08,POINT
4095,1776,1711,8.423,-5.478,-0.151,-0.037,0.124,-0.095,POINT
3877,2197,1904,8.478,-5.468,-0.158,-0.029,0.105,-0.104,POINT
3399,2030,4095,8.485,-5.456,-0.151,-0.029,0.088,-0.098,POINT
4095,2070,1156,8.557,-5.442,-0.105,-0.026,0.065,-0.095,POINT
3511,2721,224,8.569,-5.44,-0.127,-0.028,0.047,-0.095,POINT
3630,2015,615,8.602,-5.375,-0.132,-0.037,0.032,-0.091,POINT
4095,2301,302,8.562,-5.26,-0.108,-0.043,0.015,-0.062,POINT
3039,2390,1260,8.61,-5.289,-0.024,-0.041,0.004,-0.036,POINT
3575,2064,0,8.662,-5.358,0.077,-0.031,-0.021,-0.054,POINT
4004,2350,0,8.554,-5.322,0.072,-0.026,-0.044,-0.079,POINT
3534,2128,1777,8.449,-5.253,0.045,-0.025,-0.058,-0.083,POINT
4095,1767,1215,8.37,-5.203,0.053,-0.02,-0.061,-0.062,POINT
3455,2259,1783,8.387,-5.274,0.077,-0.019,-0.053,-0.039,POINT
2929,2432,4095,8.394,-5.313,0.043,-0.014,-0.038,-0.041,POINT
4095,2033,1431,8.356,-5.353,0.108,-0.016,-0.022,-0.046,POINT
3895,2299,431,8.332,-5.377,0.093,-0.012,-0.014,-0.051,POINT
4095,1838,3332,8.31,-5.387,0.057,-0.008,0.01,-0.049,POINT
4095,2112,4095,8.291,-5.399,0.017,-0.008,0.038,-0.046,POINT
3358,2683,4095,8.291,-5.48,-0.055,-0.013,0.052,-0.047,POINT
4095,2249,4095,8.193,-5.239,0.096,-0.019,0.079,-0.042,POINT
4095,2398,419,8.296,-5.344,0.012,-0.013,0.12,-0.024,POINT
4095,2283,2718,8.447,-5.289,0.168,-0.012,0.125,-0.049,POINT
4095,1803,2071,8.531,-5.155,0.247,0.001,0.109,-0.046,POINT
3618,2254,0,8.602,-5.126,0.33,0.011,0.075,-0.039,POINT
3043,2414,4039,8.662,-5.119,0.34,0.017,0.039,-0.03,POINT
4095,2009,367,8.729,-5.083,0.352,0.01,0.017,-0.034,POINT
3525,2538,0,8.784,-5.006,0.407,0.01,-0.001,-0.032,POINT
3482,2111,1791,8.892,-5.059,0.503,0.007,-0.031,-0.026,POINT
4095,2103,0,8.964,-5.09,0.532,0.005,-0.08,-0.032,POINT
3187,2630,2064,8.961,-5.069,0.599,0.009,-0.123,-0.041,POINT
3825,2096,0,8.938,-5.037,0.627,0.014,-0.171,-0.053,POINT
3910,2412,898,8.854,-4.927,0.728,0.022,-0.211,-0.039,POINT
3953,2270,1791,10.556,-1.602,-0.761,0.052,0.581,0.624,POINT
3661,1872,336,9.06,-0.503,-1.302,0.108,0.435,0.693,POINT
3453,2175,2191,9.21,-1.202,-1.753,0.211,0.731,1.069,POINT
3316,1791,162,10.314,-2.567,-1.286,0.25,1.001,1.013,POINT
3312,1616,453,10.992,-3.443,-0.687,0.304,0.945,0.633,POINT
3430,1804,2400,10.891,-3.029,-0.472,0.349,0.835,0.232,POINT
3222,1795,2000,10.623,-2.093,-0.048,0.285,0.881,0.137,POINT
4095,2176,1808,10.853,-1.978,0.634,0.267,0.918,0.221,POINT
3559,2199,2095,11.37,-2.686,0.965,0.302,0.77,0.105,POINT
4095,1971,3165,11.411,-2.849,1.094,0.337,0.6,-0.232,POINT
4095,1983,1517,11.25,-2.813,1.101,0.311,0.515,-0.497,POINT
3098,1769,4095,10.97,-2.464,1.19,0.238,0.458,-0.741,POINT
3696,1939,4052,10.412,-1.681,1.063,0.151,0.387,-0.687,POINT
3697,2254,4095,10.659,-1.966,1.082,0.108,0.34,-0.649,POINT
3763,1935,4095,10.853,-2.035,1.369,0.14,0.219,-0.89,POINT
4095,2416,2799,10.123,-1.097,1.147,0.153,0.039,-0.961,POINT
3840,2112,4095,9.16,-0.077,0.723,0.027,-0.045,-0.455,POINT
3801,1892,3506,9.618,-0.754,0.728,-0.114,-0.029,0.137,POINT
3674,1998,3287,10.364,-1.82,0.819,-0.156,-0.038,0.203,POINT
3286,1842,4095,10.633,-2.16,0.838,-0.108,-0.054,-0.168,POINT
4095,1975,2498,10.274,-1.599,0.867,-0.008,-0.053,-0.555,POINT
3989,2224,1322,9.673,-0.694,0.709,-0.002,-0.075,-0.571,POINT
2974,1715,1888,9.519,-0.395,0.625,-0.088,-0.092,-0.232,POINT
3610,1921,174,9.89,-0.819,0.62,-0.184,-0.15,0.039,POINT
3792,1726,0,10.178,-1.185,0.524,-0.204,-0.197,0.051,POINT
4095,1818,0,10.218,-1.326,0.455,-0.164,-0.159,-0.113,POINT
3499,2018,0,10.075,-1.192,0.448,-0.124,-0.093,-0.279,POINT
3942,1839,1776,9.814,-0.718,0.385,-0.146,-0.081,-0.265,POINT
3894,2064,2003,9.646,-0.378,0.309,-0.194,-0.111,-0.062,POINT
3127,2035,0,9.725,-0.532,0.184,-0.217,-0.115,0.113,POINT
4025,1850,1574,9.922,-0.852,0.271,-0.173,-0.093,0.11,POINT
3703,1703,3433,10.015,-1.018,0.326,-0.116,-0.07,-0.019,POINT
3860,1953,4095,9.857,-0.824,0.256,-0.105,-0.048,-0.086,POINT
4095,2020,2363,9.768,-0.596,0.263,-0.114,-0.037,-0.043,POINT
3743,2275,2611,9.823,-0.491,0.383,-0.132,-0.033,0.039,POINT
4095,2022,4095,9.991,-0.649,0.532,-0.113,-0.03,0.06,POINT
4095,3344,4095,10.075,-0.752,0.539,-0.068,-0.051,-0.003,POINT
3966,2178,3632,9.938,-0.622,0.493,-0.048,-0.046,-0.038,POINT
3636,2208,4095,9.926,-0.711,0.453,-0.071,-0.029,-0.013,POINT
4095,1963,2604,10.015,-0.795,0.534,-0.099,-0.031,-0.012,POINT
3030,1932,384,10.084,-0.843,0.539,-0.103,-0.048,-0.032,POINT
4095,1790,1423,10.087,-0.723,0.558,-0.088,-0.079,-0.059,POINT
3439,2010,1104,10.017,-0.675,0.515,-0.07,-0.103,-0.062,POINT
3355,2084,3830,10.051,-0.838,0.529,-0.08,-0.11,-0.064,POINT
3811,1904,0,10.058,-0.816,0.532,-0.087,-0.121,-0.093,POINT
3413,2227,0,9.996,-0.778,0.464,-0.101,-0.135,-0.115,POINT
3367,1872,1456,9.871,-0.596,0.421,-0.114,-0.149,-0.083,POINT
4095,1520,591,9.797,-0.481,0.378,-0.103,-0.13,-0.018,POINT
3620,2106,883,9.943,-0.572,0.431,-0.083,-0.107,0.029,POINT
3082,2081,3268,10.127,-0.797,0.431,-0.054,-0.103,-0.008,POINT
4095,1859,1511,10.168,-0.917,0.431,-0.044,-0.121,-0.101,POINT
4095,2496,129,10.003,-0.678,0.347,-0.049,-0.145,-0.134,POINT
4095,1598,2447,9.919,-0.517,0.309,-0.072,-0.161,-0.063,POINT
4095,1896,2718,9.912,-0.642,0.23,-0.093,-0.129,0.038,POINT
3143,2098,4095,10.163,-0.924,0.294,-0.102,-0.09,0.015,POINT
4095,1840,3373,10.087,-0.769,0.328,-0.099,-0.064,-0.067,POINT
4095,2171,0,10.029,-0.613,0.357,-0.1,-0.041,-0.095,POINT
3985,2064,4095,10.077,-0.572,0.366,-0.106,-0.06,-0.086,POINT
4095,1803,1595,10.056,-0.555,0.503,-0.085,-0.09,-0.088,POINT
3807,1958,1194,10.118,-0.579,0.421,-0.073,-0.127,-0.112,POINT
2965,2261,4095,9.855,-0.429,0.249,-0.104,-0.115,-0.09,POINT
4095,1897,1845,9.852,-0.522,0.206,-0.125,-0.065,-0.036,POINT
3335,2525,0,10.034,-0.711,0.263,-0.141,-0.002,-0.085,POINT
3681,1808,1843,10.003,-0.582,0.345,-0.131,0.003,-0.178,POINT
4095,1951,351,9.859,-0.189,0.381,-0.117,-0.057,-0.174,POINT
2911,2377,2800,9.682,-0.158,0.223,-0.119,-0.065,-0.065,POINT
3900,1895,321,9.771,-0.311,0.273,-0.116,-0.019,-0.002,POINT
4095,2192,0,9.979,-0.541,0.266,-0.099,0.006,-0.038,POINT
3681,2074,1927,9.934,-0.551,0.242,-0.088,0.023,-0.127,POINT
4095,1725,2278,10.041,-0.541,0.314,-0.093,0.039,-0.184,POINT
3839,2320,96,10.106,-0.627,0.345,-0.12,0.018,-0.222,POINT
2961,2367,3412,10.056,-0.39,0.271,-0.176,-0.029,-0.171,POINT
4095,2000,1731,10.12,-0.373,0.357,-0.221,-0.023,-0.084,POINT
3979,3135,2272,10.305,-0.481,0.436,-0.232,-0.029,-0.078,POINT
4075,1919,2847,10.42,-0.62,0.366,-0.201,-0.052,-0.114,POINT
