3951,2259,3088,-1.659,-0.752,-8.533,-0.596,-4.353,-1.707,SHAKE_OPEN
3178,2255,4017,-2.298,-0.603,-10.195,-0.984,-2.58,-1.9,SHAKE_OPEN
3938,2254,4095,-3.033,0.249,-10.216,-1.411,-0.736,-2.056,SHAKE_OPEN
3888,1639,4095,-1.935,1.168,-10.312,-1.678,0.824,-1.875,SHAKE_OPEN
4095,2333,3126,-0.381,1.432,-9.57,-1.607,2.195,-1.743,SHAKE_OPEN
3035,2117,3998,1.135,1.559,-8.811,-1.502,3.447,-1.911,SHAKE_OPEN
4095,1776,3339,2.504,1.99,-8.418,-1.303,4.569,-2.334,SHAKE_OPEN
4095,2085,4095,3.826,2.866,-7.477,-1.025,5.605,-2.807,SHAKE_OPEN
4073,1919,4095,5.358,3.821,-5.753,-0.834,6.229,-2.947,SHAKE_OPEN
4095,2034,3522,6.721,4.48,-4.688,-0.654,6.588,-2.983,SHAKE_OPEN
3445,2363,3440,8.078,4.911,-5.114,-0.427,7.248,-2.915,SHAKE_OPEN
4095,1999,4095,7.671,5.021,-5.401,-0.25,8.593,-2.848,SHAKE_OPEN
4095,1855,3835,5.25,5.768,-2.749,-0.316,8.731,-2.767,SHAKE_OPEN
3522,2225,4095,1.669,6.311,4.209,-0.767,8.731,-2.716,SHAKE_OPEN
3542,2322,4095,5.861,7.855,14.222,-1.268,8.731,-2.191,SHAKE_OPEN
4095,2396,3354,8.313,7.963,14.751,-1.32,8.731,-1.388,SHAKE_OPEN
3135,2614,4095,9.017,5.602,12.014,-1.41,7.7,-0.757,SHAKE_OPEN
4095,2027,3423,9.139,3.043,11.375,-1.553,6.4,-0.747,SHAKE_OPEN
4095,2300,4095,6.687,2.83,13.027,-2.087,5.835,-1.212,SHAKE_OPEN
3829,2161,4095,5.411,3.376,14.277,-2.571,5.78,-1.547,SHAKE_OPEN
4095,2257,3827,6.251,3.577,16.293,-3.214,5.195,-1.467,SHAKE_OPEN
3455,2691,3312,7.01,4.391,17.485,-3.566,3.881,-0.924,SHAKE_OPEN
4095,2313,4095,7.369,4.436,17.229,-3.609,2.296,-0.217,SHAKE_OPEN
4095,2176,3328,7.661,3.788,17.092,-3.535,0.692,0.365,SHAKE_OPEN
3717,2613,3841,7.221,3.007,16.597,-3.441,-0.88,0.578,SHAKE_OPEN
3626,2271,4095,6.297,2.622,15.663,-3.455,-2.195,0.575,SHAKE_OPEN
4095,2400,3443,5.418,2.65,14.693,-3.73,-3.157,0.712,SHAKE_OPEN
3403,2667,4091,4.628,2.828,13.594,-4.149,-3.763,1.109,SHAKE_OPEN
4095,2211,3439,4.594,2.234,12.663,-4.569,-4.053,1.626,SHAKE_OPEN
4095,2383,4095,5.124,1.07,12.371,-4.881,-4.264,2.012,SHAKE_OPEN
3723,2275,4095,5.76,-0.129,12.21,-4.999,-4.597,2.045,SHAKE_OPEN
4095,2363,3926,6.268,-0.795,11.813,-4.742,-5.071,1.773,SHAKE_OPEN
3483,2705,3039,6.548,-1.379,11.722,-4.144,-5.675,1.205,SHAKE_OPEN
4095,2283,4095,6.268,-2.061,11.198,-3.143,-6.525,0.47,SHAKE_OPEN
4095,1957,3883,5.674,-2.588,9.749,-2.167,-7.435,-0.309,SHAKE_OPEN
3888,2517,3856,4.683,-2.291,8.772,-1.353,-8.423,-1.129,SHAKE_OPEN
3578,2229,4095,3.163,-1.82,7.817,-0.656,-8.731,-1.78,SHAKE_OPEN
4095,2270,3417,1.381,-1.738,6.223,-0.268,-8.731,-2.45,SHAKE_OPEN
3899,2667,3965,-0.472,-1.408,4.104,-0.019,-8.731,-3.024,SHAKE_OPEN
4095,1869,3865,-0.994,-0.675,1.283,0.08,-8.731,-3.42,SHAKE_OPEN
4095,2128,4070,-0.929,0.165,-1.793,-0.188,-8.731,-3.32,SHAKE_OPEN
3618,2183,4095,0.273,1.298,-3.211,-0.832,-8.731,-2.599,SHAKE_OPEN
4095,2178,3851,1.367,0.912,-3.912,-1.213,-8.455,-1.968,SHAKE_OPEN
3661,2448,2911,0.826,-1.116,-5.08,-1.222,-7.945,-2.044,SHAKE_OPEN
4003,2153,4095,-0.026,-1.753,-5.411,-1.191,-7.207,-2.938,SHAKE_OPEN
3205,2558,3533,-3.522,-0.74,-7.508,-0.968,-6.133,-4.235,SHAKE_OPEN
4095,2207,3414,-6.907,1.774,-12.476,-1.029,-4.002,-4.337,SHAKE_OPEN
3256,2476,3978,-7.942,2.938,-13.731,-1.371,-1.37,-3.407,SHAKE_OPEN
4095,1903,3905,-7.4,3.4,-11.286,-1.495,1.193,-2.608,SHAKE_OPEN
4095,2387,3155,-4.719,3.464,-9.031,-1.176,3.268,-1.936,SHAKE_OPEN
4095,2101,4092,-1.678,3.443,-6.558,-0.403,4.668,-1.554,SHAKE_OPEN
4095,1776,4095,0.043,3.342,-4.721,0.526,5.562,-1.207,SHAKE_OPEN
4095,2315,4066,0.886,3.536,-4.652,1.526,6.629,-0.708,SHAKE_OPEN
4016,1969,4095,1.381,3.958,-3.5,2.411,8.174,0.103,SHAKE_OPEN
4095,1965,3088,2.495,3.177,-0.642,2.551,8.731,1.376,SHAKE_OPEN
4095,1993,4095,5.15,1.551,3.565,2.305,8.731,2.997,SHAKE_OPEN
4095,1463,4095,9.182,-1.604,6.065,2.897,8.731,3.141,SHAKE_OPEN
4095,2122,3567,10.755,-4.017,8.497,4.281,8.731,1.728,SHAKE_OPEN
3050,2463,4095,10.439,-7.034,11.26,4.729,8.731,-0.389,SHAKE_OPEN
4095,2083,4074,8.533,-6.962,12.246,3.03,8.731,-3.382,SHAKE_OPEN
4095,2098,3052,6.029,-4.879,15.917,1.557,8.731,-5.43,SHAKE_OPEN
3766,1946,4095,3.426,-4.312,17.818,1.109,8.731,-6.348,SHAKE_OPEN
4095,1764,4095,2.109,-2.739,18.857,0.613,8.731,-6.213,SHAKE_OPEN
3873,2464,4095,1.314,0.79,19.934,-0.033,8.731,-5.158,SHAKE_OPEN
2993,2399,4095,3.287,3.943,21.354,-0.464,6.961,-3.643,SHAKE_OPEN
4021,2353,3121,4.805,4.831,22.022,-0.902,4.064,-2.083,SHAKE_OPEN
4036,2368,4095,5.545,3.553,21.869,-1.184,1.534,-0.893,SHAKE_OPEN
4095,1822,4095,5.65,2.334,21.495,-1.31,-0.484,-0.41,SHAKE_OPEN
4095,2302,3771,5.219,1.551,19.733,-1.511,-2.097,-0.323,SHAKE_OPEN
3152,2543,3947,4.812,1.676,18.191,-1.972,-3.28,-0.246,SHAKE_OPEN
4095,2285,4095,4.413,1.903,16.551,-2.757,-4.22,0.062,SHAKE_OPEN
4095,2480,2717,3.44,1.76,14.988,-3.895,-4.824,0.631,SHAKE_OPEN
3717,2415,4095,2.387,1.432,14.121,-5.098,-4.939,1.42,SHAKE_OPEN
4091,1904,4095,2.181,0.431,12.732,-6.087,-4.643,2.247,SHAKE_OPEN
4095,2608,3903,3.294,-1.02,11.734,-6.649,-4.313,2.677,SHAKE_OPEN
3890,2072,4095,6.053,-12.828,5.016,4.664,0.109,0.106,SHAKE_OPEN
3830,2059,4095,6.203,-13.314,4.901,3.888,-0.07,-0.356,SHAKE_OPEN
4095,1968,3651,6.242,-13.733,4.554,3.092,-0.255,-0.794,SHAKE_OPEN
3530,2512,2891,6,-14.506,4.322,2.544,-0.176,-1.183,SHAKE_OPEN
4017,2030,4095,5.887,-13.958,4.037,2.216,0.182,-1.393,SHAKE_OPEN
4095,1773,3855,5.983,-13.587,4.3,1.855,0.491,-1.202,SHAKE_OPEN
3773,2157,3718,6.689,-13.867,5.045,1.416,0.584,-0.702,SHAKE_OPEN
3334,2094,4095,7.357,-14.423,5.567,0.974,0.447,-0.138,SHAKE_OPEN
4095,2004,3627,7.487,-15.038,5.478,0.543,0.212,0.286,SHAKE_OPEN
3323,2736,4095,7.305,-15.33,5.009,0.099,0.111,0.499,SHAKE_OPEN
3952,1918,3707,7.293,-15.124,4.609,-0.427,0.093,0.525,SHAKE_OPEN
4095,2093,4054,7.175,-14.483,4.609,-0.969,0.079,0.433,SHAKE_OPEN
3600,2003,4095,7.025,-13.589,4.417,-1.478,0.052,0.36,SHAKE_OPEN
4095,1933,3901,6.776,-12.637,3.996,-1.908,0.09,0.345,SHAKE_OPEN
3664,2450,3050,6.704,-11.849,4.061,-2.248,0.188,0.458,SHAKE_OPEN
4095,2112,4095,6.603,-11.404,4.422,-2.541,0.212,0.724,SHAKE_OPEN
4095,1723,3723,6.766,-11.1,4.573,-2.931,0.052,1.116,SHAKE_OPEN
4047,2261,3513,6.886,-10.997,4.436,-3.336,-0.181,1.32,SHAKE_OPEN
3553,1904,4095,6.721,-10.867,4.147,-3.684,-0.361,1.22,SHAKE_OPEN
4095,1930,3639,6.299,-10.453,3.689,-4.03,-0.473,0.978,SHAKE_OPEN
3423,2632,4095,5.722,-9.687,3.412,-4.438,-0.542,0.718,SHAKE_OPEN
4095,1971,4095,5.229,-8.794,3.357,-4.87,-0.617,0.47,SHAKE_OPEN
4095,2155,3865,5.04,-7.975,3.462,-5.26,-0.714,0.156,SHAKE_OPEN
3395,2215,4095,4.781,-7.132,3.479,-5.53,-0.851,-0.297,SHAKE_OPEN
4095,1977,3787,3.943,-6.084,3.443,-5.735,-0.998,-0.708,SHAKE_OPEN
3654,2465,3339,3.093,-5.09,3.297,-5.926,-1.115,-0.9,SHAKE_OPEN
4095,2111,4095,2.485,-4.226,3.27,-6.169,-1.152,-0.941,SHAKE_OPEN
4095,1694,4061,2.344,-3.749,3.393,-6.44,-1.143,-1.138,SHAKE_OPEN
3974,2313,3632,2.435,-3.419,3.563,-6.622,-1.111,-1.675,SHAKE_OPEN
3184,2227,3839,2.21,-2.978,4.022,-6.736,-1.213,-2.405,SHAKE_OPEN
4095,2016,3312,1.377,-2.102,3.84,-6.887,-1.486,-3.114,SHAKE_OPEN
3824,2319,3984,0.18,-1.073,3.555,-7.043,-1.797,-3.679,SHAKE_OPEN
4095,1867,3931,-1.08,0.347,2.945,-7.194,-2.041,-3.975,SHAKE_OPEN
4095,2149,3899,-1.381,1.492,2.921,-7.374,-2.189,-4.075,SHAKE_OPEN
3558,2207,4095,-1.13,1.875,3.393,-7.509,-2.613,-4.226,SHAKE_OPEN
4095,2165,4095,-3.385,4.286,3.517,-7.353,-3.23,-4.099,SHAKE_OPEN
3543,2381,3118,-5.569,8.31,0.68,-6.973,-3.313,-3.091,SHAKE_OPEN
4095,2199,4095,-4.86,9.574,-2.303,-6.73,-2.601,-1.724,SHAKE_OPEN
4095,1761,4095,-1.671,7.202,-1.884,-6.811,-2.042,-1.427,SHAKE_OPEN
4095,2229,3479,-3.22,9.661,-0.239,-6.824,-1.809,-2.069,SHAKE_OPEN
3266,2118,4095,-4.693,14.638,0.522,-6.613,-1.365,-2.201,SHAKE_OPEN
4095,1877,4095,-4.001,18.031,2.274,-6.412,-1.279,-2.265,SHAKE_OPEN
3952,2397,4095,-3.938,16.357,2.844,-6.22,-1.695,-3.01,SHAKE_OPEN
3600,2113,4095,-9.098,18.289,3.718,-5.906,-1.928,-3.864,SHAKE_OPEN
4095,2140,4095,-14.868,22.963,3.716,-4.732,-1.159,-3.134,SHAKE_OPEN
3613,2061,4095,-15.215,27.794,3.869,-3.241,0.003,-1.38,SHAKE_OPEN
3982,2191,3927,-12.965,23.02,4.101,-1.486,0.409,0.248,SHAKE_OPEN
4095,2386,2999,-10.932,19.015,3.807,-0.308,0.664,0.778,SHAKE_OPEN
4048,2083,4095,-11.736,17.617,2.799,0.803,0.879,0.544,SHAKE_OPEN
4095,1680,4095,-8.104,15.342,2.392,1.795,1.293,0.772,SHAKE_OPEN
4095,2240,3475,-6.833,11.99,-0.048,1.383,1.097,-0.09,SHAKE_OPEN
3245,2277,4095,-7.293,11.918,1.346,0.868,0.943,-0.779,SHAKE_OPEN
4095,1845,3290,-7.503,10.975,0.812,0.665,1.132,-1.373,SHAKE_OPEN
3767,2239,2961,-7.633,9.931,1.154,0.459,1.375,-1.808,SHAKE_OPEN
3854,1901,4095,-8.308,9.823,2.421,0.392,1.692,-2.045,SHAKE_OPEN
4095,1803,4095,-9.299,10.482,3.323,0.513,1.986,-1.709,SHAKE_OPEN
3899,2166,4095,-9.843,10.537,3.649,0.748,2.352,-0.787,SHAKE_OPEN
3824,1995,4095,-9.723,10.307,3.725,1.193,2.824,0.341,SHAKE_OPEN
4065,2101,3066,-8.717,9.225,4.24,1.747,3.271,1.343,SHAKE_OPEN
4095,2118,4095,-7.458,8.59,5.203,2.403,3.441,2.025,SHAKE_OPEN
4095,1616,4095,-6.989,8.375,4.887,3.05,3.448,2.702,SHAKE_OPEN
4095,2032,3409,-6.517,7.903,4.001,3.592,3.543,3.457,SHAKE_OPEN
3123,2135,4095,-5.923,7.377,3.369,4.052,3.703,4.278,SHAKE_OPEN
4095,1852,4035,-5.052,6.589,2.904,4.483,3.886,5.11,SHAKE_OPEN
3971,2403,3330,-3.354,4.899,2.646,4.818,4.022,5.611,SHAKE_OPEN
3959,2211,3819,-0.802,3.247,2.552,5.263,4.018,5.487,SHAKE_OPEN
3985,1850,4095,0.242,2.564,2.085,5.659,3.756,5.185,SHAKE_OPEN
3691,2285,4095,0.237,2.16,1.592,5.938,3.545,5.207,SHAKE_OPEN
4095,2001,3830,0.814,0.785,1.331,6.019,3.373,5.392,SHAKE_OPEN
4001,2256,2864,2.198,-1.204,1.501,5.837,2.963,5.437,SHAKE_OPEN
4089,2208,4095,2.866,-2.684,1.391,5.659,2.466,5.12,SHAKE_OPEN
4095,1878,4095,2.765,-3.4,1.082,5.61,2.216,4.586,SHAKE_OPEN
4095,2171,3444,2.801,-3.926,1.118,5.572,2.258,3.887,SHAKE_OPEN
3258,2598,3344,2.971,-4.008,1.037,5.342,2.348,3.317,SHAKE_OPEN
4095,1911,4095,3.215,-3.967,1.209,4.954,2.364,2.977,SHAKE_OPEN
4095,2064,4095,0.376,6.613,-4.223,2.211,4.09,2.773,SHAKE_OPEN
4095,1967,4095,4.013,3.268,-3.407,3.706,4.037,3.528,SHAKE_OPEN
4095,1888,4095,4.446,0.713,-3.812,4.664,4.228,3.61,SHAKE_OPEN
4095,1910,4095,4.331,-1.475,-2.483,5.001,4.474,3.609,SHAKE_OPEN
4095,1957,4095,6.187,-3.809,-0.146,4.65,4.073,3.766,SHAKE_OPEN
4095,1989,4095,8.768,-6.625,1.238,4.554,3.3,3.281,SHAKE_OPEN
4095,1968,4062,8.234,-8.059,1.147,4.789,2.735,2.306,SHAKE_OPEN
4095,1919,4084,5.332,-7.891,0.192,4.883,2.692,1.884,SHAKE_OPEN
4095,1915,4019,4.235,-8.016,1.453,4.624,2.891,2.202,SHAKE_OPEN
4095,1978,4095,5.31,-9.713,3.68,4.458,2.786,2.665,SHAKE_OPEN
4068,2038,4095,6.187,-12.445,4.669,4.643,2.411,2.933,SHAKE_OPEN
4095,2081,4095,6.136,-14.317,3.778,4.94,2.171,2.461,SHAKE_OPEN
4095,2026,4095,4.791,-15.383,4.594,5.296,2.342,1.494,SHAKE_OPEN
4095,2064,4095,5.076,-14.514,4.492,4.68,2.333,1.278,SHAKE_OPEN
4095,2065,4095,6.333,-14.401,4.798,4.07,2.012,1.267,SHAKE_OPEN
4095,2069,4095,7.075,-15.069,5.212,4.082,1.942,0.553,SHAKE_OPEN
4095,2196,4095,6.637,-13.965,5.483,4.609,2.202,-0.36,SHAKE_OPEN
4095,2110,4095,4.65,-12.268,5.552,4.95,2.761,-0.703,SHAKE_OPEN
4095,2085,4095,3.716,-10.264,5.89,4.149,3.11,0.165,SHAKE_OPEN
4095,2022,4095,4.681,-11.281,8.071,3.267,3.045,0.941,SHAKE_OPEN
4095,2110,4095,6.029,-12.823,9.457,2.688,2.472,0.71,SHAKE_OPEN
4095,2160,4095,5.614,-12.469,8.511,2.357,1.924,0.025,SHAKE_OPEN
4095,2178,4095,4.525,-11.164,7.932,1.945,1.851,-0.364,SHAKE_OPEN
4095,2153,3966,3.934,-10.573,7.712,1.293,1.933,-0.371,SHAKE_OPEN
4095,2077,4095,3.874,-11.423,7.649,0.365,1.883,-0.37,SHAKE_OPEN
4095,2047,4095,3.405,-12.749,7.556,-0.833,1.691,-0.823,SHAKE_OPEN
4095,2087,4095,2.428,-12.821,8.531,-2.054,1.417,-1.672,SHAKE_OPEN
4095,2201,4095,1.765,-11.624,9.996,-3.098,1.118,-2.183,SHAKE_OPEN
4095,2169,4095,2.737,-10.297,10.719,-3.905,0.627,-2.336,SHAKE_OPEN
4095,2116,4095,3.713,-9.704,10.556,-4.531,-0.192,-2.302,SHAKE_OPEN
4095,2032,4095,3.613,-9.076,10.647,-5.072,-1.002,-2.192,SHAKE_OPEN
4095,2075,4095,3.199,-7.968,9.955,-5.657,-1.817,-2.003,SHAKE_OPEN
3983,2176,4095,2.543,-6.316,9.031,-6.218,-2.421,-1.5,SHAKE_OPEN
4095,2112,4095,3.01,-5.976,7.475,-6.547,-2.677,-0.932,SHAKE_OPEN
4095,2053,4095,3.757,-7.233,5.911,-6.856,-2.641,-0.853,SHAKE_OPEN
4095,2042,4095,3.498,-7.142,5.737,-7.209,-2.431,-1.43,SHAKE_OPEN
4095,1995,4095,2.514,-6.539,5.878,-7.014,-2.116,-2.418,SHAKE_OPEN
4026,2022,4095,3.338,-5.832,5.437,-6.395,-2.103,-3.573,SHAKE_OPEN
4095,2118,4095,3.302,-5.339,4.027,-5.907,-2.423,-4.48,SHAKE_OPEN
4095,2023,4095,2.981,-4.377,2.741,-5.612,-2.808,-5.279,SHAKE_OPEN
4095,1921,4043,2.373,-3.333,1.58,-5.328,-3.216,-6.118,SHAKE_OPEN
4095,1910,4017,2.459,-2.279,1.267,-4.897,-3.76,-6.97,SHAKE_OPEN
3956,1998,4095,1.767,-0.23,0.101,-4.447,-4.232,-7.335,SHAKE_OPEN
4027,2058,4095,-0.177,1.439,-3.481,-4.105,-4.233,-7.029,SHAKE_OPEN
4095,2038,4095,-1.92,3.12,-4.954,-3.833,-3.62,-6.591,SHAKE_OPEN
4095,1958,4095,-1.523,5.916,-3.785,-3.344,-3.472,-5.996,SHAKE_OPEN
4095,1840,4095,-3.139,8.035,-4.793,-2.716,-3.359,-4.934,SHAKE_OPEN
4095,1842,4095,-5.186,9.536,-7.01,-1.773,-2.403,-3.677,SHAKE_OPEN
4080,1926,4095,-7.034,10.877,-8.622,-0.602,-0.75,-2.148,SHAKE_OPEN
4095,1847,4095,-6.914,11.847,-8.035,0.547,1.066,-0.076,SHAKE_OPEN
4095,1859,4095,-3.598,10.345,-5.634,1.709,2.276,1.873,SHAKE_OPEN
4095,1844,4095,-0.718,7.365,-4.975,2.921,2.974,3.069,SHAKE_OPEN
4095,1833,4095,0.819,5.049,-3.974,3.97,3.625,3.765,SHAKE_OPEN
4095,1765,4095,2.069,2.892,-2.207,4.783,4.219,4.323,SHAKE_OPEN
4095,1841,4095,4.235,-0.055,-0.397,5.235,4.229,5.098,SHAKE_OPEN
4095,1910,4095,6.472,-3.51,1.518,5.366,3.493,5.839,SHAKE_OPEN
4095,1790,4059,7.803,-5.962,3.359,5.541,2.308,5.838,SHAKE_OPEN
4095,1725,3969,8.368,-9.103,3.551,5.822,1.415,5.085,SHAKE_OPEN
4095,1774,4095,8.061,-12.493,2.861,5.806,0.831,4.214,SHAKE_OPEN
4095,1731,4095,7.817,-13.539,2.856,5.483,0.357,3.279,SHAKE_OPEN
4095,1818,4095,7.47,-14.186,2.361,5.146,0.139,1.958,SHAKE_OPEN
4095,1780,4095,6.45,-15.562,2.605,5.101,0.398,0.49,SHAKE_OPEN
4095,1744,4095,4.855,-15.541,2.172,4.802,0.763,-0.149,SHAKE_OPEN
4095,1730,4095,4.077,-13.898,2.732,3.818,0.896,0.005,SHAKE_OPEN
4095,1792,4095,4.93,-13.551,4.264,3.34,0.837,0.024,SHAKE_OPEN
4047,1843,4095,5.045,-14.202,4.527,3.436,0.949,-0.168,SHAKE_OPEN
4095,1843,4095,4.314,-14.36,4.398,3.608,1.216,-0.302,SHAKE_OPEN
4095,1985,4095,3.428,-14.372,4.175,3.313,1.474,0.033,SHAKE_OPEN
4095,1934,4095,3.598,-14.77,4.044,2.167,1.463,1.026,SHAKE_OPEN
4095,1969,4095,6.031,-16.903,4.535,1.384,1.317,1.017,SHAKE_OPEN
3977,2064,4095,6.404,-17.255,3.268,1.007,1.287,0.237,SHAKE_OPEN
4095,2171,4095,6.074,-15.481,2.31,0.513,1.492,-0.287,SHAKE_OPEN
4095,2202,4079,5.935,-13.819,2.569,0.244,1.736,-0.369,SHAKE_OPEN
4095,2160,4095,6.543,-12.819,3.019,0.128,1.763,-0.187,SHAKE_OPEN
4095,2128,4065,7.35,-12.232,3.048,-0.337,1.479,0.237,SHAKE_OPEN
3723,1942,4095,-4.374,6.958,-6.129,-3.685,3.368,-6.471,SHAKE_OPEN
4095,2218,3507,-3.991,8.684,-3.728,-3.556,4.3,-5.812,SHAKE_OPEN
4095,2209,4095,-3.438,9.744,-2.476,-3.679,4.305,-5.149,SHAKE_OPEN
4095,1873,4095,-3.558,11.655,-1.041,-3.766,4.018,-4.195,SHAKE_OPEN
4095,2138,3892,-3.73,12.78,-1.073,-3.854,3.671,-3.018,SHAKE_OPEN
3405,2287,4095,-3.452,12.562,-1.202,-4.092,3.579,-1.809,SHAKE_OPEN
4095,1990,4095,-2.622,11.82,-0.622,-4.381,3.765,-0.914,SHAKE_OPEN
4095,2058,3071,-1.973,11.583,0.608,-4.724,4.043,-0.352,SHAKE_OPEN
4095,2056,4095,-1.712,11.499,1.86,-4.984,4.302,0.215,SHAKE_OPEN
4095,1968,4077,-1.365,11.432,3.464,-5.111,4.454,0.937,SHAKE_OPEN
3914,2090,4095,-0.879,11.327,4.882,-5.209,4.499,1.577,SHAKE_OPEN
3841,1911,4095,-0.385,10.623,5.887,-5.266,4.28,2.177,SHAKE_OPEN
4095,2160,3227,0.366,9.438,6.469,-5.372,3.902,2.58,SHAKE_OPEN
4095,2134,3981,1.41,8.284,7.494,-5.431,3.561,2.666,SHAKE_OPEN
4095,1846,4095,2.61,7.159,8.31,-5.49,3.118,2.526,SHAKE_OPEN
4041,2114,3459,3.836,5.669,8.641,-5.765,2.459,2.212,SHAKE_OPEN
3103,2225,4095,4.506,4.824,9.342,-6.222,1.681,1.758,SHAKE_OPEN
4095,2087,4095,4.166,4.64,10.927,-6.626,0.959,1.419,SHAKE_OPEN
4095,2100,4032,4.247,4.106,11.949,-6.786,0.423,1.379,SHAKE_OPEN
4095,2147,3828,4.353,3.366,12.361,-6.921,-0.048,1.525,SHAKE_OPEN
4095,2087,4095,4.19,2.696,13.068,-7.055,-0.408,1.935,SHAKE_OPEN
3728,2121,4095,4.434,1.132,13.956,-7.18,-0.556,2.451,SHAKE_OPEN
3642,2262,3440,5.504,-1.302,15.253,-7.162,-0.487,2.858,SHAKE_OPEN
3745,2240,3859,7.116,-3.926,16.644,-6.798,-0.481,2.793,SHAKE_OPEN
3885,1927,4095,8.183,-6.215,17.128,-6.244,-0.732,2.205,SHAKE_OPEN
4095,1634,4095,8.554,-6.539,18.773,-5.39,-1.17,0.845,SHAKE_OPEN
3892,1875,3583,8.499,-6.203,18.658,-4.437,-1.688,-0.885,SHAKE_OPEN
3125,1967,4095,7.391,-4.786,17.248,-3.77,-2.286,-2.41,SHAKE_OPEN
4095,1902,4095,6.208,-2.459,16.52,-3.285,-3.147,-3.218,SHAKE_OPEN
4095,1978,3948,5.413,-0.16,15.649,-2.791,-4.164,-3.246,SHAKE_OPEN
4095,1904,3725,4.956,0.737,14.207,-2.459,-5.157,-2.845,SHAKE_OPEN
4095,1878,3984,4.681,1.657,12.996,-2.063,-6.047,-2.354,SHAKE_OPEN
3984,1904,4095,4.855,1.511,10.989,-1.77,-6.919,-1.899,SHAKE_OPEN
4095,2246,4095,4.604,1.477,9.323,-1.613,-7.729,-1.525,SHAKE_OPEN
3687,2192,4016,4.458,1.958,7.403,-1.601,-8.581,-0.921,SHAKE_OPEN
4095,2220,4095,3.752,2.567,5.425,-1.917,-8.731,0.038,SHAKE_OPEN
4095,1928,4095,2.406,2.765,3.5,-2.32,-8.731,1.216,SHAKE_OPEN
3796,1956,3904,2.377,2.009,1.745,-2.38,-8.731,1.876,SHAKE_OPEN
3455,2126,4095,3.223,0.668,0.086,-2.043,-8.731,2.099,SHAKE_OPEN
3975,2261,4095,4.259,-1.681,-1.69,-1.662,-8.731,1.674,SHAKE_OPEN
3792,2055,4095,3.809,-2.684,-2.72,-1.451,-8.465,0.842,SHAKE_OPEN
4095,2464,3858,4.93,-3.148,-1.666,-1.491,-8.658,0.107,SHAKE_OPEN
4087,2135,3925,2.966,-3.388,-1.367,-1.231,-8.731,-0.908,SHAKE_OPEN
4095,2255,3610,0.081,-3.431,-4.089,-0.974,-8.726,-1.894,SHAKE_OPEN
4080,2073,3510,-2.859,-3.8,-7.697,-0.802,-7.587,-2.616,SHAKE_OPEN
3952,2163,4095,-4.788,-4.403,-10.506,-0.622,-5.849,-3.274,SHAKE_OPEN
4095,2079,4095,-5.088,-5.61,-11.157,-0.8,-3.77,-3.948,SHAKE_OPEN
4095,2032,3762,-5.128,-6.122,-11.2,-1.558,-1.861,-4.663,SHAKE_OPEN
4095,1973,3312,-3.412,-6.979,-9.452,-2.21,-0.395,-5.746,SHAKE_OPEN
4095,2334,4095,-2.358,-7.35,-8.794,-2.729,0.389,-7.04,SHAKE_OPEN
4095,2458,4095,-2.784,-7.032,-9.1,-3.108,1.017,-8.132,SHAKE_OPEN
3728,2003,3849,-3.144,-5.918,-8.832,-3.386,1.866,-8.731,SHAKE_OPEN
3545,1891,4095,-2.775,-4.707,-9.335,-3.12,2.788,-8.731,SHAKE_OPEN
4095,2067,3760,-1.733,-3.531,-9.079,-2.75,3.546,-8.731,SHAKE_OPEN
4095,1997,4010,0.62,-2.471,-7.309,-2.39,3.746,-8.731,SHAKE_OPEN
3763,2166,4095,1.322,-2.229,-6.687,-2.354,3.481,-8.731,SHAKE_OPEN
4095,2294,4095,-0.52,-1.369,-8.44,-2.607,3.615,-8.731,SHAKE_OPEN
3738,1986,4017,-1.906,0.148,-8.495,-2.918,4.374,-8.731,SHAKE_OPEN
4095,1969,3058,-2.313,1.255,-5.923,-3.171,5.073,-8.731,SHAKE_OPEN
4095,2053,3682,-3.493,2.344,-3.826,-3.459,5.5,-8.731,SHAKE_OPEN
4095,2289,4095,-5.653,7.908,2.128,-3.058,6.017,-8.731,SHAKE_OPEN
3289,1999,3373,-7.168,7.891,-3.56,-2.647,5.813,-8.731,SHAKE_OPEN
3469,2011,3815,-6.96,13.788,-1.949,-4.449,6.086,-6.267,SHAKE_OPEN
4095,2223,3875,-6.675,12.021,0.148,-5.235,6.321,-4.262,SHAKE_OPEN
4095,1968,3677,-5.818,11.231,2.263,-5.631,6.026,-2.176,SHAKE_OPEN
4095,2085,3715,-3.828,10.738,2.409,-5.967,5.764,-0.745,SHAKE_OPEN
4095,2332,4095,-2.138,10.388,3.417,-6.474,5.45,0.037,SHAKE_OPEN
4095,2111,4095,-0.713,9.498,5.097,-6.704,4.715,0.759,SHAKE_OPEN
3358,2134,3945,0.788,8.753,6.716,-6.842,3.869,1.233,SHAKE_OPEN
4095,1970,3473,2.145,7.707,8.021,-7.072,3.134,1.295,SHAKE_OPEN
3479,1862,4095,3.12,6.649,10.003,-7.177,2.468,1.156,SHAKE_OPEN
3926,1933,3330,3.84,5.827,11.681,-7.203,1.708,0.933,SHAKE_OPEN
3838,2215,4095,4.044,5.229,12.716,-7.399,0.915,0.712,SHAKE_OPEN
3691,1670,4046,3.455,4.992,13.307,-7.881,0.042,0.967,SHAKE_OPEN
4095,2023,4052,3.352,4.355,13.307,-8.481,-0.547,1.74,SHAKE_OPEN
4095,1970,3758,-4.705,15.378,5.013,-0.91,1.511,-1.51,SHAKE_OPEN
4095,1834,4095,-4.259,15.313,6.225,-0.138,1.954,-0.145,SHAKE_OPEN
4095,1799,3440,-3.017,13.499,6.632,0.566,2.154,0.771,SHAKE_OPEN
3734,2133,3962,-2.385,11.741,5.921,1.061,2.419,1.092,SHAKE_OPEN
3678,1828,4095,-2.21,10.542,5.009,1.31,2.93,1.037,SHAKE_OPEN
4095,2361,3671,-2.397,9.84,4.812,1.384,3.698,0.908,SHAKE_OPEN
2739,2244,4095,-1.987,9.1,5.38,1.343,4.45,0.802,SHAKE_OPEN
4095,1840,3152,-1.326,8.313,5.974,1.247,5.044,0.641,SHAKE_OPEN
4091,2131,4007,-0.807,7.922,5.947,1.194,5.571,0.378,SHAKE_OPEN
4038,1923,4095,-0.673,7.91,5.787,1.066,6.199,0.135,SHAKE_OPEN
4060,2129,3787,-0.553,8.112,5.329,0.685,7.198,0.06,SHAKE_OPEN
3314,2459,3472,0.024,7.817,6.335,0.319,8.189,0.022,SHAKE_OPEN
4095,1920,4095,0.979,7.319,9.378,0.025,8.731,-0.197,SHAKE_OPEN
4095,1950,3334,0.943,7.69,10.745,-0.191,8.731,-0.562,SHAKE_OPEN
3811,2106,4095,-0.208,9.086,10.865,-0.654,8.731,-0.361,SHAKE_OPEN
3961,1667,4095,-1.156,9.311,11.504,-1.363,8.731,0.478,SHAKE_OPEN
4095,2055,3311,-1.36,8.109,12.711,-2.057,8.525,1.318,SHAKE_OPEN
2859,2091,4095,-0.816,6.565,13.599,-2.46,7.674,1.767,SHAKE_OPEN
4095,1741,3553,0.314,5.38,13.297,-2.699,6.505,1.825,SHAKE_OPEN
4095,2123,4095,1.403,4.767,12.799,-2.923,5.181,1.66,SHAKE_OPEN
4091,1932,4095,2.215,4.724,12.57,-3.044,3.818,1.426,SHAKE_OPEN
4095,1981,3514,3.139,4.571,12.603,-3.085,2.329,1.237,SHAKE_OPEN
3515,2238,3251,3.804,4.508,12.567,-3.063,0.761,1.071,SHAKE_OPEN
4095,2000,4095,3.977,4.925,12.45,-2.918,-0.695,0.849,SHAKE_OPEN
4095,1816,3699,3.9,4.669,12.471,-2.488,-1.936,0.389,SHAKE_OPEN
3664,2109,4095,3.663,4.36,12.404,-1.862,-3.038,-0.296,SHAKE_OPEN
3433,1958,4095,2.866,4.31,11.969,-1.265,-4.032,-1.19,SHAKE_OPEN
4095,2002,3371,1.628,4.697,11.636,-0.8,-4.936,-2.001,SHAKE_OPEN
3768,2330,4095,0.644,4.853,11.401,-0.369,-5.695,-2.581,SHAKE_OPEN
3922,1815,3657,-0.699,5.339,11.768,-0.099,-6.504,-3.078,SHAKE_OPEN
4095,2030,4095,-2.272,6.088,11.444,0.025,-7.538,-3.328,SHAKE_OPEN
3840,2016,4095,-3.486,7.037,10.879,-0.041,-8.456,-3.007,SHAKE_OPEN
4095,1952,4016,-4.424,6.795,10.592,-0.233,-8.731,-2.464,SHAKE_OPEN
3568,2398,3116,-4.693,6.213,10.484,-0.46,-8.731,-2.251,SHAKE_OPEN
4095,1975,4095,-4.836,7.168,10.649,-0.923,-8.731,-2.23,SHAKE_OPEN
4095,1837,3351,-5.164,9.148,10.616,-1.583,-8.731,-1.645,SHAKE_OPEN
3863,2385,3849,-5.557,10.285,9.045,-2.227,-8.731,-0.739,SHAKE_OPEN
3482,1978,4095,-4.942,10.815,6.639,-2.571,-7.952,-0.157,SHAKE_OPEN
4095,2022,3186,-4.776,11.729,4.647,-2.228,-6.093,-0.041,SHAKE_OPEN
3888,2235,4080,-5.107,13.379,2.164,-1.385,-3.743,0.491,SHAKE_OPEN
4095,1981,3547,-4.827,15.354,1.358,-0.613,-1.394,1.845,SHAKE_OPEN
4095,2141,4095,-4.391,14.995,1.544,-0.192,0.542,3.898,SHAKE_OPEN
3734,2081,4095,-2.222,13.101,3.242,-0.048,1.859,5.741,SHAKE_OPEN
4095,1959,3728,0.036,10.566,4.154,0.165,2.828,6.619,SHAKE_OPEN
3317,2361,3209,3.014,8.669,4.829,0.633,3.867,6.634,SHAKE_OPEN
4095,1808,4095,5.126,7.185,6.158,1.398,4.951,6.156,SHAKE_OPEN
4095,1808,3666,6.002,5.768,7.386,2.029,6.159,5.841,SHAKE_OPEN
3639,2223,4095,6.555,3.393,9.682,2.21,7.542,5.475,SHAKE_OPEN
3891,1898,4095,5.722,1.805,13.805,2.131,8.602,5.091,SHAKE_OPEN
4095,1982,3431,6.33,0.079,17.265,2.063,8.562,4.552,SHAKE_OPEN
3287,2183,4095,8.131,-1.69,18.802,1.97,7.547,3.278,SHAKE_OPEN
4014,1762,4016,7.345,-1.525,18.433,2.178,6.089,1.619,SHAKE_OPEN
4095,2062,4095,7.41,0.946,17.348,2.163,4.237,0.75,SHAKE_OPEN
3825,1959,4095,6.412,1.877,16.932,1.669,2.312,0.43,SHAKE_OPEN
4095,2096,3824,4.202,3.531,17.008,1.289,0.49,1.029,SHAKE_OPEN
3711,2419,3099,3.136,3.768,15.481,0.962,-0.929,2.035,SHAKE_OPEN
3995,2141,4095,2.555,2.741,14.463,0.536,-1.919,2.794,SHAKE_OPEN
4095,1475,4095,2.435,1.872,13.499,0.12,-2.506,3.146,SHAKE_OPEN
4095,2245,3536,2.617,1.621,12.553,-0.376,-2.773,3.212,SHAKE_OPEN
3520,2181,4095,2.854,1.597,11.832,-0.865,-2.793,2.993,SHAKE_OPEN
4095,1993,4071,2.854,1.726,11.408,-1.311,-2.749,2.639,SHAKE_OPEN
3504,2484,4095,2.696,1.822,10.906,-1.591,-2.752,2.346,SHAKE_OPEN
3818,1967,4095,2.562,1.63,10.309,-1.778,-2.84,2.118,SHAKE_OPEN
4095,2036,4095,2.796,1.147,9.735,-1.936,-3.186,1.9,SHAKE_OPEN
3763,2162,4095,3.136,0.74,9.096,-2.014,-3.951,1.591,SHAKE_OPEN
4095,1955,3923,3.055,0.682,8.308,-1.977,-5.068,1.266,SHAKE_OPEN
4095,2211,2779,2.217,0.543,7.3,-1.928,-6.25,1.088,SHAKE_OPEN
3880,1993,4095,1.152,0.373,6.167,-1.936,-7.258,0.844,SHAKE_OPEN
4095,1577,4095,0.297,0.86,5.717,-1.893,-8.089,0.645,SHAKE_OPEN
4095,2321,3710,-0.22,0.967,5.787,-1.901,-8.731,0.437,SHAKE_OPEN
3227,2129,3659,-0.615,0.661,5.717,-1.774,-8.731,0.008,SHAKE_OPEN
4095,1798,3250,-0.378,0.369,4.925,-1.569,-8.731,-0.725,SHAKE_OPEN
4095,2043,3609,-0.996,0.721,3.376,-1.448,-8.731,-1.451,SHAKE_OPEN
3776,1820,4095,-1.563,0.453,0.644,-1.419,-8.034,-1.949,SHAKE_OPEN
4095,1827,4095,-1.604,0.63,-3.263,-1.545,-6.095,-2.321,SHAKE_OPEN
4095,1670,4095,4.379,9.833,-0.713,-5.255,1.761,-3.514,SHAKE_OPEN
4095,1675,4095,5.442,11.861,-0.874,-4.727,1.794,-3.005,SHAKE_OPEN
4095,1694,4095,6.823,13.103,-1.03,-4.225,1.811,-2.616,SHAKE_OPEN
4095,1765,4095,7.932,15.639,-1.092,-3.661,1.729,-2.06,SHAKE_OPEN
4095,1739,4095,8.959,18.05,-1.286,-2.924,1.531,-1.288,SHAKE_OPEN
4095,1722,4095,10.774,17.885,-1.951,-2.162,1.28,-0.888,SHAKE_OPEN
4095,1649,4095,11.504,17.564,-2.114,-1.52,1.03,-1.203,SHAKE_OPEN
4095,1687,4095,10.065,18.83,-2.023,-0.797,0.674,-1.219,SHAKE_OPEN
4095,1808,4095,8.468,19.549,-2.526,0.033,0.269,-0.48,SHAKE_OPEN
4095,1783,4095,7.999,18.009,-2.763,0.831,-0.052,0.423,SHAKE_OPEN
4095,1772,4095,8.025,15.565,-2.607,1.451,-0.336,0.879,SHAKE_OPEN
4095,1711,4095,7.8,13.513,-2.433,1.854,-0.556,0.898,SHAKE_OPEN
4095,1741,4095,7.183,12.388,-2.169,2.134,-0.639,0.719,SHAKE_OPEN
4095,1781,4095,6.486,11.741,-1.384,2.307,-0.614,0.55,SHAKE_OPEN
4095,1825,4095,6.165,10.97,-0.603,2.473,-0.574,0.372,SHAKE_OPEN
4095,1904,4095,5.787,10.367,-0.206,2.697,-0.484,0.184,SHAKE_OPEN
4095,1951,4095,5.121,9.917,-0.062,2.894,-0.292,0.15,SHAKE_OPEN
4095,1989,4095,4.8,9.189,0.156,3.025,-0.075,0.303,SHAKE_OPEN
4095,1970,4095,4.731,8.358,0.412,3.066,0.075,0.521,SHAKE_OPEN
4047,2014,4095,4.927,7.791,0.766,3.137,0.097,0.735,SHAKE_OPEN
4095,2053,4095,5.131,6.634,0.591,3.255,0.121,0.867,SHAKE_OPEN
4095,2055,4095,5.133,5.851,0.215,3.33,0.236,0.884,SHAKE_OPEN
4095,2042,4095,5.021,5.219,-0.249,3.393,0.482,0.899,SHAKE_OPEN
4095,1957,4095,4.889,5.104,0.113,3.435,0.791,0.956,SHAKE_OPEN
4095,1972,4095,4.829,4.465,0.749,3.423,0.93,1.181,SHAKE_OPEN
4095,2009,4095,5.033,3.68,1.137,3.441,0.902,1.405,SHAKE_OPEN
4082,2053,4095,4.786,2.883,0.591,3.511,1.012,1.526,SHAKE_OPEN
4095,2028,4095,4.781,2.327,0.634,3.571,1.336,1.599,SHAKE_OPEN
4095,1968,4095,4.846,1.573,1.331,3.585,1.618,1.543,SHAKE_OPEN
4095,1971,4095,5.143,0.965,1.879,3.553,1.816,1.273,SHAKE_OPEN
4095,2022,4095,5.476,0.419,1.894,3.544,2.014,1.04,SHAKE_OPEN
4095,2075,4095,5.547,0.108,1.875,3.524,2.234,1.001,SHAKE_OPEN
4095,2033,4095,5.612,-0.292,2.133,3.537,2.515,1.027,SHAKE_OPEN
4095,2017,4095,5.849,-1.279,2.195,3.591,2.923,1.293,SHAKE_OPEN
4095,1978,4095,6.706,-2.315,3.203,3.476,3.127,1.883,SHAKE_OPEN
3981,2021,4095,8.174,-3.977,4.484,3.309,2.896,2.394,SHAKE_OPEN
4095,2025,4095,9.151,-5.468,4.729,3.115,2.403,2.511,SHAKE_OPEN
4095,2017,4095,9.22,-6.5,4.144,2.918,2.154,2.358,SHAKE_OPEN
4095,1983,4095,10.195,-7.594,4.633,2.588,1.893,2.285,SHAKE_OPEN
4095,1931,4095,10.956,-8.911,4.745,2.328,1.595,2.25,SHAKE_OPEN
4031,1850,4095,11.562,-9.967,4.293,2.014,1.366,2.175,SHAKE_OPEN
4095,1819,4095,12.45,-11.032,4.252,1.721,1.066,2.052,SHAKE_OPEN
4095,1805,4095,12.933,-12.093,3.733,1.25,0.77,1.792,SHAKE_OPEN
4095,1838,4095,13.192,-12.352,3.666,0.776,0.449,1.458,SHAKE_OPEN
4095,1808,4071,12.718,-12.51,2.978,0.36,0.229,1.169,SHAKE_OPEN
4095,1810,4095,12.225,-12.447,2.442,-0.046,0.196,0.968,SHAKE_OPEN
4095,1814,4095,11.758,-12.232,2.459,-0.505,0.191,0.814,SHAKE_OPEN
4095,1930,4095,11.851,-11.748,2.545,-0.968,0.059,0.63,SHAKE_OPEN
4095,1954,4080,11.684,-11.186,2.461,-1.343,-0.148,0.376,SHAKE_OPEN
4095,1887,4019,11.262,-10.728,2.059,-1.721,-0.333,0.23,SHAKE_OPEN
4095,1979,4058,10.898,-10.285,2.018,-2.213,-0.527,0.159,SHAKE_OPEN
4095,1927,4095,10.527,-9.675,2.172,-2.724,-0.75,0.019,SHAKE_OPEN
4016,1997,4095,10.187,-8.564,2.528,-3.223,-1.027,-0.158,SHAKE_OPEN
4078,1981,4095,9.529,-7.324,2.71,-3.582,-1.253,-0.369,SHAKE_OPEN
4095,1988,4095,8.715,-6.067,2.938,-3.865,-1.391,-0.54,SHAKE_OPEN
4049,1957,4095,7.805,-4.937,3.335,-4.133,-1.508,-0.69,SHAKE_OPEN
4095,1943,4095,7.221,-3.879,3.766,-4.339,-1.722,-0.802,SHAKE_OPEN
4000,1923,4095,6.467,-3.175,3.816,-4.426,-1.978,-1.023,SHAKE_OPEN
4095,1997,4095,5.16,-2.33,3.321,-4.448,-2.078,-1.371,SHAKE_OPEN
4095,2001,4095,3.809,-1.362,2.598,-4.469,-1.936,-1.693,SHAKE_OPEN
4095,1977,4095,2.756,-0.505,2.054,-4.456,-1.616,-1.86,SHAKE_OPEN
4095,1929,4095,2.179,0.026,1.659,-4.434,-1.261,-1.849,SHAKE_OPEN
4095,1951,4095,1.817,0.584,1.496,-4.407,-0.944,-1.755,SHAKE_OPEN
4095,1994,4095,2.143,1.003,1.544,-4.381,-0.706,-1.628,SHAKE_OPEN
4095,2015,4095,2.535,1.044,1.132,-4.338,-0.487,-1.596,SHAKE_OPEN
4095,2001,4095,2.993,1.35,0.776,-4.456,-0.206,-1.752,SHAKE_OPEN
4095,2000,4011,3.402,2.227,1.135,-4.751,-0.069,-2.086,SHAKE_OPEN
4095,2003,4095,3.701,3.402,0.584,-5.059,-0.064,-2.442,SHAKE_OPEN
4070,1957,4095,3.474,5.353,-0.809,-5.168,0.112,-2.822,SHAKE_OPEN
4095,2271,4095,3.366,8.375,-2.416,-4.958,0.543,-2.854,SHAKE_OPEN
4095,2129,4095,4.369,11.394,-3.405,-4.549,1.062,-2.425,SHAKE_OPEN
4095,2039,4095,6.409,13.238,-3.598,-3.848,1.31,-1.921,SHAKE_OPEN
4095,1957,4075,8.27,14.875,-3.819,-2.994,1.155,-1.474,SHAKE_OPEN
4081,1982,4095,9.175,17.044,-4.688,-2.161,0.924,-0.91,SHAKE_OPEN
3980,2010,4095,9.998,18.402,-5.6,-1.297,0.827,-0.265,SHAKE_OPEN
4095,1923,3920,5.399,-2.43,-0.608,-3.662,-1.433,-0.574,SHAKE_OPEN
3943,1869,3758,5.028,-1.429,-0.424,-4.012,-1.28,-1.131,SHAKE_OPEN
4095,1622,3775,4.757,-0.692,-0.036,-4.198,-1.011,-1.968,SHAKE_OPEN
3983,1810,4095,4.369,0.249,0.929,-4.268,-0.871,-2.862,SHAKE_OPEN
3691,1875,4095,3.055,1.686,1.276,-4.277,-0.992,-3.509,SHAKE_OPEN
4057,1767,3562,1.532,3.376,0.972,-4.318,-1.182,-3.455,SHAKE_OPEN
4095,1918,4095,1.269,3.476,0.441,-4.28,-1.197,-3.176,SHAKE_OPEN
4095,1747,4095,2.143,2.629,-0.201,-4.243,-0.959,-3.463,SHAKE_OPEN
4095,1893,3879,2.579,3.024,-0.553,-4.414,-0.612,-4.199,SHAKE_OPEN
3525,1998,4095,2.368,4.415,-0.764,-4.709,-0.314,-4.892,SHAKE_OPEN
4095,1888,4095,1.932,6.103,-1.051,-5.093,-0.049,-5.282,SHAKE_OPEN
4095,2159,4067,1.867,7.867,-1.051,-5.484,0.326,-5.638,SHAKE_OPEN
4075,1938,4095,1.132,11.193,0.362,-5.674,0.713,-5.822,SHAKE_OPEN
3653,1993,4095,0.043,16.604,1.065,-5.36,0.999,-5.045,SHAKE_OPEN
4095,1951,4095,0.97,20.418,1.386,-4.472,1.151,-3.573,SHAKE_OPEN
4095,2096,3930,2.219,20.66,1.049,-3.174,1.271,-2.612,SHAKE_OPEN
4095,2077,3632,2.107,21.782,0.613,-1.921,1.365,-1.976,SHAKE_OPEN
4095,1840,4095,2.049,23.197,-0.132,-0.726,1.354,-0.864,SHAKE_OPEN
4095,1909,4095,2.535,22.156,-0.95,0.276,1.211,0.556,SHAKE_OPEN
4095,2016,3901,4.396,18.974,-1.683,0.993,1.063,1.383,SHAKE_OPEN
3917,2067,3840,5.6,16.527,-1.774,1.599,0.909,1.388,SHAKE_OPEN
4095,1913,4095,5.013,16.089,-1.037,2.154,0.586,1.4,SHAKE_OPEN
4075,2127,3769,3.728,15.799,-0.555,2.612,0.188,1.987,SHAKE_OPEN
4095,1932,3951,3.493,14.564,-0.28,3.076,-0.119,2.816,SHAKE_OPEN
3409,1934,3967,3.527,12.682,0.034,3.52,-0.261,3.287,SHAKE_OPEN
4095,1871,4095,2.88,12.179,0.74,3.944,-0.308,3.637,SHAKE_OPEN
3819,2005,4088,2.217,11.145,0.584,4.309,-0.407,4.336,SHAKE_OPEN
3709,2122,3696,2.727,8.748,0.493,4.542,-0.435,4.889,SHAKE_OPEN
4086,2004,4095,3.472,6.201,0.194,4.721,-0.404,5.017,SHAKE_OPEN
4095,1986,3813,3.85,4.578,-0.215,4.786,-0.394,4.961,SHAKE_OPEN
3462,1914,4034,3.931,3.486,-0.541,4.746,-0.434,4.945,SHAKE_OPEN
4095,1882,3795,4.221,2.033,-0.673,4.669,-0.519,4.891,SHAKE_OPEN
4095,1926,4095,4.295,0.709,-0.766,4.55,-0.664,4.689,SHAKE_OPEN
4005,2313,4095,4.283,-0.297,-0.702,4.434,-0.793,4.236,SHAKE_OPEN
4095,1861,3472,3.903,-0.812,-1.13,4.405,-0.783,3.687,SHAKE_OPEN
3893,1775,4095,3.73,-1.506,-1.221,4.454,-0.594,3.137,SHAKE_OPEN
3879,1975,4095,3.407,-1.841,-1.137,4.477,-0.359,2.646,SHAKE_OPEN
3903,2006,3549,3.22,-2.413,-1.104,4.347,-0.143,2.257,SHAKE_OPEN
3487,2199,4043,3.211,-3.352,-1.195,4.2,0.18,1.79,SHAKE_OPEN
4095,1909,4095,3.378,-3.757,-1.015,4.096,0.608,1.17,SHAKE_OPEN
4095,1669,3621,3.577,-3.85,-0.225,4.086,0.945,0.584,SHAKE_OPEN
3792,1907,3967,3.534,-3.926,-0.036,3.963,1.118,0.335,SHAKE_OPEN
4095,1840,3839,3.821,-4.769,0.433,3.636,1.144,0.384,SHAKE_OPEN
4095,1922,4095,4.757,-6.043,1.216,3.453,1.029,0.217,SHAKE_OPEN
4011,2234,4095,5.054,-6.529,1.073,3.451,0.958,-0.159,SHAKE_OPEN
4095,1877,3966,5.018,-6.639,0.778,3.374,0.966,-0.158,SHAKE_OPEN
3884,1951,3730,5.389,-7.458,1.697,3.255,0.936,0.207,SHAKE_OPEN
3583,1649,4095,6.144,-9.459,2.54,3.219,0.819,0.717,SHAKE_OPEN
4095,1755,4093,7.365,-11.377,2.399,3.126,0.773,1.205,SHAKE_OPEN
3879,1990,4095,8.763,-13.386,1.906,2.917,0.871,1.409,SHAKE_OPEN
3808,1968,4095,10.048,-15.366,1.697,2.328,0.999,1.399,SHAKE_OPEN
4095,1602,3579,11.258,-17.221,1.97,1.393,0.899,1.071,SHAKE_OPEN
3485,1871,3872,12.043,-17.988,2.763,0.356,0.621,0.424,SHAKE_OPEN
3600,1481,4095,11.712,-17.226,2.993,-0.488,0.28,-0.286,SHAKE_OPEN
4095,1917,4095,10.927,-15.538,3.014,-1.321,-0.075,-0.792,SHAKE_OPEN
3407,1930,4095,9.577,-13.4,2.672,-2.067,-0.423,-0.974,SHAKE_OPEN
4095,1829,3772,8.456,-11.322,2.215,-2.73,-0.621,-0.834,SHAKE_OPEN
4095,1955,4095,7.748,-10.12,2.126,-3.238,-0.688,-0.608,SHAKE_OPEN
4095,1733,4095,7.314,-9.294,2.363,-3.624,-0.724,-0.543,SHAKE_OPEN
3853,1954,4095,6.953,-8.629,2.598,-3.976,-0.794,-0.725,SHAKE_OPEN
3806,2005,4095,6.548,-7.848,2.667,-4.38,-0.939,-1.028,SHAKE_OPEN
4005,1951,4095,6.175,-7.321,2.523,-4.825,-1.04,-1.463,SHAKE_OPEN
4095,1790,3973,5.42,-6.4,2.346,-5.295,-1.007,-1.965,SHAKE_OPEN
4095,1882,4095,5.004,-5.456,2.559,-5.803,-0.894,-2.461,SHAKE_OPEN
3599,1513,4095,5.047,-4.757,3.455,-6.265,-0.965,-3.219,SHAKE_OPEN
4012,2109,4095,4.764,-4.432,4.065,-6.666,-1.224,-4.33,SHAKE_OPEN
3936,2032,4095,3.081,-2.899,4.583,-7.045,-1.482,-5.422,SHAKE_OPEN
4095,2126,4095,1.195,-0.541,5.033,-7.351,-1.694,-5.928,SHAKE_OPEN
4095,1910,3166,-0.175,2.66,6.536,-7.348,-1.869,-5.89,SHAKE_OPEN
4095,2084,4055,-1.64,5.231,5.42,-7.082,-1.889,-5.409,SHAKE_OPEN
3761,1793,3785,-1.951,7.515,3.721,-6.467,-1.525,-4.559,SHAKE_OPEN
4095,2123,3711,-1.001,7.621,2.624,-6.009,-0.972,-3.828,SHAKE_OPEN
3679,1958,4095,-1.073,7.611,2.471,-5.766,-0.444,-3.841,SHAKE_OPEN
4095,1766,3709,-1.283,9.421,1.415,-5.486,0.121,-3.935,SHAKE_OPEN
3977,2010,4095,-1.348,11.507,-0.627,-5.261,0.856,-3.736,SHAKE_OPEN
4095,1957,4075,15.105,-6.687,-8.636,2.369,-1.485,0.192,SHAKE_OPEN
3947,1931,3382,14.516,-9.419,-8.571,2.008,-2.12,0.737,SHAKE_OPEN
3501,2266,4004,14.351,-10.953,-7.848,1.478,-2.514,0.687,SHAKE_OPEN
4095,1683,4095,13.791,-11.164,-6.788,0.884,-2.751,0.224,SHAKE_OPEN
4095,1891,3201,12.172,-10.144,-5.787,0.251,-2.906,0.028,SHAKE_OPEN
3783,1818,3739,10.58,-9.67,-4.884,-0.282,-2.871,0.093,SHAKE_OPEN
4095,1572,4095,9.064,-8.811,-3.677,-0.664,-2.683,0.292,SHAKE_OPEN
3857,2001,4095,7.91,-8.389,-2.274,-1.005,-2.433,0.571,SHAKE_OPEN
3575,1839,3955,7.635,-8.164,-1.022,-1.325,-2.387,0.767,SHAKE_OPEN
4095,1782,3058,6.792,-7.91,-0.613,-1.606,-2.402,0.852,SHAKE_OPEN
4008,1846,4095,5.574,-7.197,-0.646,-1.861,-2.252,0.869,SHAKE_OPEN
4095,1685,4095,4.506,-6.359,-0.409,-2.088,-1.899,0.848,SHAKE_OPEN
4095,1868,3361,3.989,-5.854,-0.031,-2.288,-1.502,0.738,SHAKE_OPEN
3309,2290,3596,3.551,-4.872,0.302,-2.468,-1.189,0.535,SHAKE_OPEN
4095,1746,3845,2.988,-3.464,0.079,-2.57,-0.921,0.392,SHAKE_OPEN
4095,1875,2879,2.27,-2.083,-0.335,-2.587,-0.523,0.346,SHAKE_OPEN
3775,1908,3946,1.487,-1.032,-0.773,-2.587,0.083,0.399,SHAKE_OPEN
3903,1634,4095,1.535,-0.306,-0.414,-2.601,0.681,0.472,SHAKE_OPEN
4095,2186,3930,2.088,0.4,0.093,-2.576,1.039,0.358,SHAKE_OPEN
3411,1917,4095,2.298,2.018,0.103,-2.532,1.28,0.164,SHAKE_OPEN
4095,1923,2885,2.37,3.931,-0.287,-2.389,1.565,-0.036,SHAKE_OPEN
4095,2000,4080,2.222,5.545,-1.295,-2.144,2.059,-0.188,SHAKE_OPEN
3964,1463,4095,2.842,7.424,-2.265,-1.878,2.673,-0.252,SHAKE_OPEN
4095,1882,3377,4.561,8.969,-3.587,-1.488,2.976,-0.292,SHAKE_OPEN
3271,2167,4095,6.694,11.293,-4.657,-1.094,3.022,-0.414,SHAKE_OPEN
4095,1849,4095,7.81,12.869,-7.25,-0.438,3.163,-0.394,SHAKE_OPEN
4095,2021,3071,9.495,13.032,-8.77,0.303,3.459,-0.334,SHAKE_OPEN
3565,1986,4095,12.95,11.911,-8.708,0.959,3.422,-0.499,SHAKE_OPEN
4063,1617,3919,15.684,10.889,-8.696,1.628,2.797,-0.992,SHAKE_OPEN
3843,2045,3539,16.223,9.907,-9.409,2.291,2.122,-1.302,SHAKE_OPEN
3513,1807,3882,16.889,7.889,-9.232,3.131,1.513,-1.049,SHAKE_OPEN
4095,1668,3357,17.54,4.815,-8.578,3.906,0.753,-0.208,SHAKE_OPEN
3941,1976,4095,18.129,0.522,-7.515,4.305,-0.245,0.75,SHAKE_OPEN
3726,1607,4095,18.277,-4.487,-6.838,4.339,-1.465,1.395,SHAKE_OPEN
4095,1969,3505,17.107,-8.562,-7.187,3.907,-2.514,1.471,SHAKE_OPEN
3239,2160,3281,15.641,-10.712,-7.628,3.041,-3.128,0.988,SHAKE_OPEN
4095,1792,4095,13.374,-10.374,-7.25,2.155,-3.31,0.333,SHAKE_OPEN
4095,1684,3088,11.564,-9.115,-5.995,1.357,-3.229,0.102,SHAKE_OPEN
3617,1967,4095,10.135,-8.083,-4.745,0.783,-3.095,0.376,SHAKE_OPEN
4034,1567,4095,9.414,-7.695,-3.505,0.304,-2.977,0.88,SHAKE_OPEN
4095,2137,4019,9.041,-7.8,-2.49,-0.148,-2.894,1.269,SHAKE_OPEN
2903,1879,4095,8.353,-7.822,-1.63,-0.633,-2.813,1.395,SHAKE_OPEN
4095,1711,3167,7.041,-7.398,-0.991,-1.081,-2.733,1.354,SHAKE_OPEN
4079,1904,4095,5.361,-6.479,-0.781,-1.455,-2.545,1.372,SHAKE_OPEN
4027,1526,4095,3.857,-5.557,-0.833,-1.827,-2.212,1.48,SHAKE_OPEN
4095,1826,3952,2.868,-4.623,-0.747,-2.116,-1.743,1.486,SHAKE_OPEN
3247,2235,3325,1.946,-3.522,-0.74,-2.278,-1.153,1.348,SHAKE_OPEN
4095,1807,4095,1.006,-2.255,-0.196,-2.375,-0.532,1.27,SHAKE_OPEN
4095,1776,3024,0.35,-1.293,0.017,-2.448,-0.031,1.233,SHAKE_OPEN
3651,2064,4082,-0.077,-0.139,0.098,-2.459,0.515,1.16,SHAKE_OPEN
3942,1199,4095,-0.299,1.053,0.505,-2.471,1.027,0.925,SHAKE_OPEN
4095,2036,3450,-0.599,3.141,1.13,-2.623,1.427,0.466,SHAKE_OPEN
2703,2095,4082,-1.774,6.8,1.302,-2.896,1.776,-0.225,SHAKE_OPEN
4095,1695,3445,-3.306,10.606,1.731,-2.838,2.3,-0.997,SHAKE_OPEN
4095,2015,4095,-3.833,14.382,1.626,-2.658,3.029,-1.625,SHAKE_OPEN
4046,1777,4095,-3.136,17.219,0.323,-2.078,4.059,-1.695,SHAKE_OPEN
4016,1888,3661,0.347,18.361,-2.519,-1.237,5.341,-1.264,SHAKE_OPEN
3281,2163,3274,6.85,17.88,-4.848,0.054,6.278,-0.587,SHAKE_OPEN
4095,1682,4095,15.232,14.897,-5.99,1.455,6.29,-0.109,SHAKE_OPEN
4095,1453,3441,22.908,11.459,-6.491,2.33,4.847,0.176,SHAKE_OPEN
3745,2075,4095,28.067,7.302,-7.973,2.937,2.641,0.249,SHAKE_OPEN
3498,1864,4095,28.362,2.777,-11.035,3.651,0.642,0.288,SHAKE_OPEN
4095,2069,3298,25.551,-1.051,-12.359,3.985,-0.894,0.742,SHAKE_OPEN
3354,2404,4095,22.355,-5.43,-11.554,3.882,-2.165,1.144,SHAKE_OPEN
4095,1598,3335,19.003,-8.973,-10.278,3.438,-3.146,1.056,SHAKE_OPEN
4095,1853,3904,15.61,-9.898,-8.897,2.568,-3.673,0.836,SHAKE_OPEN
4002,1719,4095,12.838,-9.335,-7.681,1.773,-3.767,0.72,SHAKE_OPEN
3947,1797,3705,10.633,-8.741,-5.76,1.138,-3.527,0.806,SHAKE_OPEN
3542,2254,3353,9.017,-8.298,-3.476,0.573,-3.237,1.19,SHAKE_OPEN
4095,1868,4095,7.839,-8.38,-1.113,-0.013,-3.118,1.473,SHAKE_OPEN
4095,1606,3245,6.378,-8.279,0.773,-0.631,-3.034,1.467,SHAKE_OPEN
3824,2087,3888,4.731,-7.405,1.748,-1.275,-2.831,1.369,SHAKE_OPEN
3204,1800,4095,2.562,-6.237,2.186,-1.859,-2.343,1.313,SHAKE_OPEN
4095,1863,3338,0.874,-4.889,2.796,-2.446,-1.592,1.329,SHAKE_OPEN
3434,2346,4095,0.029,-3.654,3.445,-2.911,-0.877,1.258,SHAKE_OPEN
3455,2652,4095,9.922,0.716,-3.366,-0.029,0.117,-0.247,SHAKE_OPEN
3367,2705,4095,10.029,0.9,-3.464,-0.019,-0.023,-0.225,SHAKE_OPEN
2795,2721,4095,9.261,1.211,-3.797,-0.017,-0.109,-0.066,SHAKE_OPEN
3347,2814,4095,8.969,1.058,-3.828,0.035,-0.031,0.279,SHAKE_OPEN
3062,2725,4095,9.258,0.582,-3.754,0.063,0.034,0.373,SHAKE_OPEN
3440,2801,4095,9.62,0.357,-3.898,0.071,0.121,0.171,SHAKE_OPEN
2097,2761,4095,9.558,0.546,-3.675,0.081,0.187,-0.103,SHAKE_OPEN
2672,2721,4095,9.517,0.86,-3.539,0.068,0.158,-0.228,SHAKE_OPEN
3088,2819,4095,9.06,1.19,-3.455,0.057,0.144,-0.087,SHAKE_OPEN
2073,2657,4095,9.33,0.725,-3.282,0.012,0.135,0.227,SHAKE_OPEN
2753,2746,4095,9.517,0.625,-3.124,-0.005,0.045,0.313,SHAKE_OPEN
3875,2639,4095,9.768,0.637,-2.998,-0.038,-0.024,0.276,SHAKE_OPEN
4095,2813,4095,9.67,0.783,-2.871,-0.039,-0.093,0.151,SHAKE_OPEN
3994,2721,4095,9.297,0.898,-2.863,-0.019,-0.11,0.151,SHAKE_OPEN
4095,2722,4095,9.876,0.048,-2.806,-0.029,-0.105,0.179,SHAKE_OPEN
3056,2704,4095,9.943,-0.871,-2.88,0.011,-0.05,0.172,SHAKE_OPEN
4095,2806,4095,10.767,-3.689,-3.117,0.077,-0.062,0.493,SHAKE_OPEN
4095,2778,4095,11.554,-6.328,-3.141,-0.257,-0.319,0.955,SHAKE_OPEN
4095,2775,4095,11.451,-7.606,-2.696,-0.779,-0.663,1.501,SHAKE_OPEN
4095,2818,4095,11.691,-9.041,-2.294,-1.54,-1.085,1.872,SHAKE_OPEN
4095,2798,4095,10.934,-8.923,-1.712,-2.3,-1.471,1.739,SHAKE_OPEN
4095,2766,4095,9.644,-7.254,-1.563,-2.919,-1.649,1.311,SHAKE_OPEN
4095,2727,4095,7.535,-3.761,-1.583,-3.393,-1.374,0.955,SHAKE_OPEN
4095,2745,4095,5.971,0.718,-0.769,-3.847,-0.627,0.735,SHAKE_OPEN
4095,2711,4095,5.1,6.266,2.105,-3.954,-0.139,0.193,SHAKE_OPEN
4095,2960,4095,4.286,11.547,3.742,-3.289,-0.176,-0.645,SHAKE_OPEN
4095,3063,4095,2.969,16.237,2.126,-1.96,0.027,-1.336,SHAKE_OPEN
4095,3024,4095,2.82,19.953,-0.51,-0.419,0.984,-1.231,SHAKE_OPEN
4095,3183,4095,4.594,19.977,-2.227,1.006,1.91,-0.071,SHAKE_OPEN
4095,2993,4095,9.687,14.925,-2.557,2.241,2.257,1.318,SHAKE_OPEN
4095,2803,4095,14.947,7.944,-3.469,3.187,1.682,1.919,SHAKE_OPEN
4095,2689,4095,18.962,1.448,-5.655,3.616,0.388,2.192,SHAKE_OPEN
4095,2629,4095,20.159,-3.62,-8.09,3.437,-1.087,2.566,SHAKE_OPEN
4095,2559,4095,19.8,-8.449,-9.275,2.88,-2.496,2.742,SHAKE_OPEN
4095,2589,4095,17.94,-11.533,-9.397,2.185,-3.522,2.269,SHAKE_OPEN
4051,2599,4095,15.902,-12.84,-8.677,1.299,-4.059,1.406,SHAKE_OPEN
4095,2501,4095,13.247,-12.079,-6.843,0.488,-4.305,0.624,SHAKE_OPEN
4095,2533,4095,10.396,-11.013,-5.32,-0.126,-4.224,0.253,SHAKE_OPEN
4095,2505,4095,7.633,-9.802,-3.541,-0.544,-3.857,0.285,SHAKE_OPEN
4095,2523,4095,5.294,-9.436,-1.537,-0.857,-3.384,0.777,SHAKE_OPEN
4095,2586,4095,3.311,-9.27,-0.488,-1.375,-2.932,1.491,SHAKE_OPEN
4095,2620,4095,2.152,-8.696,0.175,-1.997,-2.385,1.927,SHAKE_OPEN
4095,2608,4095,1.247,-7.585,0.886,-2.534,-1.705,1.831,SHAKE_OPEN
4095,2448,4095,0.34,-5.978,2.054,-2.917,-0.973,1.295,SHAKE_OPEN
4095,2483,4095,-0.306,-3.644,3.223,-3.111,-0.346,0.722,SHAKE_OPEN
4095,2461,4095,-0.577,-0.247,4.31,-3.194,0.204,0.279,SHAKE_OPEN
4095,2599,4095,-1.135,4.003,4.389,-3.048,0.914,-0.001,SHAKE_OPEN
4095,2663,4095,-1.314,7.7,3.757,-2.581,1.775,-0.081,SHAKE_OPEN
4095,2757,4095,-0.433,10.98,3.134,-1.991,2.536,-0.089,SHAKE_OPEN
4095,2691,4095,1.484,14.09,1.879,-1.358,3.096,-0.27,SHAKE_OPEN
4095,2689,4095,3.689,16.391,-1.044,-0.589,3.696,-0.351,SHAKE_OPEN
4095,2783,4095,6.598,16.465,-4.336,0.106,4.383,-0.333,SHAKE_OPEN
4095,2757,4095,10.59,14.892,-6.225,0.766,4.799,-0.539,SHAKE_OPEN
4095,2656,4095,14.985,12.435,-7.53,1.486,4.544,-1.041,SHAKE_OPEN
4095,2490,4095,17.992,9.711,-9.275,2.263,3.667,-1.236,SHAKE_OPEN
4095,2386,4095,20.537,4.875,-11.277,3.081,2.529,-0.722,SHAKE_OPEN
4095,2382,4095,22.34,-1.647,-11.868,3.512,1.006,0.301,SHAKE_OPEN
4095,2371,4095,22.573,-7.922,-10.985,3.413,-0.713,1.226,SHAKE_OPEN
4082,2368,4095,21.124,-13.266,-9.917,2.809,-2.412,1.68,SHAKE_OPEN
4095,2354,4095,17.561,-15.227,-9.005,1.94,-3.498,1.678,SHAKE_OPEN
4095,2331,4095,13.961,-15.874,-7.793,1.146,-3.851,1.282,SHAKE_OPEN
4095,2416,4095,11.255,-15.795,-5.37,0.279,-3.617,0.458,SHAKE_OPEN
4095,2377,4095,9.026,-13.601,-2.636,-0.575,-3.201,-0.454,SHAKE_OPEN
4095,2407,4095,5.866,-10.724,-0.067,-1.429,-2.707,-0.831,SHAKE_OPEN
4095,2399,4095,3.625,-7.961,3.048,-2.204,-2.141,-0.275,SHAKE_OPEN
4095,2385,4095,2.14,-6.16,5.368,-2.821,-1.59,0.509,SHAKE_OPEN
4095,2357,4095,1.463,-4.343,7.494,-3.315,-1.039,0.983,SHAKE_OPEN
4095,2624,4095,0.546,-1.817,8.758,-3.688,-0.703,0.625,SHAKE_OPEN
4095,2541,4095,-1.348,2.49,7.994,-3.651,-0.396,-0.204,SHAKE_OPEN
4095,2608,4095,-4.221,7.889,5.09,-3.18,0.531,-0.919,SHAKE_OPEN
4095,2758,4095,-5.423,13.235,0.907,-2.572,2.215,-0.976,SHAKE_OPEN
4095,2699,4095,-0.802,17.403,-1.681,-1.919,4.106,-0.676,SHAKE_OPEN
4095,2525,4095,5.744,18.318,-2.289,-0.936,5.098,-0.566,SHAKE_OPEN
4080,2724,4095,11.095,16.386,-3.673,0.183,5.027,-0.608,SHAKE_OPEN
4095,2538,4095,14.693,13.834,-5.136,1.066,4.281,-0.358,SHAKE_OPEN
3955,2435,4027,3.543,9.256,2.818,4.172,-0.038,1.255,SHAKE_OPEN
4095,2143,4095,4.987,-0.991,2.935,4.809,0.219,2.586,SHAKE_OPEN
4095,1972,3563,6.524,-11.281,3.371,4.752,0.156,3.144,SHAKE_OPEN
4095,1721,3437,6.455,-19.738,2.717,3.751,-0.426,3.245,SHAKE_OPEN
3366,2065,4095,6.328,-26.116,0.275,2.11,-1.045,2.737,SHAKE_OPEN
4095,1799,4095,6.397,-28.857,-2.658,0.39,-1.122,1.095,SHAKE_OPEN
4095,1808,3349,4.638,-25.254,-4.726,-1.312,-0.394,-0.887,SHAKE_OPEN
3490,1969,3834,3.709,-18.737,-3.867,-2.754,0.739,-1.853,SHAKE_OPEN
3967,1859,4095,5.974,-11.162,-0.383,-3.69,1.463,-2.106,SHAKE_OPEN
4095,1955,3907,9.127,-2.492,3.428,-3.794,1.262,-2.677,SHAKE_OPEN
3472,2076,4095,8.763,8.059,4.963,-2.991,0.403,-3.332,SHAKE_OPEN
4095,1947,3443,5.466,16.781,2.614,-1.572,-0.027,-2.963,SHAKE_OPEN
4095,2548,4095,2.579,19.405,0.323,0.211,0.396,-0.921,SHAKE_OPEN
3251,2043,4095,4.295,12.39,0.596,1.579,0.986,0.995,SHAKE_OPEN
3734,2240,3473,6.706,3.833,1.092,2.429,1.15,1.577,SHAKE_OPEN
3323,2223,4095,8.428,-4.939,0.601,2.895,1.008,1.761,SHAKE_OPEN
4095,1825,4095,8.629,-12.419,-0.338,2.5,0.718,2.1,SHAKE_OPEN
4095,2032,4095,9.596,-18.55,-1.274,1.495,0.247,2.227,SHAKE_OPEN
3777,2189,4095,9.886,-22.403,-2.466,0.147,-0.171,1.533,SHAKE_OPEN
3728,1753,4095,9.313,-22.781,-3.452,-1.171,-0.176,0.223,SHAKE_OPEN
4095,2160,2959,7.977,-19.295,-3.682,-2.464,0.169,-1.124,SHAKE_OPEN
4095,2221,3903,7.664,-11.93,-2.437,-3.372,0.744,-2.081,SHAKE_OPEN
3559,1914,3697,8.368,-2.468,0.409,-3.632,1.018,-2.746,SHAKE_OPEN
4095,2362,4095,8.483,8.119,3.428,-2.872,0.758,-3.282,SHAKE_OPEN
4095,2295,3466,5.868,16.58,3.417,-1.191,0.476,-2.928,SHAKE_OPEN
3824,2766,4095,2.552,18.574,1.192,0.548,0.614,-0.866,SHAKE_OPEN
3937,2089,3911,4.671,10.142,0.541,1.711,1.115,1.589,SHAKE_OPEN
4095,2410,4095,8.42,-0.826,0.816,2.37,1.242,2.803,SHAKE_OPEN
3719,1795,4095,10.125,-11.765,-0.4,2.341,0.853,3.161,SHAKE_OPEN
4095,1931,3559,11.234,-20.942,-1.932,1.238,0.315,2.782,SHAKE_OPEN
3989,1931,4095,11.432,-24.713,-3.493,-0.541,-0.122,1.028,SHAKE_OPEN
3735,1727,3030,10.891,-21.442,-3.582,-2.117,-0.205,-0.357,SHAKE_OPEN
4095,1915,4095,9.376,-14.442,-2.806,-3.374,0.038,-1.451,SHAKE_OPEN
4034,2112,3989,9.165,-4.764,-0.35,-3.889,0.326,-2.498,SHAKE_OPEN
4095,2125,4095,8.267,6.596,2.636,-3.323,0.373,-3.395,SHAKE_OPEN
4095,2794,3238,5.15,16.814,3.977,-1.546,0.293,-3.155,SHAKE_OPEN
4095,2717,4095,1.317,18.768,1.918,0.347,0.523,-0.928,SHAKE_OPEN
4095,2113,3605,3.467,10.527,1.535,1.554,1.038,1.866,SHAKE_OPEN
4095,2353,3974,6.718,-0.843,1.741,2.1,1.201,3.28,SHAKE_OPEN
3803,1885,4095,9.534,-12.95,0.275,1.794,0.898,3.331,SHAKE_OPEN
4095,1919,3286,9.977,-20.94,-2.298,0.472,0.568,2.296,SHAKE_OPEN
4095,2012,4095,10.851,-22.235,-2.605,-1.237,0.448,0.484,SHAKE_OPEN
4017,1711,3822,8.787,-15.795,-2.04,-2.714,0.455,-1.572,SHAKE_OPEN
4095,2076,4095,6.993,-5.65,-0.4,-3.549,1.033,-3.131,SHAKE_OPEN
3753,2249,4095,6.079,5.986,3.196,-3.145,1.509,-3.94,SHAKE_OPEN
4095,2403,4095,4.745,15.332,5.339,-1.52,1.468,-3.389,SHAKE_OPEN
3760,2243,4087,3.534,15.5,3.869,0.291,1.609,-0.828,SHAKE_OPEN
3917,2189,4095,6.649,5.799,2.217,1.282,1.78,1.781,SHAKE_OPEN
3856,2005,3677,11.212,-6.225,1.192,1.393,1.657,3.161,SHAKE_OPEN
4095,2351,4095,12.926,-17.198,-1.662,0.724,1.284,2.879,SHAKE_OPEN
4033,1895,4095,13.58,-21.134,-3.919,-0.972,1.274,1.234,SHAKE_OPEN
4095,2112,3909,12.179,-15.162,-1.834,-2.404,1.398,-1.028,SHAKE_OPEN
4051,1909,4095,11.411,-6.45,1.31,-2.801,1.376,-2.745,SHAKE_OPEN
4095,1873,4086,9.515,4.106,3.948,-2.69,0.987,-3.368,SHAKE_OPEN
4095,2398,4095,5.847,13.228,5.145,-1.563,0.682,-2.967,SHAKE_OPEN
3421,2077,4095,3.8,15.251,3.73,0.094,1.032,-1.308,SHAKE_OPEN
4043,2179,4007,6.201,7.558,2.495,1.532,1.623,0.694,SHAKE_OPEN
4095,2330,3621,8.432,-1.425,1.506,2.098,1.922,2.128,SHAKE_OPEN
3925,2234,4095,11.25,-10.819,0.828,2.043,1.636,2.842,SHAKE_OPEN
4095,2211,4031,13.261,-18.38,-1.796,1.045,0.988,2.777,SHAKE_OPEN
4095,2457,4095,15.057,-20.751,-4.348,-0.572,0.41,1.119,SHAKE_OPEN
4095,2023,3771,15.146,-14.681,-4.448,-1.923,0.586,-1.079,SHAKE_OPEN
4095,2304,3891,14.801,-4.796,-0.52,-2.669,0.708,-2.473,SHAKE_OPEN
4095,2284,4095,14.559,5.533,5.294,-2.175,0.064,-2.807,SHAKE_OPEN
3767,1943,4078,11.703,13.35,6.67,-0.855,-0.887,-2.034,SHAKE_OPEN
4095,2483,4095,8.729,15.079,4.118,0.75,-1.343,0.114,SHAKE_OPEN
3361,2102,4095,8.868,8.739,2.904,1.818,-1.301,1.942,SHAKE_OPEN
4095,2137,3907,9.292,1.324,2.169,2.335,-1.245,2.433,SHAKE_OPEN
4095,2307,4005,10.123,-4.585,1.223,2.409,-1.164,1.904,SHAKE_OPEN
4015,2199,4095,9.9,-8.179,0.189,2.176,-1.191,1.215,SHAKE_OPEN
4095,2087,3814,10.029,-10.489,-1.274,1.699,-1.423,1.03,SHAKE_OPEN
4095,2406,4095,10.417,-11.779,-2.737,0.958,-1.665,1.114,SHAKE_OPEN
3559,2026,4059,11.035,-11.7,-2.842,0.075,-1.834,0.93,SHAKE_OPEN
4095,2340,3314,11.205,-9.725,-2.265,-0.64,-1.792,0.443,SHAKE_OPEN
3566,2387,4095,12.775,-6.706,-0.867,-1.012,-1.679,-0.358,SHAKE_OPEN
3246,1934,4095,6.804,-1.008,-4.604,-1.568,-1.483,-1.78,SHAKE_OPEN
4031,2138,4031,5.344,3.632,-3.79,-1.669,-1.054,-2.064,SHAKE_OPEN
3647,2226,3608,3.998,7.561,-2.751,-1.372,-0.754,-2.004,SHAKE_OPEN
4095,2275,4095,2.332,13.707,-0.702,-0.8,-0.517,-1.754,SHAKE_OPEN
3447,2259,4095,-0.048,19.283,1.039,0.324,-0.144,-0.843,SHAKE_OPEN
3635,2075,4095,0.998,18.201,1.781,1.776,0.6,0.644,SHAKE_OPEN
4095,2379,3566,4.539,12.301,2.708,2.977,1.123,1.519,SHAKE_OPEN
4095,3045,4095,8.116,4.618,2.533,3.795,1.205,1.624,SHAKE_OPEN
3943,2711,4095,10.613,-3.625,0.484,4.09,0.931,1.329,SHAKE_OPEN
4095,2228,3632,11.851,-10.853,-2.387,3.644,0.323,1.091,SHAKE_OPEN
3738,2277,4079,11.705,-15.49,-5.856,2.499,-0.469,0.92,SHAKE_OPEN
4095,1990,3804,10.649,-16.654,-8.619,1.051,-1.061,0.701,SHAKE_OPEN
4095,2559,4095,9.28,-15.306,-9.953,-0.285,-1.204,0.272,SHAKE_OPEN
3920,2078,3440,7.903,-11.959,-10.637,-1.379,-0.816,-0.363,SHAKE_OPEN
4095,2559,4095,7.195,-6.294,-9.203,-2.15,-0.193,-0.998,SHAKE_OPEN
3762,2267,3628,7.336,1.015,-5.942,-2.434,0.229,-1.746,SHAKE_OPEN
4095,2288,4095,6.548,10.669,-2.377,-2.051,0.426,-2.604,SHAKE_OPEN
3557,1975,3440,4.554,18.62,-0.048,-0.499,0.792,-2.648,SHAKE_OPEN
4095,2263,4095,3.256,21.579,1.506,1.352,1.047,-1.056,SHAKE_OPEN
4095,2023,4095,4.415,17.53,2.502,2.737,1.003,1.193,SHAKE_OPEN
4095,2483,4095,6.311,9.378,2.2,3.714,0.815,2.7,SHAKE_OPEN
3615,2481,4066,8.871,-1.41,0.244,4.265,0.426,3.223,SHAKE_OPEN
4095,2187,3469,10.053,-11.442,-3.259,3.704,-0.103,2.68,SHAKE_OPEN
4045,2158,4095,10.233,-18.15,-6.668,2.361,-0.526,1.565,SHAKE_OPEN
3871,2080,3671,9.084,-19.575,-9.29,0.563,-0.703,0.374,SHAKE_OPEN
4095,2135,3973,7.894,-16.937,-9.519,-1.179,-0.576,-0.577,SHAKE_OPEN
3480,2153,4095,7.223,-11.832,-7.482,-2.563,-0.253,-1.414,SHAKE_OPEN
4095,2163,4095,6.27,-3.725,-4.243,-3.349,0.148,-2.287,SHAKE_OPEN
4095,2519,3973,4.913,7.154,-0.117,-3.289,0.566,-3.12,SHAKE_OPEN
4095,2231,3451,2.385,17.961,2.636,-1.862,0.915,-3.25,SHAKE_OPEN
4080,2036,4071,0.625,21.711,2.325,0.367,1.286,-1.613,SHAKE_OPEN
4095,2784,3511,1.911,17.564,1.767,1.835,1.424,1.172,SHAKE_OPEN
3309,2306,4095,5.792,7.441,0.575,2.535,1.361,3.301,SHAKE_OPEN
3941,2135,3602,9.977,-3.745,-1.48,2.757,0.9,3.936,SHAKE_OPEN
4095,2426,4095,12.134,-14.712,-5.097,2.16,0.206,3.013,SHAKE_OPEN
3910,1815,4034,11.411,-20.391,-9.024,0.671,-0.14,1.048,SHAKE_OPEN
3615,2073,4095,9.625,-17.214,-10.42,-1.137,0.03,-0.774,SHAKE_OPEN
3674,1791,3839,7.822,-9.96,-8.495,-2.732,0.498,-1.997,SHAKE_OPEN
4095,2864,4095,6.433,0.419,-3.886,-3.416,1.161,-2.993,SHAKE_OPEN
3551,2100,4095,5.502,11.387,1.226,-2.636,1.681,-3.503,SHAKE_OPEN
4095,2441,4095,4.503,18.644,4.073,-0.955,1.789,-2.522,SHAKE_OPEN
4095,2059,3761,5.289,16.381,3.177,0.696,1.543,0.057,SHAKE_OPEN
4095,2302,4095,7.872,6.816,1.159,1.527,1.136,2.346,SHAKE_OPEN
3865,2721,4095,10.788,-4.166,-2.251,1.514,0.586,3.519,SHAKE_OPEN
4095,2447,4095,13.173,-14.193,-6.009,0.592,0.094,2.981,SHAKE_OPEN
4095,2236,4095,12.61,-16.324,-8.444,-0.932,0.102,0.853,SHAKE_OPEN
3536,1599,3323,10.546,-9.349,-6.977,-2.179,0.608,-1.537,SHAKE_OPEN
4095,2203,3760,8.09,0.723,-3.069,-2.713,1.419,-3.183,SHAKE_OPEN
3472,2233,4095,5.42,13.57,3.378,-1.985,1.917,-3.82,SHAKE_OPEN
4095,2273,4016,2.816,20.528,5.543,-0.195,1.754,-2.236,SHAKE_OPEN
4095,2030,4095,4.183,15.469,3.84,1.464,1.501,0.987,SHAKE_OPEN
4095,2862,4095,7.377,3.405,0.967,2.063,1.192,3.574,SHAKE_OPEN
3504,2022,3893,12.361,-10.422,-3.05,1.613,0.785,4.324,SHAKE_OPEN
4095,2499,4005,14.99,-20.305,-6.606,0.243,0.458,2.589,SHAKE_OPEN
3472,1983,4095,13.941,-16.824,-6.266,-1.476,0.549,-0.287,SHAKE_OPEN
3879,1982,3662,11.885,-8.054,-4.125,-2.574,0.89,-2.463,SHAKE_OPEN
3733,2128,4095,10.197,2.579,0.383,-2.7,1.249,-3.367,SHAKE_OPEN
4054,2074,3686,7.638,13.673,5.851,-1.833,1.054,-2.921,SHAKE_OPEN
4095,2032,4095,5.622,18.093,5.176,-0.074,0.685,-0.88,SHAKE_OPEN
4033,2000,3343,7.312,13.57,2.267,1.378,0.497,1.878,SHAKE_OPEN
4095,2454,4095,10.293,3.086,-0.649,2.052,0.275,3.96,SHAKE_OPEN
4095,2093,3673,14.341,-7.702,-3.893,1.8,-0.117,4.261,SHAKE_OPEN
4095,2458,4095,15.977,-15.349,-6.74,0.961,-0.592,2.837,SHAKE_OPEN
4095,2535,3583,15.538,-16.029,-8.401,-0.257,-0.814,0.91,SHAKE_OPEN
4095,2653,4095,14.334,-12.285,-8.071,-1.43,-0.885,-0.323,SHAKE_OPEN
4095,2140,4095,13.652,-5.267,-5.239,-2.29,-0.848,-1.02,SHAKE_OPEN
4095,2268,3306,13.242,4.403,-0.737,-2.29,-0.922,-1.614,SHAKE_OPEN
3894,2276,4095,11.258,12.409,2.296,-1.195,-1.015,-2.087,SHAKE_OPEN
4019,1883,3305,8.157,18.646,3.84,0.626,-0.974,-2.075,SHAKE_OPEN
3803,2343,4087,5.727,19.982,3.63,2.321,-0.769,-0.843,SHAKE_OPEN
3251,2043,3567,6.474,14.535,4.07,3.301,-0.389,0.949,SHAKE_OPEN
3925,2128,4095,8.763,5.816,4.324,4.016,-0.242,1.992,SHAKE_OPEN
3888,2138,3439,10.922,-4.7,2.361,4.213,-0.604,2.261,SHAKE_OPEN
4095,2314,4095,12.074,-14.143,-1.18,3.452,-1.392,1.94,SHAKE_OPEN
3837,1879,3328,11.416,-19.3,-5.128,1.836,-2.219,1.064,SHAKE_OPEN
3371,1925,4095,6.088,-0.316,-5.339,-2.714,-0.364,2.603,SHAKE_OPEN
4095,2032,4095,6.601,-0.036,-6.189,-2.518,0.044,3.012,SHAKE_OPEN
3728,2226,4036,7.776,0.769,-6.302,-2.407,0.403,2.832,SHAKE_OPEN
3690,1920,4041,9.019,2.756,-5.971,-2.228,0.568,2.073,SHAKE_OPEN
4071,2145,2948,8.784,5.859,-6.153,-2.053,0.407,1.187,SHAKE_OPEN
4095,2087,4095,8.006,10.089,-6.132,-1.787,0.201,0.784,SHAKE_OPEN
4095,1747,4015,7.319,13.736,-5.942,-1.229,-0.007,0.774,SHAKE_OPEN
4095,2201,3472,7.087,14.753,-5.904,-0.592,-0.246,0.84,SHAKE_OPEN
3231,2628,3997,6.711,14.315,-5.76,0.001,-0.548,0.52,SHAKE_OPEN
4095,1892,4095,5.528,13.439,-5.808,0.691,-0.76,-0.013,SHAKE_OPEN
4095,2079,4095,4.367,11.983,-6.062,1.348,-0.779,-0.463,SHAKE_OPEN
3583,1827,4095,3.747,10.096,-6.163,1.869,-0.73,-0.698,SHAKE_OPEN
4095,1642,4095,4.171,7.827,-6.065,2.285,-0.561,-0.834,SHAKE_OPEN
3667,2167,3910,5.461,5.454,-5.499,2.612,-0.363,-1.042,SHAKE_OPEN
3552,1907,4067,7.566,2.591,-4.578,2.878,-0.308,-1.49,SHAKE_OPEN
4081,1968,3134,8.698,0.115,-4.391,2.861,-0.459,-1.986,SHAKE_OPEN
4095,1961,4095,9.725,-1.681,-4.851,2.711,-0.472,-2.138,SHAKE_OPEN
4095,1664,4095,11.202,-4.231,-4.642,2.605,-0.286,-2.019,SHAKE_OPEN
4095,2084,3780,11.866,-8.712,-4.393,2.373,-0.392,-2.134,SHAKE_OPEN
3387,2349,4009,10.69,-11.736,-4.104,1.759,-0.657,-2.619,SHAKE_OPEN
4095,1878,3470,9.041,-13.115,-3.759,1.366,-1.011,-2.682,SHAKE_OPEN
4095,2153,2847,7.156,-14.696,-4.503,1.038,-1.082,-1.989,SHAKE_OPEN
3632,1904,4095,7.551,-16.819,-4.939,0.661,-0.652,-0.869,SHAKE_OPEN
3861,1616,4011,8.859,-19.81,-3.994,0.107,-0.368,-0.052,SHAKE_OPEN
3607,2272,3920,8.612,-20.729,-3.721,-0.516,-0.442,0.388,SHAKE_OPEN
3318,1983,4095,6.603,-18.158,-3.965,-1.107,-0.514,0.973,SHAKE_OPEN
4095,1997,2867,5.09,-15.926,-4.932,-1.649,-0.357,2.185,SHAKE_OPEN
4095,2065,4095,6.041,-16.479,-4.752,-2.32,0.011,2.536,SHAKE_OPEN
4095,1555,4095,6.855,-14.763,-4.515,-2.663,0.336,2.107,SHAKE_OPEN
4095,1962,3826,7.29,-11.231,-4.42,-2.977,0.653,1.551,SHAKE_OPEN
3045,2322,3987,7.398,-6.68,-3.907,-3.156,0.869,1.372,SHAKE_OPEN
4095,1662,4095,7.635,-2.722,-3.73,-3.26,0.895,1.699,SHAKE_OPEN
4095,1978,2771,9.584,0.46,-3.814,-3.26,0.938,1.973,SHAKE_OPEN
3534,2021,4095,10.776,4.319,-2.935,-3.119,0.707,1.515,SHAKE_OPEN
3887,1777,4095,9.479,10.063,-3.685,-2.627,0.319,1.197,SHAKE_OPEN
4095,1983,3640,9.069,14.832,-5.605,-2.054,0.567,1.475,SHAKE_OPEN
3085,1977,3869,10.106,17.013,-5.435,-1.644,0.701,1.838,SHAKE_OPEN
4095,1865,3312,10.719,17.128,-4.942,-1.084,0.333,1.444,SHAKE_OPEN
4095,2015,4095,9.23,17.54,-5.219,-0.338,-0.216,0.527,SHAKE_OPEN
3926,1839,4095,6.646,16.886,-5.567,0.402,-0.663,-0.058,SHAKE_OPEN
4095,2117,3695,4.456,14.578,-6.129,1.096,-0.921,-0.274,SHAKE_OPEN
3314,2423,3472,3.728,11.272,-6.431,1.689,-0.926,-0.526,SHAKE_OPEN
4095,1783,4077,4.025,7.985,-6.235,2.04,-0.779,-1.107,SHAKE_OPEN
4095,1559,3331,4.748,5.574,-5.696,2.258,-0.655,-1.852,SHAKE_OPEN
3622,2015,4095,5.315,3.891,-5.468,2.455,-0.593,-2.481,SHAKE_OPEN
3922,1535,4095,5.854,1.726,-6.019,2.451,-0.499,-2.834,SHAKE_OPEN
4095,2127,4095,6.309,-0.024,-5.902,2.051,-0.373,-3.122,SHAKE_OPEN
3186,1987,4095,7.728,-1.571,-6.155,1.949,-0.264,-3.105,SHAKE_OPEN
4095,1718,3242,8.897,-4.235,-6.814,1.964,-0.132,-2.454,SHAKE_OPEN
4095,2012,4095,9.773,-7.657,-6.213,1.805,-0.136,-1.537,SHAKE_OPEN
4095,1612,4095,10.831,-11.823,-5.308,1.654,-0.407,-0.697,SHAKE_OPEN
4095,1936,3654,11.665,-15.167,-4.966,1.377,-0.582,-0.244,SHAKE_OPEN
3174,2471,3469,11.509,-17.047,-4.841,1.009,-0.436,-0.053,SHAKE_OPEN
4095,1845,4095,10.604,-18.15,-4.408,0.642,-0.313,0.166,SHAKE_OPEN
4095,1864,3051,8.837,-17.502,-4.276,0.145,-0.46,0.764,SHAKE_OPEN
4070,2131,3777,6.943,-16.671,-4.831,-0.463,-0.604,1.341,SHAKE_OPEN
4095,1379,4095,5.974,-15.704,-5.277,-0.934,-0.47,1.553,SHAKE_OPEN
4095,2138,3738,5.047,-13.513,-5.61,-1.324,-0.056,1.441,SHAKE_OPEN
3120,1991,4095,4.99,-10.86,-5.303,-1.613,0.472,1.382,SHAKE_OPEN
4095,1853,3683,5.571,-8.461,-4.76,-1.824,0.822,1.162,SHAKE_OPEN
4095,1958,4095,5.646,-5.686,-4.329,-2.05,0.973,1.235,SHAKE_OPEN
3583,1903,4095,5.274,-2.873,-4.192,-2.274,1.061,1.798,SHAKE_OPEN
4095,1950,3728,5.538,-0.45,-4.58,-2.478,1.138,2.654,SHAKE_OPEN
3137,2426,3265,6.96,2.069,-5.55,-2.523,1.335,3.428,SHAKE_OPEN
4095,1849,4095,9.632,3.85,-6.316,-2.38,1.502,3.506,SHAKE_OPEN
4095,1783,3522,11.861,5.952,-6.867,-2.191,1.555,2.532,SHAKE_OPEN
3809,2023,4095,12.9,9.512,-6.797,-1.957,1.491,1.126,SHAKE_OPEN
3379,1762,4095,12.304,13.482,-5.801,-1.555,1.069,0.195,SHAKE_OPEN
4095,1970,3910,10.281,16.233,-5.48,-0.968,0.244,0.181,SHAKE_OPEN
3351,2139,3991,7.602,16.374,-5.614,-0.208,-0.592,0.847,SHAKE_OPEN
4095,1790,3322,7.855,12.56,-6.907,0.503,-1.205,1.062,SHAKE_OPEN
4095,1984,4058,7.396,9.079,-7.214,0.885,-1.399,0.037,SHAKE_OPEN
3493,1825,4095,6.115,7.269,-7.365,1.307,-1.262,-1.326,SHAKE_OPEN
4095,1946,3702,5.088,6.67,-6.986,1.562,-0.94,-2.186,SHAKE_OPEN
3135,2446,3296,4.994,5.945,-6.086,1.827,-0.685,-2.303,SHAKE_OPEN
4095,1978,4095,6.184,-4.863,-3.632,-3.245,-0.952,0.146,SHAKE_OPEN
4095,2353,4095,4.068,0.175,-2.988,-3.128,-1.035,0.876,SHAKE_OPEN
4095,2405,4095,2.89,3.036,-4.369,-3.158,-1.05,2.458,SHAKE_OPEN
4095,2551,4095,3.476,3.292,-5.095,-3.417,-0.927,4.072,SHAKE_OPEN
4095,2480,4095,4.903,2.555,-5.351,-3.412,-0.614,4.987,SHAKE_OPEN
4095,2256,4095,7.752,2.454,-5.631,-3.403,-0.153,4.894,SHAKE_OPEN
4095,2485,4095,10.044,4.944,-4.834,-3.652,0.229,3.855,SHAKE_OPEN
4095,2413,4095,10.975,9.187,-2.622,-3.787,0.107,2.327,SHAKE_OPEN
4095,1942,4095,9.811,13.688,-1.168,-3.712,-0.46,0.712,SHAKE_OPEN
4095,1877,4095,6.543,17.882,-0.651,-3.339,-1.066,-0.623,SHAKE_OPEN
4095,2007,4095,2.617,21.397,-0.936,-2.546,-1.532,-1.427,SHAKE_OPEN
4095,2045,3999,-1.487,22.776,-2.885,-1.414,-1.542,-1.644,SHAKE_OPEN
4095,1977,3942,-4.729,22.644,-4.975,-0.109,-0.817,-1.446,SHAKE_OPEN
4095,1930,4095,-4.362,19.577,-5.432,1.114,0.501,-0.984,SHAKE_OPEN
4095,1918,4095,-1.762,16.139,-3.953,1.983,1.346,-0.853,SHAKE_OPEN
4095,2064,4095,0.551,12.795,-3.517,2.717,1.842,-1.051,SHAKE_OPEN
4095,2190,4095,2.557,9.936,-2.952,3.285,2.186,-1.399,SHAKE_OPEN
4095,2229,4095,5.049,7.961,-2.88,3.657,2.54,-1.729,SHAKE_OPEN
4095,2592,4095,7.242,6.673,-1.559,4.066,2.848,-1.778,SHAKE_OPEN
4095,2330,4095,8.739,2.986,-0.271,4.604,2.495,-1.691,SHAKE_OPEN
4095,1936,4095,8.916,-1.195,-0.52,4.867,1.694,-1.402,SHAKE_OPEN
4095,1870,4095,8.847,-4.872,-1.856,4.869,1.095,-0.357,SHAKE_OPEN
4095,2416,4095,10.877,-10.693,-3.903,4.615,0.966,1.291,SHAKE_OPEN
4095,1873,4095,13.673,-17.638,-5.344,3.706,0.784,2.338,SHAKE_OPEN
4095,1837,4095,16.273,-23.468,-5.751,2.495,0.264,1.97,SHAKE_OPEN
4095,1817,4095,15.045,-25.3,-6.639,1.049,-0.425,0.476,SHAKE_OPEN
4095,1886,4095,11.665,-21.222,-6.756,-0.465,-0.926,-0.377,SHAKE_OPEN
4095,1847,4095,8.32,-16.496,-6.73,-1.707,-1.15,0.029,SHAKE_OPEN
4095,1938,4095,5.856,-12.11,-6.433,-2.465,-0.931,1.096,SHAKE_OPEN
4095,1900,4071,4.791,-8.875,-5.55,-2.912,-0.489,2.26,SHAKE_OPEN
4095,1924,4095,5.44,-7.324,-4.899,-3.277,-0.127,3.074,SHAKE_OPEN
4095,2032,4095,7.286,-6.603,-4.017,-3.553,-0.037,2.785,SHAKE_OPEN
4095,2163,4095,7.144,-3.409,-4.12,-3.659,-0.021,2.179,SHAKE_OPEN
4095,2071,4095,6.388,0.749,-4.939,-3.633,0.168,2.142,SHAKE_OPEN
4095,1958,4095,6.651,3.776,-5.717,-3.722,0.548,2.335,SHAKE_OPEN
4069,2032,4095,8.42,7.626,-4.966,-3.919,0.914,1.96,SHAKE_OPEN
4080,2028,4095,10.587,12.57,-3.282,-3.699,1.034,0.732,SHAKE_OPEN
4095,1966,4095,10.745,17.435,-1.676,-3.094,0.909,-0.939,SHAKE_OPEN
4095,1853,4095,8.404,21.826,-0.113,-2.199,0.34,-2.161,SHAKE_OPEN
4095,1992,4095,4.278,25.419,0.706,-1.217,-0.596,-2.428,SHAKE_OPEN
4095,1869,4095,0.424,26.248,-0.905,0.051,-1.197,-1.677,SHAKE_OPEN
4095,2039,4095,-0.172,22.57,-2.818,1.232,-1.016,-0.827,SHAKE_OPEN
4095,2518,4095,0.5,17.746,-3.898,2.196,-0.443,-0.54,SHAKE_OPEN
4095,2463,4095,2.485,12.385,-4.137,2.874,0.313,-0.958,SHAKE_OPEN
4095,2366,4095,5.078,7.664,-3.735,3.35,0.908,-2.112,SHAKE_OPEN
4095,2245,4095,6.464,4.551,-4.166,3.672,1.387,-3.348,SHAKE_OPEN
4095,1954,4095,7.254,3.419,-3.96,3.842,1.837,-3.743,SHAKE_OPEN
4095,2486,4090,9.634,1.528,-3.879,4.115,2.385,-3.153,SHAKE_OPEN
4095,1972,4095,12.993,-3.725,-3.409,4.279,2.621,-1.664,SHAKE_OPEN
4095,1984,4095,16.575,-10.76,-1.348,3.845,1.76,-0.023,SHAKE_OPEN
4095,1923,4095,18.636,-17.533,-1.07,3.143,-0.015,0.588,SHAKE_OPEN
4095,1866,4095,16.056,-21.237,-4.005,2.212,-1.564,0.349,SHAKE_OPEN
4075,1840,4095,11.758,-21.502,-6.972,1.182,-2.337,0.321,SHAKE_OPEN
4095,1874,4095,7.827,-19.881,-9.651,-0.184,-2.214,0.686,SHAKE_OPEN
4095,1890,4095,6.479,-16.982,-8.906,-1.352,-1.46,1.002,SHAKE_OPEN
4095,1903,4095,5.514,-12.526,-6.677,-1.962,-0.699,1.16,SHAKE_OPEN
4095,1851,4095,4.53,-7.731,-5.059,-2.105,-0.35,1.966,SHAKE_OPEN
4095,1915,4095,5.849,-6.122,-5.313,-2.851,-0.177,2.572,SHAKE_OPEN
4095,1989,4095,7.008,-4.187,-4.118,-3.137,-0.105,2.318,SHAKE_OPEN
4095,2459,4095,6.689,0.103,-4.073,-2.938,-0.094,2.227,SHAKE_OPEN
4095,2163,4095,5.638,3.778,-5.306,-2.62,0.154,2.959,SHAKE_OPEN
4095,2069,4095,7.089,5.004,-5.89,-2.494,0.436,3.895,SHAKE_OPEN
4095,2150,4039,8.507,5.957,-5.914,-2.313,0.321,3.963,SHAKE_OPEN
4095,2245,4095,9.22,8.243,-6.589,-2.1,0.167,3.287,SHAKE_OPEN
4095,2329,4095,9.371,10.75,-6.644,-1.799,0.185,2.28,SHAKE_OPEN
4095,2146,4095,9.009,13.391,-6.148,-1.56,0.207,1.264,SHAKE_OPEN
4095,2199,4095,7.688,15.44,-4.709,-1.218,-0.068,0.163,SHAKE_OPEN
4095,2170,4095,5.713,16.642,-3.632,-0.769,-0.551,-0.906,SHAKE_OPEN
4095,2094,4095,3.237,17.253,-3.843,-0.178,-0.897,-1.715,SHAKE_OPEN
4080,2096,4095,1.341,16.846,-5.092,0.566,-0.768,-2.134,SHAKE_OPEN
4095,1888,4095,0.874,14.741,-5.71,1.339,-0.179,-2.403,SHAKE_OPEN
4095,1967,4095,1.903,11.87,-5.552,1.997,0.49,-2.775,SHAKE_OPEN
4095,2023,4095,3.728,8.775,-4.86,2.546,1.007,-3.367,SHAKE_OPEN
4095,2291,4095,5.26,6.337,-4.243,2.937,1.275,-4.019,SHAKE_OPEN
4095,2327,4095,6.656,5.358,-4.836,3.227,1.79,-4.204,SHAKE_OPEN
4095,1936,4095,14.779,-0.019,-8.648,0.557,-2.604,0.427,SHAKE_OPEN
4095,1906,4095,12.23,0.46,-6.639,0.476,-3.341,0.146,SHAKE_OPEN
4095,1910,4093,9.232,0.905,-6.057,0.547,-3.528,0.053,SHAKE_OPEN
4095,1902,4095,6.486,1.506,-5.045,0.61,-3.292,0.298,SHAKE_OPEN
4095,2021,4095,4.978,1.204,-3.795,0.57,-3,0.72,SHAKE_OPEN
4095,2047,4095,3.646,0.505,-2.586,0.436,-2.811,0.936,SHAKE_OPEN
4095,2117,4062,2.674,-0.045,-1.791,0.255,-2.718,0.88,SHAKE_OPEN
4095,2063,4095,1.59,-0.067,-1.803,0.133,-2.568,0.628,SHAKE_OPEN
4095,1983,4095,0.294,0.297,-2.509,0.106,-2.013,0.426,SHAKE_OPEN
4095,1910,4095,-0.409,0.366,-2.595,0.055,-1.175,0.39,SHAKE_OPEN
4095,1892,4095,-0.017,0.048,-1.925,-0.021,-0.414,0.342,SHAKE_OPEN
4039,1926,4095,0.67,-0.259,-1.322,-0.103,0.137,0.174,SHAKE_OPEN
4095,1890,4095,1.475,-0.599,-0.788,-0.164,0.471,-0.164,SHAKE_OPEN
4095,1891,4095,1.547,-0.362,-1.02,-0.205,0.678,-0.547,SHAKE_OPEN
4095,1844,4095,1.097,0.194,-1.652,-0.258,0.985,-0.664,SHAKE_OPEN
4095,1927,4095,0.931,0.278,-1.827,-0.292,1.387,-0.52,SHAKE_OPEN
4095,1869,4095,1.592,-0.124,-1.702,-0.363,1.752,-0.364,SHAKE_OPEN
4095,1903,4095,2.488,-0.582,-1.736,-0.464,2.078,-0.374,SHAKE_OPEN
4095,1873,4095,3.761,-0.79,-1.597,-0.583,2.353,-0.603,SHAKE_OPEN
4095,1903,4095,4.733,-0.412,-2.682,-0.721,2.686,-0.805,SHAKE_OPEN
4095,1920,4095,6.397,0.213,-4.48,-0.848,3.122,-0.669,SHAKE_OPEN
4095,1899,4095,8.586,0.781,-6.596,-0.981,3.491,-0.335,SHAKE_OPEN
4095,1894,4095,10.944,0.97,-8.399,-0.964,3.883,-0.169,SHAKE_OPEN
4095,1877,4095,13.676,0.869,-9.639,-0.737,4.124,-0.128,SHAKE_OPEN
4095,1889,4095,16.199,1.046,-10.506,-0.612,3.982,-0.056,SHAKE_OPEN
4095,1994,4095,18.701,1.463,-9.957,-0.563,3.333,-0.239,SHAKE_OPEN
4074,1958,4095,20.018,2.339,-10.139,-0.314,2.182,-0.401,SHAKE_OPEN
4095,1925,4095,19.982,2.926,-10.7,-0.019,0.889,-0.103,SHAKE_OPEN
4095,1986,4095,18.569,2.626,-11.054,0.321,-0.165,0.415,SHAKE_OPEN
4095,1846,4095,17.281,1.635,-10.716,0.502,-0.995,0.793,SHAKE_OPEN
4095,1917,4095,15.68,0.527,-10.015,0.579,-1.676,0.882,SHAKE_OPEN
4095,2032,4095,14.363,-0.165,-9.194,0.579,-2.225,0.758,SHAKE_OPEN
4095,2099,4095,13.159,-0.053,-8.698,0.534,-2.578,0.585,SHAKE_OPEN
4095,2175,4095,12.213,0.019,-8.025,0.471,-2.711,0.399,SHAKE_OPEN
4095,2364,4095,11.315,0.108,-7.07,0.426,-2.802,0.222,SHAKE_OPEN
4095,2399,4095,10.357,0.472,-6.148,0.365,-2.865,0.103,SHAKE_OPEN
4095,2402,4095,9.747,0.97,-5.26,0.356,-2.965,0.021,SHAKE_OPEN
4095,2221,4095,8.497,1.506,-4.638,0.403,-3.04,0.209,SHAKE_OPEN
4095,2179,4095,7.319,1.654,-4.008,0.402,-3.126,0.738,SHAKE_OPEN
4095,2146,4095,6.39,1.314,-3.543,0.347,-3.153,1.173,SHAKE_OPEN
4095,2134,4095,5.521,0.654,-3.12,0.272,-3.015,1.271,SHAKE_OPEN
4095,2117,4095,4.575,0.194,-2.571,0.212,-2.756,1.061,SHAKE_OPEN
4095,2112,4095,3.079,0.144,-2.416,0.139,-2.317,0.781,SHAKE_OPEN
4095,2133,4095,1.856,0.01,-1.856,0.081,-1.77,0.549,SHAKE_OPEN
4075,2045,4095,1.101,-0.333,-1.051,-0.003,-1.263,0.223,SHAKE_OPEN
4095,1985,4095,0.333,-0.311,-0.16,-0.12,-0.815,-0.223,SHAKE_OPEN
4095,2023,4095,-0.558,0.024,0.273,-0.2,-0.423,-0.615,SHAKE_OPEN
4095,1882,4095,-1.549,0.515,0.163,-0.207,0.007,-0.768,SHAKE_OPEN
4078,1940,4095,-2.354,0.836,-0.235,-0.144,0.618,-0.667,SHAKE_OPEN
4095,1999,4095,-2.375,0.941,-0.373,-0.13,1.347,-0.246,SHAKE_OPEN
4095,1999,4095,-1.317,0.424,0.113,-0.163,1.871,0.295,SHAKE_OPEN
4095,1901,4095,0.333,-1.013,0.201,-0.214,2.109,0.451,SHAKE_OPEN
4095,1837,4095,2.064,-2.145,-0.84,-0.364,2.335,0.126,SHAKE_OPEN
4095,1925,4095,4.137,-2.109,-2.945,-0.651,2.787,-0.281,SHAKE_OPEN
4095,1898,4095,7.096,-0.998,-5.112,-0.936,3.425,-0.553,SHAKE_OPEN
4095,1970,4095,9.936,-0.086,-7.35,-1.103,3.903,-0.573,SHAKE_OPEN
4095,1867,4095,13.434,0.304,-9.498,-1.018,3.944,-0.537,SHAKE_OPEN
4095,1804,4095,16.867,0.934,-12.359,-0.758,3.432,-0.298,SHAKE_OPEN
4095,1915,4095,20.145,1.097,-15.378,-0.414,2.671,0.076,SHAKE_OPEN
4095,1888,4095,21.665,0.814,-17.413,0.007,1.771,0.155,SHAKE_OPEN
4095,1741,4095,21.706,0.4,-18.148,0.315,0.72,0.535,SHAKE_OPEN
4095,1861,4095,21.713,-0.792,-16.209,0.409,-0.595,0.771,SHAKE_OPEN
4095,1935,4095,19.8,-1.403,-13.74,0.548,-1.993,0.604,SHAKE_OPEN
4095,1857,4095,15.67,-0.826,-12.443,0.673,-3.072,0.604,SHAKE_OPEN
4095,1926,4095,12.79,-0.855,-11.37,0.681,-3.566,0.834,SHAKE_OPEN
4095,1853,4095,11.121,-0.962,-9.416,0.652,-3.584,0.739,SHAKE_OPEN
4095,1966,4038,9.323,-0.637,-7.123,0.626,-3.53,0.531,SHAKE_OPEN
4095,1947,4095,7.805,-0.254,-5.282,0.516,-3.528,0.548,SHAKE_OPEN
4095,1968,4049,6.263,-0.457,-4.128,0.366,-3.441,0.6,SHAKE_OPEN
4095,1971,4095,4.776,-0.235,-3.268,0.199,-3.179,0.551,SHAKE_OPEN
4095,1995,4095,3.354,0.184,-2.512,0.04,-2.726,0.546,SHAKE_OPEN
4095,2035,4027,2.215,0.227,-1.669,-0.161,-2.221,0.631,SHAKE_OPEN
4095,1989,4095,1.578,0.038,-0.383,-0.338,-1.789,0.615,SHAKE_OPEN
4095,1975,4095,1.032,-0.275,0.814,-0.365,-1.498,0.415,SHAKE_OPEN
4095,1962,4095,0.285,-0.182,1.051,-0.328,-1.247,0.125,SHAKE_OPEN
4095,1997,4095,9.409,-3.211,0.122,0.355,-3.758,1.502,SHAKE_OPEN
4095,1986,4095,7.535,-3.486,-0.685,0.079,-3.67,1.784,SHAKE_OPEN
4095,1977,4095,6.079,-3.63,-1.458,-0.221,-3.388,2.243,SHAKE_OPEN
4095,2000,4095,5.375,-4.01,-1.609,-0.485,-3.043,2.623,SHAKE_OPEN
4095,1953,4095,4.968,-4.527,-1.341,-0.88,-2.787,2.64,SHAKE_OPEN
4095,1968,4095,4.338,-4.48,-1.348,-1.228,-2.605,2.327,SHAKE_OPEN
4095,1957,4095,3.203,-2.99,-1.654,-1.39,-2.352,2.183,SHAKE_OPEN
4095,1966,4095,1.966,-2.301,-2.713,-1.547,-1.877,2.23,SHAKE_OPEN
4095,1931,4095,1.317,-1.362,-2.856,-1.707,-1.286,2.491,SHAKE_OPEN
4095,1900,4095,1.305,-1.314,-3.129,-1.831,-0.701,2.586,SHAKE_OPEN
4095,1915,4095,1.214,-0.548,-2.878,-1.973,-0.077,2.503,SHAKE_OPEN
4095,1853,4095,1.475,-0.01,-2.646,-2.048,0.469,2.373,SHAKE_OPEN
4095,2127,4095,1.623,0.409,-2.476,-2.036,0.876,2.083,SHAKE_OPEN
4095,1953,4095,1.274,1.123,-2.828,-1.982,1.296,1.814,SHAKE_OPEN
4095,2020,4095,1.018,1.765,-2.851,-1.992,1.771,1.606,SHAKE_OPEN
4095,1938,4095,1.132,2.567,-2.591,-2.106,2.156,1.257,SHAKE_OPEN
4095,2002,4095,1.159,3.587,-2.035,-2.101,2.497,0.68,SHAKE_OPEN
4095,2000,4095,0.943,4.879,-2.002,-1.902,2.886,0.191,SHAKE_OPEN
4095,2174,4095,0.278,6.036,-1.427,-1.567,3.166,0.093,SHAKE_OPEN
4095,2131,4095,0.438,7.111,-2.368,-1.177,3.654,0.464,SHAKE_OPEN
4095,2061,4095,2.088,7.07,-3.539,-0.823,4.457,1.052,SHAKE_OPEN
4095,2060,4095,7.355,5.983,-1.973,-0.442,5.028,1.13,SHAKE_OPEN
4080,2163,4095,12.577,5.72,-1.635,-0.014,4.785,0.373,SHAKE_OPEN
4095,2178,4095,15.371,7.575,-3.596,0.348,4.278,-0.296,SHAKE_OPEN
4095,2142,4095,17.698,9.227,-4.513,0.66,3.652,-0.396,SHAKE_OPEN
4095,2210,4095,21.749,9.843,-6.074,1.181,3.052,-0.451,SHAKE_OPEN
4095,2210,4095,24.296,9.711,-7.333,1.834,2.271,-0.877,SHAKE_OPEN
4095,2301,4095,24.102,10.027,-8.236,2.376,1.306,-1.331,SHAKE_OPEN
4095,2256,4095,22.647,9.076,-8.112,2.86,0.28,-1.555,SHAKE_OPEN
4095,2278,4095,20.011,6.981,-7.726,3.433,-0.663,-1.709,SHAKE_OPEN
4095,2223,4095,17.214,4.602,-7.894,4.004,-1.374,-1.486,SHAKE_OPEN
4095,2104,4095,15.79,1.635,-7.664,4.31,-1.828,-0.993,SHAKE_OPEN
4095,2221,4095,15.127,-1.475,-6.369,4.405,-2.181,-0.468,SHAKE_OPEN
4095,2087,4095,14.219,-4.664,-5.327,4.266,-2.73,0.201,SHAKE_OPEN
4095,2047,4095,13.709,-7.116,-4.503,3.683,-3.426,0.878,SHAKE_OPEN
4095,2035,4095,13.922,-8.701,-4.398,2.863,-3.907,0.879,SHAKE_OPEN
4095,1995,4095,12.148,-8.253,-4.432,2.058,-3.926,0.415,SHAKE_OPEN
4095,1945,4095,9.811,-6.95,-3.821,1.499,-3.616,0.552,SHAKE_OPEN
4095,1945,4095,8.538,-6.426,-2.94,0.873,-3.381,1.325,SHAKE_OPEN
4095,1878,4095,7.908,-6.582,-1.889,0.24,-3.278,1.905,SHAKE_OPEN
4095,1938,4095,7.484,-6.881,-0.728,-0.237,-3.273,1.99,SHAKE_OPEN
4095,1977,4095,5.737,-6.551,-0.84,-0.511,-3.16,1.951,SHAKE_OPEN
4095,1937,3990,4.355,-5.401,-0.369,-0.738,-2.743,1.998,SHAKE_OPEN
4095,1966,4095,3.127,-4.812,0.141,-0.852,-2.252,2.13,SHAKE_OPEN
4095,1888,4095,2.097,-4.073,0.381,-0.946,-1.82,2.417,SHAKE_OPEN
4095,1916,4095,1.532,-3.701,0.311,-1.081,-1.421,2.655,SHAKE_OPEN
4095,2027,4095,1.645,-3.986,0.139,-1.26,-1.02,2.542,SHAKE_OPEN
4095,2026,4095,1.128,-3.421,-0.371,-1.427,-0.48,2.1,SHAKE_OPEN
4095,1957,4095,0.247,-1.726,-0.919,-1.533,0.264,1.778,SHAKE_OPEN
4095,1975,4095,0.144,-1.113,-1.314,-1.717,1.142,1.692,SHAKE_OPEN
4086,2039,4095,0.687,-0.958,-1.022,-1.843,1.963,1.509,SHAKE_OPEN
4010,2047,4095,1.707,-0.639,-0.338,-1.949,2.632,1.112,SHAKE_OPEN
4095,2018,4095,2.638,0.417,0.371,-2.018,2.989,0.617,SHAKE_OPEN
4095,1994,4095,2.698,2.5,0.168,-2.122,3.259,0.234,SHAKE_OPEN
4095,2002,4095,3.247,4.578,0.445,-2.015,3.651,0.079,SHAKE_OPEN
4095,2059,4095,5.571,6.043,0.711,-1.637,3.845,-0.094,SHAKE_OPEN
4095,2030,4095,7.108,7.477,-0.522,-1.252,3.882,-0.218,SHAKE_OPEN
4095,2074,4095,8.135,9.237,-1.92,-0.9,3.946,-0.018,SHAKE_OPEN
4095,1969,4095,9.792,9.017,-4.652,-0.407,3.947,0.188,SHAKE_OPEN
4095,2134,4095,11.83,8.655,-6.553,-0.006,3.956,0.103,SHAKE_OPEN
4095,2046,4095,14.581,8.095,-7.384,0.478,3.834,-0.334,SHAKE_OPEN
4095,2084,4095,15.728,7.889,-8.384,0.941,3.3,-0.823,SHAKE_OPEN
4095,2128,4095,15.874,7.59,-9.589,1.308,2.678,-1.055,SHAKE_OPEN
4095,2058,4095,16.644,7.319,-10.238,1.666,2.257,-1.24,SHAKE_OPEN
4095,2115,4095,17.348,6.756,-9.606,2.119,1.884,-1.322,SHAKE_OPEN
4095,2098,4095,17.669,5.318,-8.255,2.631,1.366,-1.271,SHAKE_OPEN
4095,2110,4095,17.631,3.658,-6.972,3.069,0.661,-1.213,SHAKE_OPEN
4095,2032,4095,16.984,1.946,-5.784,3.316,0.02,-1.15,SHAKE_OPEN
4095,2085,4095,16.352,-0.395,-4.805,3.446,-0.678,-0.896,SHAKE_OPEN
4095,2119,4095,15.73,-2.512,-4.571,3.434,-1.456,-0.557,SHAKE_OPEN
4095,2148,4095,14.375,-3.9,-4.932,3.073,-1.939,-0.46,SHAKE_OPEN
4095,2198,4095,12.426,-4.025,-4.829,2.692,-2.042,-0.515,SHAKE_OPEN
4095,1913,4095,10.944,-3.644,-4.008,2.205,-1.911,-0.478,SHAKE_OPEN
4095,2208,4095,10.185,-3.946,-2.49,1.78,-1.741,-0.371,SHAKE_OPEN
4095,2166,4095,9.967,-4.003,-1.441,1.49,-1.753,-0.188,SHAKE_OPEN
4095,2147,3550,12.05,1.099,-11.535,-0.408,0.823,-0.328,SHAKE_OPEN
4095,2022,2879,11.691,1.365,-9.802,-0.124,-0.052,0.053,SHAKE_OPEN
4095,1989,4095,10.681,0.907,-9.127,0.121,-0.842,0.404,SHAKE_OPEN
4095,1591,4095,9.799,0.294,-8.799,0.276,-1.392,0.509,SHAKE_OPEN
4095,2065,3309,8.346,0.189,-8.871,0.329,-1.643,0.414,SHAKE_OPEN
2991,2449,3654,6.84,0.256,-8.665,0.313,-1.517,0.303,SHAKE_OPEN
4095,1934,3888,5.93,0.464,-7.618,0.251,-1.286,0.232,SHAKE_OPEN
4095,1969,2783,5.313,0.579,-6.132,0.164,-1.099,0.241,SHAKE_OPEN
3621,1862,4095,5.114,0.479,-4.549,0.046,-0.941,0.265,SHAKE_OPEN
4095,1638,4095,5.174,0.517,-3.282,-0.112,-0.815,0.22,SHAKE_OPEN
3537,2223,4095,4.851,0.496,-2.231,-0.286,-0.658,0.027,SHAKE_OPEN
3632,2002,4095,3.962,0.68,-1.621,-0.483,-0.335,-0.217,SHAKE_OPEN
4095,2234,2975,3.357,0.642,-1.132,-0.669,0.043,-0.389,SHAKE_OPEN
3998,2123,4095,3.215,0.543,-1.125,-0.804,0.396,-0.564,SHAKE_OPEN
4095,1554,4095,3.347,0.646,-1.439,-0.816,0.713,-0.687,SHAKE_OPEN
4095,2000,3455,3.651,1.058,-3.033,-0.718,1.045,-0.663,SHAKE_OPEN
3094,2352,3565,4.776,1.08,-5.375,-0.557,1.404,-0.547,SHAKE_OPEN
4095,1845,4095,6.804,0.45,-9.261,-0.225,1.66,-0.46,SHAKE_OPEN
4095,2153,2731,10.879,-0.431,-14.897,0.334,1.553,-0.281,SHAKE_OPEN
3686,2155,4095,14.162,-1.535,-21.347,0.921,1.122,0.148,SHAKE_OPEN
4095,1499,4095,17.083,-3.093,-23.494,1.301,0.378,1.023,SHAKE_OPEN
4043,2242,3728,18.936,-5.497,-22.963,1.509,-0.953,2.267,SHAKE_OPEN
3733,1921,4095,19.077,-7.276,-20.109,1.18,-2.463,2.937,SHAKE_OPEN
4095,1824,2906,17.406,-6.129,-15.883,0.404,-3.493,2.65,SHAKE_OPEN
3967,2149,4042,13.654,-2.655,-8.411,-0.382,-3.623,2.156,SHAKE_OPEN
3890,1716,4095,9.718,1.295,2.99,-1.058,-3.221,2.014,SHAKE_OPEN
3837,2128,3536,5.217,5.248,14.789,-1.433,-2.696,1.871,SHAKE_OPEN
3391,2537,3443,2.404,4.757,20.36,-1.722,-1.813,0.179,SHAKE_OPEN
4095,1985,3975,-3.292,7.027,20.937,-3.136,-1.16,-2.256,SHAKE_OPEN
4095,1910,3109,-7.712,7.108,16.812,-3.151,-0.444,-3.825,SHAKE_OPEN
3583,2155,4095,-11.449,9.112,7.362,-1.848,0.977,-2.98,SHAKE_OPEN
3451,1739,4095,-6.783,6.644,-7.872,-0.586,2.852,-0.103,SHAKE_OPEN
3606,2234,3879,1.657,0.455,-16.783,0.289,4.009,2.113,SHAKE_OPEN
3071,2032,4095,13.223,-5.727,-25.266,0.367,4.449,1.992,SHAKE_OPEN
4095,1811,2778,23.576,-7.819,-29.779,0.042,3.621,0.171,SHAKE_OPEN
4095,2154,4095,23.968,-4.59,-26.944,-0.075,1.188,-1.087,SHAKE_OPEN
4095,1761,4095,18.457,-0.45,-22.697,0.204,-1.302,-0.332,SHAKE_OPEN
4095,2095,3662,13.001,0.869,-17.095,0.589,-2.805,1.416,SHAKE_OPEN
3081,2514,3698,9.11,-0.34,-10.913,0.538,-3.276,2.514,SHAKE_OPEN
4095,1994,4095,5.746,-0.776,-2.701,-0.233,-2.809,2.317,SHAKE_OPEN
4095,2122,3343,3.783,0.644,5.222,-1.462,-1.911,1.12,SHAKE_OPEN
3664,2327,4095,1.441,3.51,10.676,-2.172,-1.029,-0.798,SHAKE_OPEN
3894,1747,4095,-1.647,6.893,10.501,-2.063,-0.121,-2.107,SHAKE_OPEN
4095,2467,3687,-4.329,9.658,6.081,-1.383,0.856,-2.033,SHAKE_OPEN
2731,2131,4095,-4.092,9.79,-1.899,-0.321,1.883,-0.575,SHAKE_OPEN
4095,1776,2972,1.053,5.986,-10.345,0.58,2.565,0.685,SHAKE_OPEN
4095,2192,4095,6.852,2.667,-17.652,0.903,2.608,0.551,SHAKE_OPEN
3877,1904,4095,11.305,0.922,-24.356,0.745,2.133,-0.718,SHAKE_OPEN
4095,2264,3583,16.467,2.535,-24.483,0.559,0.963,-1.746,SHAKE_OPEN
3361,2554,3147,16.015,5.614,-21.447,0.626,-0.861,-2.147,SHAKE_OPEN
4095,1997,4095,12.227,7.513,-16.779,0.956,-2.246,-1.839,SHAKE_OPEN
4095,2090,3127,8.126,7.863,-10.314,1.564,-2.828,-1.072,SHAKE_OPEN
3852,2151,4081,4.513,6.397,-3.57,1.946,-2.535,0.015,SHAKE_OPEN
3638,1927,4095,3.955,3.5,4.221,1.97,-1.879,0.849,SHAKE_OPEN
4095,2503,3375,4.108,-0.05,9.941,1.523,-1.455,0.588,SHAKE_OPEN
3453,2391,4095,3.179,-2.837,12.519,0.748,-0.872,-0.712,SHAKE_OPEN
4095,1972,3239,1.061,-2.552,9.024,0.28,0.003,-2.093,SHAKE_OPEN
4095,2161,4095,-0.431,-1.571,1.769,0.348,0.99,-2.566,SHAKE_OPEN
3973,1683,4095,-0.158,-0.438,-9.189,0.612,1.852,-1.905,SHAKE_OPEN
4095,2112,3653,2.248,-0.855,-19.829,0.784,2.178,-1,SHAKE_OPEN
3263,2431,3624,6.4,-2.612,-26.899,0.685,2.807,-0.559,SHAKE_OPEN
4095,1955,4095,15.943,-2.579,-22.783,0.481,2.21,-0.826,SHAKE_OPEN
4095,2009,3215,13.74,0.539,-19.97,0.392,0.442,-1.438,SHAKE_OPEN
3568,2199,4095,8.815,2.995,-12.249,0.493,-0.715,-1.14,SHAKE_OPEN
3438,1784,4095,4.377,3.522,-3.005,0.656,-1.192,0.133,SHAKE_OPEN
4095,2192,3245,3.361,2.945,3.673,0.519,-0.681,1.276,SHAKE_OPEN
3358,2339,4095,6.888,1.731,7.683,0.12,0.751,1.267,SHAKE_OPEN
4095,1995,3199,8.605,-0.816,14.317,-0.058,1.245,-0.273,SHAKE_OPEN
4095,2125,4095,6.685,-1.597,14.641,0.136,0.984,-1.987,SHAKE_OPEN
3483,2037,4095,3.847,0.048,6.495,0.313,0.816,-2.159,SHAKE_OPEN
4095,2111,3853,3.048,0.359,-5.476,0.388,1.18,-1.043,SHAKE_OPEN
3429,2387,2832,5.215,-1.358,-18.593,0.436,1.623,0.137,SHAKE_OPEN
4095,2023,4069,7.635,-4.027,-26.985,0.044,2.027,0.465,SHAKE_OPEN
4095,1667,3391,12.775,-3.632,-29.339,-0.833,2.378,-0.294,SHAKE_OPEN
3487,2230,4095,17.499,-0.567,-23.729,-1.201,1.895,-1.642,SHAKE_OPEN
4095,1872,4095,4.918,4.216,-2.176,4.126,2.375,0.993,SHAKE_OPEN
4000,1527,3955,8.578,-1.987,-2.861,4.392,2.324,1.248,SHAKE_OPEN
4095,1824,4085,11.152,-8.049,-4.056,3.941,1.342,2.089,SHAKE_OPEN
3383,1927,4095,12.677,-13.51,-5.715,2.779,-0.308,3.174,SHAKE_OPEN
4010,1800,4054,12.51,-17.248,-8.358,1.319,-1.96,3.704,SHAKE_OPEN
3431,1984,2865,10.898,-18.373,-12.031,-0.211,-2.532,3.122,SHAKE_OPEN
4095,1783,4095,9.778,-16.776,-13.537,-1.618,-1.647,1.446,SHAKE_OPEN
4095,1459,4067,9.187,-12.871,-10.341,-2.83,-0.525,-0.765,SHAKE_OPEN
3962,1853,3667,7.851,-8.033,-6.713,-3.664,-0.079,-2.613,SHAKE_OPEN
3083,1963,4095,6.349,-2.952,-3.876,-4.207,-0.118,-3.887,SHAKE_OPEN
4095,1786,3997,3.898,3.455,-1.937,-4.337,-0.369,-4.695,SHAKE_OPEN
3915,2522,3695,0.014,13.206,0.235,-3.874,-0.529,-4.488,SHAKE_OPEN
3730,2029,4095,-3.227,23.466,2.172,-2.228,-0.577,-2.681,SHAKE_OPEN
4095,2090,4095,-5.643,26.738,1.547,-0.205,-0.287,0.182,SHAKE_OPEN
3511,2063,4095,-1.623,21.117,0.704,1.521,0.353,2.377,SHAKE_OPEN
4076,2157,4095,2.959,14.138,0.778,2.7,0.905,2.39,SHAKE_OPEN
3947,2684,3198,5.583,7.918,-0.314,3.623,1.206,1.27,SHAKE_OPEN
4095,1999,4095,6.783,2.567,-2.782,4.283,1.506,0.691,SHAKE_OPEN
4095,1469,4095,7.568,-3.354,-4.286,4.585,1.3,1.507,SHAKE_OPEN
4016,1862,3714,9.323,-10.642,-5.713,3.98,0.273,3.146,SHAKE_OPEN
3239,1985,4095,10.884,-18.222,-8.195,2.408,-1.371,4.105,SHAKE_OPEN
4095,1624,3378,10.851,-22.723,-12.103,0.737,-2.293,3.318,SHAKE_OPEN
4095,1870,3208,9.151,-22.087,-14.574,-1.039,-1.919,1.102,SHAKE_OPEN
3952,1535,4095,7.101,-15.153,-12.299,-2.721,-0.821,-0.916,SHAKE_OPEN
4095,1585,4095,5.933,-9.309,-8.492,-3.778,-0.091,-1.748,SHAKE_OPEN
4050,1975,4095,6.144,-3.563,-4.803,-4.312,0.001,-1.859,SHAKE_OPEN
3877,1814,4023,6.045,2.15,-2.6,-4.377,-0.299,-1.75,SHAKE_OPEN
4095,1869,3020,5.351,9.574,-0.46,-4.048,-0.645,-1.743,SHAKE_OPEN
4095,2160,4095,3.069,18.119,0.515,-2.981,-0.745,-1.593,SHAKE_OPEN
4095,1582,4095,0.943,23.485,0.079,-1.215,-0.382,-0.84,SHAKE_OPEN
4076,1915,3470,0.709,23.08,0.096,0.611,0.195,0.006,SHAKE_OPEN
3198,1969,4095,1.583,18.059,0.464,2.09,0.708,0.359,SHAKE_OPEN
4095,1899,3717,3.06,12.021,0.024,3.287,1.046,0.276,SHAKE_OPEN
3802,2411,4095,4.523,5.179,-1.961,4.307,1.266,0.498,SHAKE_OPEN
4030,1882,4095,5.65,-2.174,-3.539,4.846,1.114,1.842,SHAKE_OPEN
4095,1424,4095,7.056,-10.874,-4.52,4.519,0.144,3.694,SHAKE_OPEN
3767,1856,4095,9.009,-21.383,-8.243,3.141,-1.223,4.33,SHAKE_OPEN
4000,1743,4045,9.139,-26.7,-13.06,1.174,-1.915,2.616,SHAKE_OPEN
4095,1936,3298,5.981,-25.005,-15.577,-1,-1.05,-0.045,SHAKE_OPEN
4095,1805,4095,4.578,-16.47,-12.699,-2.959,0.135,-1.691,SHAKE_OPEN
4095,1535,4095,4.949,-9.768,-7.836,-4.405,0.716,-2.389,SHAKE_OPEN
4095,1962,3453,5.758,-1.688,-3.254,-5.303,0.565,-3.317,SHAKE_OPEN
3264,2544,3696,4.626,9.584,0.831,-5.215,0.189,-4.457,SHAKE_OPEN
4095,1904,3894,0.517,23.803,4.511,-3.477,-0.124,-4.77,SHAKE_OPEN
4095,2229,3047,-6.093,32.7,2.705,-0.344,0.26,-3.054,SHAKE_OPEN
3980,2254,4095,-6.223,30.476,0.666,2.509,1.432,0.483,SHAKE_OPEN
3645,1767,4095,-1.123,17.21,1.506,4.206,2.471,2.738,SHAKE_OPEN
4003,2436,4095,7.307,3.508,2.662,5.373,2.882,2.919,SHAKE_OPEN
4095,1865,4026,10.841,-8.492,0.045,5.887,2.136,2.135,SHAKE_OPEN
4081,1744,2913,11.77,-17.365,-3.828,5.159,1.015,2.152,SHAKE_OPEN
4095,1858,4095,11.2,-24.064,-8.147,3.155,-0.67,2.761,SHAKE_OPEN
4095,1251,4095,8.985,-27.402,-13.549,0.763,-1.589,2.567,SHAKE_OPEN
4095,1745,3376,7.094,-25.795,-15.68,-2.02,-1.066,1.236,SHAKE_OPEN
3062,2145,4095,7.242,-18.093,-11.425,-4.358,0.043,-0.699,SHAKE_OPEN
4095,1785,4095,7.673,-9.926,-4.602,-6.043,0.507,-2.705,SHAKE_OPEN
4095,2240,2713,6.958,1.798,2.65,-6.862,0.312,-4.501,SHAKE_OPEN
3679,2035,4095,3.91,18.277,9.962,-5.565,-0.459,-5.475,SHAKE_OPEN
3797,1980,4039,-3.912,29.896,7.494,-2.308,-0.762,-4.113,SHAKE_OPEN
3866,2330,3923,-8.89,31.498,1.346,0.875,0.229,-0.093,SHAKE_OPEN
3486,2126,4095,-4.269,18.713,0.407,3.029,1.419,3.605,SHAKE_OPEN
4095,1967,3263,2.052,5.09,-0.417,4.127,2.24,4.639,SHAKE_OPEN
3824,2157,4095,9.931,-7.089,-1.501,4.615,2.221,3.794,SHAKE_OPEN
3822,1559,4095,11.212,-15.189,-5.76,4.011,1.563,2.118,SHAKE_OPEN
4095,1936,3602,11.013,-20.245,-9.555,2.258,0.699,1.104,SHAKE_OPEN
3198,2041,3376,9.946,-21.107,-12.208,0.109,-0.086,0.661,SHAKE_OPEN
4095,1618,4095,8.885,-19.103,-13.443,-2.178,-0.295,0.099,SHAKE_OPEN
4095,1716,3255,8.538,-13.3,-10.554,-4.247,0.192,-1.041,SHAKE_OPEN
3727,2077,4095,7.786,-4.695,-4.611,-5.71,0.471,-2.625,SHAKE_OPEN
4095,1711,4095,7.582,8.631,4.271,-5.948,0.18,-3.983,SHAKE_OPEN
4095,2338,3824,2.662,22.886,9.56,-3.583,-0.425,-4.321,SHAKE_OPEN
2886,2019,4095,-4.645,29.432,4.664,-0.164,-0.002,-1.92,SHAKE_OPEN
4095,1870,2991,-4.154,23.741,1.243,2.638,1.694,2.113,SHAKE_OPEN
4095,2248,4079,1.381,9.924,0.939,4.485,3.105,4.902,SHAKE_OPEN
4095,1763,4095,9.361,-5.375,0.862,5.388,3.313,5.512,SHAKE_OPEN
4031,1869,3840,12.919,-18.191,-2.761,4.661,2.315,4.516,SHAKE_OPEN
4063,2013,4095,10.396,-5.868,-10.527,-0.072,-1.042,1.028,SHAKE_OPEN
3946,2086,4095,9.431,-6.112,-9.627,-0.27,-1.252,1.297,SHAKE_OPEN
4095,2065,4095,8.799,-6.019,-8.624,-0.507,-1.358,1.414,SHAKE_OPEN
4047,2047,4095,8.2,-5.538,-7.719,-0.77,-1.413,1.428,SHAKE_OPEN
4095,2057,4095,7.69,-4.8,-6.603,-0.964,-1.374,1.39,SHAKE_OPEN
4048,2016,4095,7.298,-4.013,-5.559,-1.082,-1.341,1.349,SHAKE_OPEN
4095,1975,4095,6.687,-3.402,-4.606,-1.202,-1.308,1.301,SHAKE_OPEN
4091,2064,4095,6.081,-2.926,-3.881,-1.341,-1.257,1.169,SHAKE_OPEN
4095,2064,4095,5.55,-1.949,-3.618,-1.492,-1.078,1.066,SHAKE_OPEN
4095,1987,4095,5.466,-0.984,-3.144,-1.541,-0.716,1.053,SHAKE_OPEN
4095,1936,4095,5.808,-0.658,-2.152,-1.486,-0.407,0.913,SHAKE_OPEN
4095,2002,4095,5.61,-0.419,-1.271,-1.423,-0.264,0.593,SHAKE_OPEN
4095,2005,4095,4.999,0.105,-0.864,-1.46,-0.21,0.264,SHAKE_OPEN
4095,1931,4095,4.003,0.867,-0.752,-1.506,-0.1,0.01,SHAKE_OPEN
4095,1938,4095,3.086,1.413,-0.9,-1.475,0.213,-0.163,SHAKE_OPEN
4095,1904,4095,2.617,2.004,-0.9,-1.398,0.673,-0.248,SHAKE_OPEN
4095,1907,4095,2.698,2.423,-0.479,-1.309,1.098,-0.286,SHAKE_OPEN
4095,1904,4095,2.95,2.646,-0.39,-1.241,1.41,-0.383,SHAKE_OPEN
4091,1983,4095,3.29,2.832,-0.615,-1.249,1.714,-0.585,SHAKE_OPEN
4095,1966,4095,4.259,3.144,-0.91,-1.309,2.022,-0.984,SHAKE_OPEN
4095,1936,4095,5.315,3.584,-1.573,-1.459,2.278,-1.548,SHAKE_OPEN
4070,1957,4095,6.364,3.711,-2.775,-1.765,2.575,-2.325,SHAKE_OPEN
4095,1951,4095,7.013,4.547,-4.199,-2.276,2.995,-3.058,SHAKE_OPEN
3997,1938,4095,8.416,5.77,-4.329,-2.731,3.315,-3.647,SHAKE_OPEN
4095,1984,4095,9.713,6.91,-5.578,-2.883,3.326,-4.021,SHAKE_OPEN
4095,2016,4095,10.659,7.927,-8.191,-2.51,3.222,-3.675,SHAKE_OPEN
4095,1979,4095,12.237,8.969,-11.669,-1.704,2.967,-2.038,SHAKE_OPEN
4095,2026,4095,15.067,7.932,-13.525,-0.751,2.279,0.322,SHAKE_OPEN
4095,1970,4095,19.137,4.633,-14.394,0.067,1.058,1.706,SHAKE_OPEN
4095,2057,4095,20.212,2.555,-16.407,0.534,-0.279,1.681,SHAKE_OPEN
4095,2096,4095,18.806,3.371,-17.162,0.645,-1.138,1.209,SHAKE_OPEN
4095,2172,4095,17.025,5.121,-15.751,0.78,-1.692,0.812,SHAKE_OPEN
4095,2113,4095,15.301,6.912,-13.324,1.152,-2.034,0.486,SHAKE_OPEN
4095,2023,4095,13.774,8.411,-10.551,1.631,-2.367,0.378,SHAKE_OPEN
4095,2018,4095,12.4,8.95,-8.361,2.128,-2.658,0.376,SHAKE_OPEN
4095,1968,4095,10.973,8.976,-6.28,2.519,-2.802,0.377,SHAKE_OPEN
4095,2013,4095,9.886,8.528,-4.616,2.757,-2.886,0.433,SHAKE_OPEN
4095,2034,4095,8.739,7.47,-3.381,2.869,-2.849,0.368,SHAKE_OPEN
4081,1922,4095,7.381,6.543,-2.131,2.938,-2.645,0.17,SHAKE_OPEN
4073,1891,4095,6.076,5.997,-0.917,2.969,-2.36,0.033,SHAKE_OPEN
4046,2003,4095,4.36,5.222,0.862,2.928,-2.127,0.147,SHAKE_OPEN
4053,1981,4095,2.552,3.438,2.447,2.733,-2.048,0.458,SHAKE_OPEN
4095,2012,4095,1.358,1.257,3.026,2.394,-1.889,0.441,SHAKE_OPEN
4095,2023,4095,0.565,-0.177,3.11,2.14,-1.389,-0.153,SHAKE_OPEN
4095,1999,4095,-0.618,-0.29,2.734,1.927,-0.582,-0.674,SHAKE_OPEN
3987,2037,4044,-0.536,-0.409,2.844,1.653,0.284,-0.713,SHAKE_OPEN
4095,2055,4095,0.907,-1.295,3.144,1.346,0.901,-0.637,SHAKE_OPEN
4095,2086,4095,2.631,-2.184,2.531,1.107,1.299,-0.798,SHAKE_OPEN
4095,2054,4095,4.073,-2.672,0.687,0.974,1.573,-1.024,SHAKE_OPEN
4095,2083,4095,5.119,-3.06,-1.784,0.889,1.703,-0.965,SHAKE_OPEN
4095,2060,4095,6.498,-3.742,-5.624,0.857,1.763,-0.624,SHAKE_OPEN
3959,2075,4095,9.251,-4.424,-9.579,0.837,1.711,-0.344,SHAKE_OPEN
4095,2023,4095,12.51,-4.439,-13.317,0.798,1.613,-0.51,SHAKE_OPEN
4095,1999,4095,15.263,-3.941,-15.505,0.846,1.346,-0.664,SHAKE_OPEN
3991,2129,4095,16.915,-3.649,-16.027,1.004,0.743,-0.501,SHAKE_OPEN
3901,2115,4095,17.691,-3.512,-15.117,1.141,-0.234,-0.354,SHAKE_OPEN
3873,2176,4095,16.178,-2.746,-13.937,1.364,-1.2,-0.382,SHAKE_OPEN
4095,2096,4095,13.688,-2.44,-12.503,1.681,-1.825,-0.212,SHAKE_OPEN
4049,2146,4095,11.633,-2.574,-10.422,1.832,-2.229,-0.071,SHAKE_OPEN
4031,2130,4095,9.471,-2.48,-8.497,1.767,-2.451,-0.157,SHAKE_OPEN
3976,2128,4095,7.695,-1.875,-6.505,1.657,-2.417,-0.328,SHAKE_OPEN
4091,2095,4095,6.153,-1.317,-4.3,1.568,-2.212,-0.576,SHAKE_OPEN
4095,2138,4095,4.281,-0.373,-1.448,1.591,-2.005,-0.709,SHAKE_OPEN
4095,2128,4095,1.99,0.4,0.453,1.662,-1.773,-0.52,SHAKE_OPEN
4095,2165,4095,0.273,0.369,1.659,1.793,-1.267,-0.151,SHAKE_OPEN
4085,2142,4023,-0.204,-0.268,2.945,1.954,-0.451,0.008,SHAKE_OPEN
4095,2094,4095,-0.029,-1.154,4.623,2.08,0.204,0.001,SHAKE_OPEN
4037,2129,4095,0.285,-2.188,5.684,2.002,0.626,-0.142,SHAKE_OPEN
4095,2006,4095,0.685,-3.539,6.323,1.842,0.951,-0.424,SHAKE_OPEN
4062,2108,4095,1.037,-4.401,5.504,1.559,1.407,-0.647,SHAKE_OPEN
4095,2107,4095,2.737,-5.361,4.707,1.103,2.029,-0.731,SHAKE_OPEN
4061,1942,4095,5.152,-6.795,4.729,0.623,2.532,-0.989,SHAKE_OPEN
4032,2014,4095,6.876,-7.338,4.386,0.181,2.703,-1.35,SHAKE_OPEN
4095,2025,4095,8.013,-6.943,2.356,-0.22,2.889,-1.355,SHAKE_OPEN
4095,1970,4095,9.776,-6.852,0.251,-0.514,3.312,-1.038,SHAKE_OPEN
4095,1667,4095,5.514,2.931,3.903,0.065,-0.079,-0.581,SHAKE_OPEN
3636,1831,4095,3.682,2.363,-0.862,0.017,0.165,-0.281,SHAKE_OPEN
4095,2053,3552,3.371,1.379,-6.165,-0.122,0.426,-0.309,SHAKE_OPEN
3760,1937,3823,3.419,0.826,-12.22,-0.17,0.649,-0.836,SHAKE_OPEN
4095,1757,3291,3.496,1.065,-19.163,-0.109,1.027,-1.455,SHAKE_OPEN
4095,2084,3797,4.017,1.197,-24.184,0.059,1.512,-1.576,SHAKE_OPEN
3379,2073,4095,5.734,0.424,-23.245,0.315,1.662,-1.135,SHAKE_OPEN
4095,2101,3553,8.452,-0.455,-19.108,0.671,1.223,-0.68,SHAKE_OPEN
3539,2416,3114,8.842,-0.596,-14.21,0.873,0.057,-0.325,SHAKE_OPEN
4095,2180,4095,6.886,0.12,-11.552,0.845,-1.013,0.211,SHAKE_OPEN
4095,1870,3913,5.059,1.307,-10.087,0.77,-1.305,0.859,SHAKE_OPEN
3958,2482,3901,5.6,2.284,-7.415,0.788,-0.405,1.755,SHAKE_OPEN
3223,2118,4085,10.874,0.742,-1.322,0.736,0.593,2.282,SHAKE_OPEN
4095,2247,3870,14.236,-1.252,4.992,0.424,0.742,1.787,SHAKE_OPEN
3125,2952,4095,15.512,-0.979,8.854,-0.184,0.417,0.694,SHAKE_OPEN
4095,1974,3614,12.68,0.529,9.804,-0.552,-0.27,-0.268,SHAKE_OPEN
4095,2362,4019,8.981,1.635,6.182,-0.553,-0.582,-0.605,SHAKE_OPEN
3485,2303,4095,6.031,2.267,1.049,-0.547,-0.416,-0.567,SHAKE_OPEN
4095,2285,3935,4.422,2.375,-4.745,-0.813,-0.101,-0.645,SHAKE_OPEN
3280,2626,3056,4.3,2.933,-10.594,-0.997,0.275,-1.129,SHAKE_OPEN
4095,2287,4095,4.14,2.646,-16.429,-0.742,0.602,-1.835,SHAKE_OPEN
4095,1845,4095,4.027,1.867,-21.043,-0.236,0.897,-1.896,SHAKE_OPEN
4095,2333,3677,4.59,1.396,-22.233,0.267,0.688,-1.108,SHAKE_OPEN
3271,2212,4095,5.088,-0.749,-19.877,0.726,0.052,-0.009,SHAKE_OPEN
4095,2160,3955,5.665,-2.076,-14.195,0.942,-0.808,0.812,SHAKE_OPEN
3135,2912,4095,4.154,-2.251,-10.997,0.868,-1.722,1.3,SHAKE_OPEN
4095,1895,3819,3.749,-1.322,-9.776,0.587,-1.141,1.83,SHAKE_OPEN
4095,2175,3943,7.92,-1.597,-4.99,0.244,0.643,2.303,SHAKE_OPEN
3568,2160,4095,13.889,-2.605,3.074,-0.264,1.941,1.949,SHAKE_OPEN
3990,1906,3983,16.728,-1.226,12.151,-0.771,2.343,0.535,SHAKE_OPEN
3879,2314,2960,15.043,1.034,18.5,-0.928,1.697,-0.94,SHAKE_OPEN
4055,2110,4095,9.799,3.476,14.753,-0.732,0.344,-1.546,SHAKE_OPEN
4095,1872,4085,5.962,4.606,5.418,-0.581,-0.179,-1.229,SHAKE_OPEN
4052,2242,3781,4.422,5.274,-4.769,-0.504,-0.157,-0.956,SHAKE_OPEN
3168,2118,3487,3.563,3.357,-17.135,0.022,-0.029,-0.713,SHAKE_OPEN
4095,1860,3206,1.166,-0.043,-26.185,0.016,0.379,0.164,SHAKE_OPEN
3770,2225,4048,5.097,-3.361,-24.09,0.261,0.685,1.005,SHAKE_OPEN
3994,1919,3994,6.203,-6.493,-22.005,0.486,-0.207,0.824,SHAKE_OPEN
4095,1970,4095,4.594,-6.249,-19.055,0.087,-1.334,0.533,SHAKE_OPEN
4053,2092,4095,1.159,-3.062,-14.593,-0.363,-1.794,0.73,SHAKE_OPEN
4028,1869,3705,1.65,-1.489,-10.707,-0.591,-0.673,1.489,SHAKE_OPEN
3823,2186,3130,9.232,-1.755,-2.703,-0.866,1.13,1.897,SHAKE_OPEN
4037,2021,4095,19.656,-1.161,10.185,-0.898,0.942,0.608,SHAKE_OPEN
4095,1828,3888,21.189,2.124,17.068,-1.152,0.43,-1.568,SHAKE_OPEN
3895,2191,3568,17.011,6.438,19.168,-1.14,-0.191,-2.818,SHAKE_OPEN
3246,2231,4095,8.844,9.38,12.874,-0.475,-0.651,-2.344,SHAKE_OPEN
4095,1965,3643,3.867,8.959,1.817,0.229,-0.484,-0.695,SHAKE_OPEN
3834,1971,4095,2.564,5.44,-11.679,0.798,-0.283,0.819,SHAKE_OPEN
3698,1849,3963,3.182,0.019,-23.734,1.41,-0.176,1.477,SHAKE_OPEN
4095,1797,4095,2.567,-6.393,-27.05,1.206,0.193,2.058,SHAKE_OPEN
3408,1930,4095,4.262,-9.103,-26.334,0.392,-0.234,2.333,SHAKE_OPEN
3984,1735,3739,4.039,-9.448,-22.175,-0.531,-0.673,1.668,SHAKE_OPEN
4038,2090,2808,2.938,-6.555,-14.894,-1.208,-0.881,0.824,SHAKE_OPEN
4095,1811,4055,1.64,-4.547,-8.665,-1.494,-0.472,0.333,SHAKE_OPEN
4095,1518,4095,5.492,-1.496,-2.758,-1.756,1.158,0.143,SHAKE_OPEN
4018,2235,3328,14.073,3.026,6.251,-2.054,2.426,-0.433,SHAKE_OPEN
3338,2416,3680,18.486,8.016,15.603,-2.032,2.604,-1.83,SHAKE_OPEN
4095,2075,3353,15.787,11.454,22.027,-1.194,1.779,-2.941,SHAKE_OPEN
4015,2480,2946,9.287,14.092,16.233,-0.195,1.05,-2.292,SHAKE_OPEN
4035,2107,4048,5.837,12.517,5.868,0.678,0.851,0.256,SHAKE_OPEN
4095,1936,4095,5.732,6.943,-4.836,1.259,0.745,2.848,SHAKE_OPEN
3510,1968,3975,7.906,-1.346,-17.717,1.694,0.082,4.075,SHAKE_OPEN
3712,1821,3767,6.709,-14.257,-35.477,0.435,-0.231,3.821,SHAKE_OPEN
3803,2086,2784,9.986,-7.111,-19.889,-0.612,0.045,3.047,SHAKE_OPEN
4095,2029,4095,8.71,-10.154,-20.288,0.71,-1.512,0.855,SHAKE_OPEN
4095,1470,4095,2.72,-8.988,-15.878,-1.021,-2.188,-1.214,SHAKE_OPEN
4095,2029,3483,0.862,-2.303,-10.068,-1.383,-2.28,-1.541,SHAKE_OPEN
3353,2175,4000,-1.738,-0.455,-7.396,-1.375,-1.144,-1.351,SHAKE_OPEN
3801,2176,3746,3.311,2.84,-1.353,-1.451,1.438,-0.281,SHAKE_OPEN
3412,2079,4095,11.214,3.821,8.159,-1.418,2.651,0.234,SHAKE_OPEN
4095,2060,3379,15.701,3.038,16.364,-0.84,2.607,-0.725,SHAKE_OPEN
3472,2772,3886,14.619,3.498,19.506,-0.336,1.93,-1.856,SHAKE_OPEN
3986,1883,3919,10.977,4.717,11.993,-0.007,1.231,-1.363,SHAKE_OPEN
4095,1968,4095,8.444,3.821,3.45,0.129,1.01,0.796,SHAKE_OPEN
3727,1931,4095,7.779,0.852,-5.751,-0.017,0.848,2.956,SHAKE_OPEN
4095,1946,3701,8.191,-1.925,-7.137,-0.674,-0.53,0.896,SHAKE_OPEN
3641,1502,3367,8.461,-1.925,-6.874,-0.702,-0.634,0.838,SHAKE_OPEN
3915,1837,4095,8.289,-1.748,-6.974,-0.664,-0.756,0.629,SHAKE_OPEN
3869,1771,3968,7.628,-1.269,-7.199,-0.573,-0.794,0.508,SHAKE_OPEN
3991,1866,4095,7.178,-0.836,-7.226,-0.499,-0.782,0.7,SHAKE_OPEN
4095,1875,3782,7.276,-1.068,-6.869,-0.433,-0.838,0.931,SHAKE_OPEN
4095,2090,4095,7.721,-1.391,-6.45,-0.352,-1.045,0.914,SHAKE_OPEN
3838,1724,3687,7.343,-1.386,-6.73,-0.23,-1.292,0.868,SHAKE_OPEN
4095,1938,3811,6.713,-1.496,-7.178,-0.187,-1.464,1.022,SHAKE_OPEN
3762,1904,4095,6.675,-1.887,-7.592,-0.191,-1.551,1.075,SHAKE_OPEN
4095,1921,3018,6.256,-1.93,-8.083,-0.171,-1.519,0.85,SHAKE_OPEN
3982,2190,4095,5.681,-1.729,-8.442,-0.161,-1.313,0.608,SHAKE_OPEN
3870,2043,3696,5.48,-1.41,-8.344,-0.167,-1.08,0.57,SHAKE_OPEN
4095,1984,4095,5.756,-1.355,-7.934,-0.153,-0.975,0.537,SHAKE_OPEN
3940,1993,3361,5.844,-1.231,-7.611,-0.078,-1.003,0.399,SHAKE_OPEN
4095,1922,4095,5.586,-1.07,-7.719,0.016,-1.086,0.306,SHAKE_OPEN
4095,1904,3681,5.107,-1.109,-7.836,0.096,-1.101,0.305,SHAKE_OPEN
4095,2154,4095,4.827,-1.283,-8.018,0.172,-1.043,0.324,SHAKE_OPEN
4095,1854,4095,4.776,-1.556,-8.009,0.205,-0.989,0.258,SHAKE_OPEN
4095,2155,3888,4.743,-1.674,-7.652,0.232,-0.98,0.091,SHAKE_OPEN
3433,1762,4095,4.317,-1.489,-7.638,0.284,-1.005,-0.029,SHAKE_OPEN
4095,1921,3330,3.754,-1.331,-7.93,0.344,-0.929,-0.041,SHAKE_OPEN
4095,2186,4095,3.491,-1.31,-7.896,0.396,-0.728,-0.052,SHAKE_OPEN
3853,1579,3970,3.436,-1.362,-7.549,0.481,-0.52,-0.153,SHAKE_OPEN
4095,2131,4095,3.4,-1.504,-6.9,0.57,-0.393,-0.307,SHAKE_OPEN
3295,2000,4095,3.405,-1.489,-6.507,0.571,-0.372,-0.481,SHAKE_OPEN
4095,1879,4095,3.256,-1.422,-6.419,0.57,-0.373,-0.676,SHAKE_OPEN
3869,1979,3712,2.854,-1.312,-6.61,0.605,-0.267,-0.87,SHAKE_OPEN
4095,2007,4002,2.562,-1.334,-6.507,0.591,-0.114,-0.886,SHAKE_OPEN
3909,1711,3710,2.895,-1.884,-6.041,0.565,-0.017,-0.917,SHAKE_OPEN
4095,2190,3631,3.735,-2.322,-5.844,0.633,-0.05,-1.118,SHAKE_OPEN
3294,1774,4095,3.455,-2.105,-6.294,0.69,-0.151,-1.245,SHAKE_OPEN
4095,1849,3376,3.326,-2.059,-6.759,0.648,-0.102,-1.115,SHAKE_OPEN
4033,2067,4095,3.479,-2.339,-6.725,0.619,0.001,-0.941,SHAKE_OPEN
3717,1881,3820,3.802,-2.94,-6.694,0.553,0.055,-0.8,SHAKE_OPEN
4095,2259,4095,4.594,-3.529,-6.352,0.483,-0.014,-0.826,SHAKE_OPEN
3251,1777,3966,4.781,-3.61,-6.596,0.442,-0.123,-1.123,SHAKE_OPEN
4095,1935,4095,4.178,-3.103,-7.142,0.396,-0.044,-1.318,SHAKE_OPEN
3606,1859,3947,3.998,-2.899,-7.017,0.329,0.133,-1.176,SHAKE_OPEN
4095,1964,4095,4.645,-3.218,-6.493,0.247,0.173,-0.962,SHAKE_OPEN
4003,1798,3583,5.327,-3.627,-6.354,0.199,0.098,-1.045,SHAKE_OPEN
4095,2131,4095,5.114,-3.469,-6.493,0.198,0.112,-1.322,SHAKE_OPEN
3802,1747,4095,4.705,-3.108,-6.603,0.24,0.24,-1.289,SHAKE_OPEN
4095,1990,3728,4.875,-3.342,-6.16,0.175,0.351,-0.966,SHAKE_OPEN
4095,2232,3924,5.94,-3.977,-5.557,0.035,0.28,-0.853,SHAKE_OPEN
4095,1852,4095,6.278,-4.029,-5.634,-0.126,0.189,-1.122,SHAKE_OPEN
4095,2222,3935,5.76,-3.407,-5.988,-0.21,0.285,-1.373,SHAKE_OPEN
3645,1722,4095,5.315,-2.849,-6.043,-0.229,0.524,-1.28,SHAKE_OPEN
4095,1822,4095,5.679,-2.954,-5.32,-0.274,0.724,-1.022,SHAKE_OPEN
4016,1782,3837,6.493,-3.405,-4.487,-0.341,0.717,-0.959,SHAKE_OPEN
4095,2011,4095,6.788,-3.467,-4.623,-0.392,0.613,-1.051,SHAKE_OPEN
3925,1624,3623,6.577,-3.163,-5.286,-0.394,0.657,-1.053,SHAKE_OPEN
4095,2123,3986,6.369,-2.952,-5.614,-0.419,0.928,-0.867,SHAKE_OPEN
3359,1535,4095,6.812,-3.534,-4.992,-0.478,1.224,-0.604,SHAKE_OPEN
4095,1913,3811,7.75,-4.214,-4.585,-0.587,1.269,-0.453,SHAKE_OPEN
4095,1935,4095,8.55,-4.434,-4.702,-0.708,1.223,-0.557,SHAKE_OPEN
4018,1712,4060,8.88,-4.027,-4.741,-0.786,1.195,-0.708,SHAKE_OPEN
4095,1923,4095,8.729,-3.62,-4.803,-0.797,1.168,-0.542,SHAKE_OPEN
3984,1962,4095,8.607,-3.67,-5.114,-0.816,1.212,-0.047,SHAKE_OPEN
3935,1873,4095,9.234,-4.274,-5.265,-0.89,1.233,0.313,SHAKE_OPEN
4095,1850,3974,9.833,-4.688,-5.543,-0.936,1.257,0.315,SHAKE_OPEN
4095,1837,4095,10.017,-4.551,-6.12,-0.988,1.349,0.331,SHAKE_OPEN
4095,1739,3682,10.341,-4.465,-6.184,-1.101,1.406,0.563,SHAKE_OPEN
4095,2106,4095,11.253,-4.532,-6.112,-1.224,1.318,0.766,SHAKE_OPEN
3824,1723,4093,11.83,-3.929,-6.244,-1.331,1.158,0.872,SHAKE_OPEN
4095,1925,4095,12.383,-3.572,-6.486,-1.41,0.998,0.992,SHAKE_OPEN
3731,1781,4095,13.388,-3.172,-6.481,-1.446,0.816,1.113,SHAKE_OPEN
4052,1723,3311,14.291,-2.65,-6.68,-1.419,0.456,1.064,SHAKE_OPEN
4095,2167,3939,14.19,-1.592,-7.149,-1.393,-0.008,0.918,SHAKE_OPEN
3600,1648,4095,13.348,-0.285,-7.444,-1.395,-0.376,0.9,SHAKE_OPEN
4095,1934,4095,12.704,0.68,-7.049,-1.322,-0.769,1.029,SHAKE_OPEN
4055,1734,3715,11.413,1.561,-7.068,-1.158,-1.155,1.172,SHAKE_OPEN
4095,1918,4095,9.957,2.272,-7.094,-0.978,-1.383,1.195,SHAKE_OPEN
4095,1815,3447,8.449,2.619,-6.946,-0.74,-1.457,1.025,SHAKE_OPEN
4095,2047,4095,7.029,2.84,-6.972,-0.456,-1.37,0.883,SHAKE_OPEN
