4087,3012,4095,5.993,-4.458,-6.129,-0.028,-0.058,-0.094,SUPER
4095,2619,4095,6,-4.362,-6.201,-0.02,-0.05,-0.071,SUPER
4095,2345,4095,6.055,-4.434,-6.196,-0.009,-0.024,-0.047,SUPER
4095,2704,4095,6.098,-4.52,-6.16,0.002,0.001,-0.055,SUPER
4095,1855,4095,6.141,-4.518,-6.012,0.015,-0.013,-0.106,SUPER
4095,1781,4095,6.292,-4.384,-5.768,0.061,-0.13,-0.131,SUPER
4095,2169,4095,6.371,-4.484,-5.978,0.103,-0.267,-0.14,SUPER
4095,2192,4091,6.287,-4.456,-6.196,0.091,-0.315,-0.122,SUPER
4095,3182,4095,6.12,-4.48,-6.282,0.053,-0.275,-0.08,SUPER
4095,3184,4095,5.947,-4.503,-6.342,0.02,-0.212,-0.032,SUPER
4095,4095,4095,5.935,-4.635,-6.254,-0.011,-0.168,0.001,SUPER
4095,3478,4095,5.93,-4.796,-6.196,-0.029,-0.162,-0.008,SUPER
4095,4095,4095,5.827,-4.717,-6.237,-0.037,-0.153,-0.021,SUPER
4095,4095,4095,5.713,-4.671,-6.314,-0.047,-0.094,-0.017,SUPER
4095,4095,4095,5.672,-4.611,-6.244,-0.059,-0.054,0.002,SUPER
4095,4095,4095,5.698,-4.618,-6.28,-0.068,-0.04,0.013,SUPER
4095,4037,4095,5.756,-4.64,-6.223,-0.071,-0.053,0.008,SUPER
4095,4095,4095,5.784,-4.623,-6.294,-0.06,-0.065,0.002,SUPER
4095,4095,4095,5.789,-4.614,-6.333,-0.056,-0.03,-0.014,SUPER
4095,4095,4095,5.763,-4.556,-6.316,-0.06,0.013,-0.023,SUPER
4095,3136,4095,5.82,-4.527,-6.261,-0.068,0.035,-0.025,SUPER
4095,3583,4095,5.895,-4.503,-6.196,-0.071,0.035,-0.016,SUPER
4095,2788,4095,6.005,-4.489,-6.16,-0.072,0.019,-0.009,SUPER
4095,2262,4095,6.045,-4.453,-6.153,-0.068,0.006,-0.003,SUPER
4095,2879,4095,6.053,-4.422,-6.172,-0.063,0.014,0,SUPER
4095,2512,4095,6.108,-4.432,-6.16,-0.054,0.018,-0.002,SUPER
4095,2306,4095,6.163,-4.475,-6.086,-0.035,0.013,-0.031,SUPER
4080,1254,3991,6.163,-4.391,-6.088,-0.034,-0.029,-0.042,SUPER
4003,2275,4095,6.134,-4.372,-6.136,-0.036,-0.05,-0.007,SUPER
4095,3165,4095,6.127,-4.424,-6.165,-0.045,-0.052,0.045,SUPER
4095,2839,4095,6.146,-4.599,-6.124,-0.039,-0.024,0.051,SUPER
4087,4095,4095,6.163,-4.65,-6.084,-0.037,-0.023,0.012,SUPER
4095,4095,4095,6.132,-4.606,-6.019,-0.035,-0.055,-0.016,SUPER
4095,4095,4095,6.067,-4.53,-6.062,-0.039,-0.082,-0.018,SUPER
4095,3900,4095,6.002,-4.508,-6.218,-0.041,-0.067,0.002,SUPER
4095,4095,4095,6.024,-4.542,-6.127,-0.049,-0.039,0.011,SUPER
4095,4095,4095,6.057,-4.573,-6.134,-0.06,-0.052,0.023,SUPER
4048,4095,4095,6.096,-4.599,-6.074,-0.069,-0.081,0.031,SUPER
4095,4095,4095,6.134,-4.587,-6.115,-0.07,-0.109,0.018,SUPER
4095,4095,4095,6.124,-4.554,-6.163,-0.059,-0.083,-0.003,SUPER
4095,4095,4095,6.091,-4.527,-6.141,-0.051,-0.054,-0.026,SUPER
4095,2793,4095,6.036,-4.492,-6.191,-0.064,-0.048,-0.018,SUPER
4095,3623,4095,5.978,-4.413,-6.084,-0.078,-0.04,0.024,SUPER
4095,3440,4095,6.057,-4.417,-6.093,-0.08,-0.079,0.067,SUPER
4090,2994,4095,6.014,-4.496,-6.208,-0.065,-0.07,0.065,SUPER
4095,2543,4095,5.964,-4.561,-6.201,-0.054,-0.03,0.025,SUPER
4095,2709,4095,5.988,-4.563,-6.11,-0.047,-0.028,-0.016,SUPER
4095,3182,4095,5.995,-4.444,-6.141,-0.056,-0.076,-0.022,SUPER
4095,1456,4095,5.988,-4.396,-6.254,-0.049,-0.055,0.018,SUPER
4095,3396,4095,6.055,-4.556,-6.163,-0.046,-0.009,0.01,SUPER
4095,3648,4095,6.072,-4.58,-6.096,-0.039,0.029,-0.025,SUPER
4095,3761,4095,6.088,-4.48,-6.067,-0.033,0.036,-0.029,SUPER
4095,3719,4095,6.096,-4.439,-6.005,-0.043,-0.005,-0.008,SUPER
4095,4095,4095,6.189,-4.432,-5.988,-0.041,-0.054,0.005,SUPER
4095,4095,4095,6.172,-4.436,-6.136,-0.015,-0.054,0.011,SUPER
4095,4095,4095,6.191,-4.511,-6.12,-0.009,-0.021,-0.001,SUPER
4095,4095,4095,6.223,-4.623,-6.014,-0.013,-0.029,-0.03,SUPER
4095,4095,4095,6.129,-4.539,-6.065,-0.02,-0.05,-0.045,SUPER
4095,4095,4095,6.103,-4.465,-6.048,-0.033,-0.065,-0.019,SUPER
4095,3996,4095,6.115,-4.492,-6.069,-0.03,-0.061,0.014,SUPER
4095,3675,4095,6.163,-4.578,-6.093,-0.031,-0.033,0.009,SUPER
4095,3639,4095,6.141,-4.594,-6.017,-0.034,-0.02,-0.025,SUPER
4095,3467,4095,6.215,-4.618,-5.942,-0.032,-0.052,-0.066,SUPER
4095,3248,4095,6.314,-4.664,-5.981,-0.037,-0.128,-0.12,SUPER
4095,3105,4095,6.191,-4.518,-6.136,-0.029,-0.149,-0.185,SUPER
4095,3186,4095,5.974,-4.192,-6.17,-0.028,-0.061,-0.09,SUPER
4095,3091,4095,6.062,-4.365,-6.079,-0.042,-0.005,0.014,SUPER
4095,3123,4095,6.158,-4.525,-6.036,-0.044,-0.001,0.039,SUPER
4095,3120,4095,6.215,-4.587,-6.036,-0.046,-0.008,0.017,SUPER
4095,3310,4095,6.17,-4.53,-6.045,-0.05,-0.036,-0.017,SUPER
4095,3555,4095,6.112,-4.472,-6.129,-0.04,-0.004,-0.022,SUPER
4095,3710,4095,6.079,-4.429,-6.029,-0.047,0.024,-0.003,SUPER
4095,4095,4095,6.155,-4.448,-6.002,-0.042,0.026,0.006,SUPER
4095,4086,4095,6.292,-4.499,-5.94,-0.035,0,-0.001,SUPER
4095,4095,4095,6.388,-4.508,-5.895,-0.041,-0.063,-0.02,SUPER
4095,3311,4095,8.631,-1.946,-4.125,0.421,0.226,-0.338,SUPER
4095,3071,4095,9.45,-2.588,-3.735,0.338,0.122,-0.19,SUPER
4095,2306,4095,9.172,-2.741,-3.433,0.119,0.014,0.125,SUPER
4095,2335,4095,9.325,-3.199,-3.807,0.168,-0.003,0.077,SUPER
4016,3877,4095,10.137,-2.902,-2.952,0.269,0.016,-0.36,SUPER
4095,2320,4095,9.84,-2.164,-3.682,0.493,-0.03,-0.908,SUPER
4016,2955,4062,8.851,-1.92,-4.183,0.243,-0.018,-0.827,SUPER
4033,3030,4095,8.078,-1.535,-4.269,-0.053,-0.188,-0.3,SUPER
4095,4095,4095,8.638,-1.595,-3.807,-0.137,-0.144,0.206,SUPER
4014,3068,4095,8.286,-1.915,-4.475,-0.114,-0.011,0.352,SUPER
4095,4095,4095,7.98,-1.903,-4.994,-0.125,0.175,0.296,SUPER
4095,4095,4095,8.526,-2.205,-4.755,-0.271,0.048,0.27,SUPER
4095,3513,4095,8.856,-2.004,-4.312,-0.221,-0.254,0.084,SUPER
4095,4095,4095,8.997,-1.041,-4.238,-0.146,-0.477,0.147,SUPER
4095,4095,4095,8.629,-0.994,-3.95,-0.12,-0.605,0.463,SUPER
4095,4095,4095,8.361,-1.551,-4.147,-0.146,-0.421,0.685,SUPER
4095,4095,4095,8.811,-2.626,-4.118,-0.208,-0.222,0.718,SUPER
4095,2512,4095,8.756,-2.883,-4.005,-0.206,-0.109,0.599,SUPER
4095,3120,4095,8.784,-2.885,-3.977,-0.079,0.049,0.326,SUPER
4095,2033,4095,8.487,-2.772,-4.061,0.038,0.163,-0.033,SUPER
4095,2003,4095,7.86,-2.109,-4.417,0.118,0.14,-0.166,SUPER
4095,1676,4095,7.489,-1.355,-4.992,0.08,0.264,0.005,SUPER
4095,2128,4095,7.807,-1.896,-4.628,-0.063,0.359,0.423,SUPER
4095,1239,4095,8.571,-2.957,-4.187,-0.146,0.394,0.587,SUPER
4095,981,4095,9.311,-3.479,-3.747,-0.164,0.31,0.405,SUPER
4095,726,4095,9.694,-3.443,-3.457,-0.067,0.133,0.015,SUPER
4095,1120,4095,9.467,-2.784,-3.788,0.032,-0.033,-0.33,SUPER
4095,1242,4095,8.691,-2.186,-4.41,0.008,-0.064,-0.407,SUPER
4095,1683,4053,8.011,-1.52,-4.439,-0.14,0.051,-0.131,SUPER
4095,3091,4095,8.265,-1.863,-4.037,-0.324,0.02,0.307,SUPER
4095,3510,4079,8.389,-2.567,-4.08,-0.405,-0.028,0.538,SUPER
4095,3568,4095,8.61,-3.251,-4.027,-0.387,-0.073,0.444,SUPER
4095,4095,4095,8.665,-3.333,-4.209,-0.321,-0.098,0.143,SUPER
4095,4095,4095,8.535,-2.921,-4.118,-0.295,-0.165,0.003,SUPER
4095,4095,4095,8.648,-2.622,-3.886,-0.243,-0.203,0.08,SUPER
4095,3739,4095,9.505,-2.895,-2.978,-0.191,-0.223,0.049,SUPER
4095,4095,4095,9.474,-2.607,-3.804,-0.199,-0.26,-0.124,SUPER
4095,4095,4095,9.096,-2.385,-3.898,-0.214,-0.279,-0.212,SUPER
3994,4095,4095,8.677,-1.865,-4.056,-0.229,-0.264,-0.109,SUPER
4095,2750,4095,8.569,-1.836,-4.156,-0.274,-0.244,0.103,SUPER
4095,3473,4095,8.502,-2.128,-4.175,-0.326,-0.26,0.192,SUPER
4095,2813,4095,8.389,-2.423,-4.42,-0.303,-0.196,0.156,SUPER
4095,2034,4095,8.404,-2.538,-4.444,-0.269,-0.111,0.08,SUPER
4095,2399,4095,8.272,-2.476,-4.487,-0.233,-0.067,-0.006,SUPER
4095,2021,4095,8.272,-2.404,-4.523,-0.212,-0.063,-0.041,SUPER
4071,1776,4095,8.32,-2.294,-4.563,-0.245,-0.098,-0.027,SUPER
4095,1331,4095,8.38,-2.207,-4.518,-0.286,-0.14,0.056,SUPER
4095,2163,4095,8.471,-2.143,-4.508,-0.296,-0.145,0.118,SUPER
4095,3113,4095,8.413,-2.198,-4.482,-0.289,-0.136,0.117,SUPER
4095,2352,4095,8.418,-2.306,-4.547,-0.273,-0.089,0.087,SUPER
4095,4043,4095,8.358,-2.394,-4.592,-0.285,-0.048,0.056,SUPER
4095,4095,4095,8.349,-2.294,-4.597,-0.308,-0.03,0.022,SUPER
4059,4095,4095,8.284,-1.982,-4.58,-0.32,-0.026,0.01,SUPER
4095,4034,4095,8.222,-1.901,-4.642,-0.317,0,0.05,SUPER
4020,4095,4095,8.358,-1.975,-4.597,-0.322,0.054,0.081,SUPER
4095,4095,4095,8.353,-1.908,-4.638,-0.335,0.094,0.139,SUPER
4080,4095,4095,8.375,-2.059,-4.63,-0.373,0.124,0.195,SUPER
4095,4095,4095,8.358,-2.057,-4.48,-0.383,0.112,0.208,SUPER
4095,3946,4095,8.478,-2.025,-4.448,-0.345,0.05,0.175,SUPER
4095,4095,4095,8.461,-1.901,-4.501,-0.287,-0.001,0.103,SUPER
4095,2382,4095,8.332,-1.743,-4.602,-0.212,0.014,0.016,SUPER
4095,3414,4095,8.068,-1.518,-4.755,-0.161,0.072,-0.025,SUPER
4095,3191,4095,8.035,-1.448,-4.707,-0.108,0.176,-0.017,SUPER
4095,2626,4095,8.248,-1.571,-4.559,-0.022,0.221,-0.035,SUPER
4095,2145,4095,8.418,-1.726,-4.487,0.075,0.202,-0.12,SUPER
4095,2465,4095,8.504,-1.666,-4.441,0.156,0.182,-0.217,SUPER
4095,3031,4095,8.447,-1.47,-4.439,0.209,0.207,-0.277,SUPER
4095,1946,4085,8.504,-1.257,-4.266,0.23,0.24,-0.27,SUPER
4095,3242,4095,8.796,-1.19,-4.01,0.261,0.205,-0.224,SUPER
4095,3027,4095,8.969,-1.257,-3.847,0.298,0.112,-0.147,SUPER
4080,4095,4095,9.064,-1.463,-3.828,0.335,0.03,-0.12,SUPER
4095,3565,4095,9.012,-1.791,-3.833,0.396,0.021,-0.143,SUPER
4071,4095,4095,9.136,-2.272,-3.797,0.439,0.073,-0.24,SUPER
4095,4095,4095,9.407,-2.483,-3.642,0.441,0.034,-0.351,SUPER
4095,4095,4095,9.215,-2.322,-3.642,0.403,-0.059,-0.375,SUPER
3979,0,3797,7.731,-1.171,-6.342,0.11,-0.507,-0.191,SUPER
4095,1115,4095,7.379,-1.044,-6.706,0.139,-0.539,-0.353,SUPER
3276,3423,3507,6.974,-0.819,-6.747,0.116,-0.456,-0.355,SUPER
3603,1104,3563,6.912,-0.769,-6.721,0.083,-0.395,-0.284,SUPER
4095,3519,4095,6.917,-0.781,-6.656,0.048,-0.427,-0.18,SUPER
2978,1329,3780,7.051,-0.982,-6.644,0.018,-0.487,-0.099,SUPER
4095,1680,4067,7.049,-1.142,-6.737,0.004,-0.54,-0.114,SUPER
3342,3173,4095,6.809,-1.204,-6.941,0.023,-0.508,-0.218,SUPER
4095,803,3113,6.73,-1.168,-6.96,0.006,-0.486,-0.339,SUPER
3765,4095,4095,6.519,-0.85,-6.941,0.007,-0.502,-0.412,SUPER
3472,355,3495,6.342,-0.572,-7.07,0.014,-0.515,-0.372,SUPER
4095,4095,4095,6.268,-0.558,-7.166,0.006,-0.521,-0.313,SUPER
3303,727,3949,6.16,-0.4,-7.357,0.002,-0.5,-0.279,SUPER
4095,2422,3981,6.189,-0.405,-7.429,-0.009,-0.416,-0.242,SUPER
3787,3691,4095,6.28,-0.369,-7.391,-0.021,-0.344,-0.235,SUPER
4095,3519,4095,6.282,-0.235,-7.302,-0.027,-0.381,-0.218,SUPER
3247,2103,4095,6.378,-0.362,-7.372,0.003,-0.424,-0.25,SUPER
4095,2206,4095,6.28,-0.311,-7.556,0.026,-0.415,-0.372,SUPER
3250,2072,3555,6.026,-0.089,-7.712,0.022,-0.34,-0.434,SUPER
4095,1475,3514,5.916,0.11,-7.578,0.009,-0.273,-0.398,SUPER
3648,3921,4095,5.945,0.148,-7.468,0.019,-0.258,-0.363,SUPER
3834,75,3323,5.983,0.182,-7.515,0.04,-0.287,-0.349,SUPER
3265,2404,4095,5.921,0.201,-7.728,0.058,-0.27,-0.351,SUPER
4095,971,3328,6.053,0.141,-7.659,0.056,-0.191,-0.37,SUPER
3371,3714,4095,6.167,0.225,-7.503,0.083,-0.165,-0.455,SUPER
3535,0,3183,6.223,0.436,-7.367,0.118,-0.243,-0.469,SUPER
4044,3936,4095,6.314,0.551,-7.274,0.179,-0.361,-0.465,SUPER
3692,1510,4048,6.309,0.548,-7.403,0.271,-0.463,-0.456,SUPER
3551,2634,4095,6.242,0.472,-7.664,0.345,-0.479,-0.443,SUPER
3875,2129,3459,6.227,0.338,-7.635,0.362,-0.486,-0.48,SUPER
3847,2899,4095,6.179,0.359,-7.479,0.413,-0.588,-0.54,SUPER
3807,1685,3472,5.978,0.462,-7.611,0.475,-0.749,-0.532,SUPER
4095,3191,3690,5.71,0.175,-8.08,0.487,-0.774,-0.452,SUPER
4095,2859,4095,5.531,-0.067,-8.468,0.466,-0.596,-0.46,SUPER
3037,1398,3899,5.279,-0.017,-8.358,0.361,-0.414,-0.425,SUPER
4095,2701,3972,5.198,0.165,-8.054,0.298,-0.351,-0.274,SUPER
3177,3089,4095,5.265,0,-7.74,0.332,-0.408,-0.131,SUPER
4095,2559,3921,5.284,-0.285,-7.822,0.402,-0.516,-0.076,SUPER
3314,986,3577,5.009,-0.35,-8.317,0.467,-0.524,-0.062,SUPER
4095,3350,4048,4.92,-0.464,-8.631,0.415,-0.388,-0.042,SUPER
3291,1478,3504,4.855,-0.345,-8.37,0.343,-0.311,-0.03,SUPER
4095,2094,3712,4.903,-0.153,-8.162,0.306,-0.343,0.06,SUPER
3642,3424,4095,4.987,-0.237,-7.997,0.323,-0.45,0.16,SUPER
4095,3682,4095,4.985,-0.582,-8.169,0.418,-0.519,0.142,SUPER
3473,1736,3992,4.831,-0.716,-8.495,0.474,-0.464,0.056,SUPER
4095,1991,3267,4.676,-0.807,-8.478,0.476,-0.379,0.022,SUPER
3508,3468,4095,4.597,-0.915,-8.344,0.469,-0.356,0.039,SUPER
4095,2480,4095,4.547,-1.14,-8.313,0.448,-0.382,0.094,SUPER
3983,1913,3922,4.463,-1.686,-8.442,0.444,-0.363,0.09,SUPER
3769,1953,3939,4.302,-2.181,-8.425,0.424,-0.293,0.016,SUPER
3985,2321,4095,4.231,-2.703,-8.406,0.361,-0.217,-0.061,SUPER
4095,2315,4064,4.089,-2.78,-8.26,0.227,-0.205,-0.086,SUPER
3903,2963,4095,3.984,-2.593,-8.255,0.098,-0.249,0.017,SUPER
3321,3292,4095,3.994,-2.653,-8.428,-0.014,-0.254,0.113,SUPER
4095,975,3158,3.946,-2.698,-8.583,-0.108,-0.176,0.103,SUPER
4092,4095,4095,3.965,-2.531,-8.698,-0.203,-0.012,0.055,SUPER
3067,320,3884,4.142,-2.162,-8.37,-0.298,0.075,0.02,SUPER
4095,3712,3731,4.345,-1.851,-8.212,-0.348,0.016,0.03,SUPER
4095,1664,4095,4.424,-1.561,-8.394,-0.366,-0.055,0.017,SUPER
4085,3179,4095,4.513,-1.3,-8.677,-0.372,-0.023,-0.015,SUPER
3683,0,3283,4.606,-0.84,-8.622,-0.385,0.069,-0.077,SUPER
4095,3562,4095,4.662,-0.383,-8.497,-0.373,0.076,-0.086,SUPER
2915,1506,3803,4.712,0.067,-8.42,-0.333,-0.008,-0.032,SUPER
3561,2969,4095,4.827,0.172,-8.401,-0.237,-0.092,0.013,SUPER
3782,1117,3417,4.808,0.227,-8.712,-0.131,-0.111,-0.021,SUPER
4095,1927,4095,4.7,0.287,-8.866,-0.058,-0.024,-0.043,SUPER
3265,1058,3455,4.702,0.247,-8.595,0.001,0.023,-0.018,SUPER
4095,1995,3635,4.733,0.124,-8.437,0.05,-0.039,0.061,SUPER
4095,623,3743,4.714,-0.223,-8.516,0.099,-0.104,0.148,SUPER
4095,1698,3978,4.745,-0.843,-8.471,0.146,-0.115,0.148,SUPER
4095,1189,3514,4.724,-1.434,-8.499,0.177,-0.1,0.035,SUPER
4095,2899,4095,4.506,-1.535,-8.43,0.164,-0.077,-0.037,SUPER
3835,1861,4077,4.458,-1.602,-8.277,0.119,-0.12,-0.006,SUPER
4095,1223,3792,4.484,-1.757,-8.248,0.093,-0.187,0.039,SUPER
4095,2892,4006,4.42,-1.887,-8.478,0.074,-0.202,0.024,SUPER
3630,2412,2440,7.518,-5.219,-4.209,-0.243,-0.013,-0.066,SUPER
3700,2842,3692,6.917,-5.148,-3.953,-0.392,0.339,0.009,SUPER
3466,1535,3406,8.176,-5.497,-3.309,-0.421,0.374,-0.088,SUPER
4095,2109,4095,8.964,-5.049,-3.12,-0.459,-0.036,-0.083,SUPER
3345,1950,3991,8.078,-4.69,-3.666,-0.533,-0.306,0.053,SUPER
3136,519,4095,7.786,-4.805,-4.106,-0.591,-0.186,0.055,SUPER
4095,1686,3721,7.489,-4.415,-4.197,-0.631,-0.077,0.015,SUPER
3728,2127,4053,7.499,-4.233,-4.377,-0.617,0.028,0.002,SUPER
3619,1281,4095,7.47,-4.08,-4.403,-0.595,0.055,-0.046,SUPER
4095,3137,4091,7.46,-3.922,-4.506,-0.543,0.069,-0.103,SUPER
4095,1783,3743,7.484,-3.761,-4.506,-0.494,0.126,-0.154,SUPER
3178,1984,4022,7.626,-3.524,-4.539,-0.468,0.193,-0.187,SUPER
4095,1459,3306,7.724,-3.187,-4.391,-0.471,0.222,-0.133,SUPER
3353,3265,4095,7.894,-3.029,-4.264,-0.46,0.204,-0.034,SUPER
3990,0,3313,8.145,-3.16,-4.209,-0.412,0.186,-0.005,SUPER
3158,2320,3694,8.339,-3.239,-4.12,-0.346,0.177,-0.074,SUPER
4095,2322,3374,8.368,-2.957,-4.027,-0.288,0.149,-0.123,SUPER
3492,2651,4095,8.394,-2.828,-4.034,-0.234,0.091,-0.086,SUPER
4095,639,3442,8.37,-2.861,-4.049,-0.183,0.035,-0.028,SUPER
4051,3215,4095,8.349,-2.875,-4.149,-0.165,-0.003,0.027,SUPER
4004,2953,3799,8.363,-2.784,-4.602,-0.176,-0.05,0.12,SUPER
3545,1695,4051,8.339,-2.825,-4.159,-0.148,-0.14,0.219,SUPER
4095,1011,3453,8.43,-3.031,-4.104,-0.079,-0.182,0.274,SUPER
3946,2005,4095,8.437,-3.156,-4.034,-0.014,-0.249,0.243,SUPER
3729,1570,3724,8.358,-2.942,-4.027,0.016,-0.355,0.262,SUPER
4079,3070,4081,8.294,-2.89,-3.9,0.034,-0.52,0.434,SUPER
4095,2127,4095,8.286,-3.177,-4.063,0.041,-0.712,0.617,SUPER
3662,784,4095,7.966,-3.424,-4.286,0.045,-0.805,0.738,SUPER
4095,2086,3712,7.736,-3.699,-4.506,0.042,-0.782,0.82,SUPER
3315,1717,4010,7.673,-4.104,-4.654,0.008,-0.746,0.823,SUPER
4095,2105,3843,7.46,-4.235,-4.678,0.011,-0.707,0.8,SUPER
3575,1679,3815,7.338,-4.537,-4.748,0.078,-0.648,0.727,SUPER
4095,3967,4095,7.252,-4.69,-4.853,0.116,-0.575,0.6,SUPER
3509,1514,3526,7.015,-4.86,-4.896,0.179,-0.465,0.435,SUPER
4095,3019,3547,6.979,-5.03,-4.925,0.232,-0.363,0.25,SUPER
3121,3323,4095,6.993,-5.289,-4.903,0.268,-0.331,0.082,SUPER
4095,3733,4095,6.756,-5.083,-4.958,0.261,-0.335,-0.006,SUPER
3455,2217,3611,6.555,-4.942,-5.035,0.204,-0.302,0.069,SUPER
4095,2382,4065,6.594,-5.181,-4.956,0.177,-0.24,0.131,SUPER
3352,3116,4095,6.749,-5.598,-4.911,0.185,-0.221,0.083,SUPER
3943,95,3190,6.79,-5.799,-4.86,0.193,-0.221,-0.063,SUPER
4095,4095,4095,6.577,-5.595,-5.021,0.184,-0.219,-0.193,SUPER
4095,3018,4095,6.337,-5.107,-5.164,0.117,-0.18,-0.143,SUPER
4094,1370,3989,6.354,-5.021,-5.193,0.032,-0.137,0.029,SUPER
4095,2109,3578,6.591,-5.464,-5.016,0.004,-0.111,0.091,SUPER
3810,1955,4094,6.788,-5.722,-4.946,0.016,-0.1,-0.022,SUPER
3854,887,3071,6.783,-5.686,-4.906,0.047,-0.104,-0.205,SUPER
3975,0,3279,6.687,-5.385,-4.908,0.085,-0.108,-0.352,SUPER
3785,4095,4095,6.474,-5.059,-5.155,0.069,-0.084,-0.382,SUPER
4058,138,3840,6.285,-4.681,-5.27,-0.034,-0.022,-0.207,SUPER
4095,3362,3943,6.438,-4.798,-5.126,-0.147,0.036,0.077,SUPER
3928,2338,4095,6.833,-5.351,-4.896,-0.198,0.056,0.176,SUPER
3964,4095,4095,7.051,-5.59,-4.822,-0.191,0.035,0.042,SUPER
3574,1684,3505,6.879,-5.346,-4.834,-0.181,0.035,-0.105,SUPER
4095,4095,4095,6.809,-5.114,-4.922,-0.194,0.043,-0.143,SUPER
3472,1584,3460,6.701,-4.798,-4.999,-0.234,0.08,-0.07,SUPER
4095,3511,4035,6.871,-4.889,-4.884,-0.266,0.112,0.026,SUPER
3120,3256,4095,7.049,-5.049,-4.767,-0.278,0.118,0.036,SUPER
4095,3844,4095,7.192,-5.181,-4.748,-0.266,0.112,-0.023,SUPER
3403,2159,3611,7.221,-5.035,-4.769,-0.269,0.076,-0.095,SUPER
4095,2785,4027,7.087,-4.683,-4.884,-0.294,0.059,-0.102,SUPER
3583,2147,4048,6.967,-4.401,-4.978,-0.331,0.084,-0.015,SUPER
4095,1856,3643,7.056,-4.386,-4.966,-0.348,0.112,0.068,SUPER
4095,2387,3817,7.195,-4.381,-4.934,-0.341,0.103,0.06,SUPER
4095,2903,4095,7.187,-4.319,-4.846,-0.293,0.063,0.001,SUPER
4095,1405,3953,7.204,-4.18,-4.927,-0.234,0.005,-0.041,SUPER
4095,2687,3583,7.118,-4.044,-5.04,-0.205,-0.037,-0.029,SUPER
3555,2368,4095,7.029,-3.984,-5.186,-0.203,-0.035,0.01,SUPER
3336,2912,4095,7.01,-3.946,-5.217,-0.199,0.011,0.04,SUPER
4095,1488,3958,7.082,-4.034,-5.033,-0.165,0.03,0.038,SUPER
3399,3094,3805,7.168,-4.164,-5.006,-0.111,0.021,0.006,SUPER
4095,965,3736,7.192,-4.166,-5.023,-0.06,0.001,-0.041,SUPER
3980,2175,4095,7.092,-4.068,-5.009,-0.041,0.001,-0.047,SUPER
4095,499,3088,7.056,-4.154,-4.824,-0.028,0.003,-0.019,SUPER
3151,2959,4095,7.345,-4.42,-5.567,0,0.041,-0.011,SUPER
4095,2225,3632,7.865,-3.311,-4.939,-0.032,-0.026,-0.047,SUPER
3266,3389,3898,7.776,-3.163,-4.894,-0.04,-0.021,-0.032,SUPER
3324,1167,4095,7.815,-3.22,-4.843,-0.048,-0.048,0.011,SUPER
4095,1582,3222,7.913,-3.247,-4.803,-0.048,-0.113,0.032,SUPER
4095,1727,3625,7.966,-3.383,-4.884,-0.035,-0.125,0.025,SUPER
4095,511,3817,7.86,-3.342,-4.839,-0.03,-0.083,-0.022,SUPER
4095,800,3938,7.836,-3.314,-4.803,-0.038,-0.1,-0.018,SUPER
3152,847,4095,7.875,-3.361,-4.87,-0.053,-0.161,0.006,SUPER
4086,2595,3793,7.805,-3.328,-4.887,-0.068,-0.19,0.037,SUPER
4095,3056,4095,7.791,-3.412,-4.949,-0.064,-0.158,0.041,SUPER
4087,3904,3939,7.76,-3.445,-4.966,-0.064,-0.115,-0.007,SUPER
4065,3513,4095,7.717,-3.402,-4.99,-0.057,-0.078,-0.033,SUPER
4032,4095,4095,7.7,-3.292,-4.97,-0.073,-0.08,-0.032,SUPER
4057,4095,4095,7.671,-3.247,-4.973,-0.085,-0.083,0.02,SUPER
3949,3562,4095,7.8,-3.29,-4.942,-0.094,-0.111,0.037,SUPER
4055,4095,4095,7.721,-3.294,-5.03,-0.094,-0.107,0.031,SUPER
4062,3227,4095,7.64,-3.292,-5.085,-0.083,-0.034,0.001,SUPER
4095,3107,4095,7.659,-3.215,-5.028,-0.081,0.011,-0.007,SUPER
4095,1535,4050,7.769,-3.136,-4.958,-0.088,-0.031,0.016,SUPER
4095,2723,4095,7.8,-3.108,-4.968,-0.083,-0.07,0.055,SUPER
4095,2974,4080,7.829,-3.239,-4.949,-0.083,-0.069,0.053,SUPER
4095,2349,4075,7.913,-3.266,-4.927,-0.052,-0.095,0.005,SUPER
4080,1633,4093,7.867,-3.275,-4.987,-0.026,-0.086,-0.054,SUPER
4095,1657,4095,7.676,-3.134,-5.064,-0.034,-0.066,-0.046,SUPER
4095,2559,4095,7.721,-3.261,-5.078,-0.063,-0.075,-0.009,SUPER
4095,1449,4065,7.86,-3.472,-5.042,-0.095,-0.079,-0.048,SUPER
4095,2608,4095,7.834,-3.438,-4.879,-0.106,-0.13,-0.156,SUPER
4095,2478,4095,7.642,-3.108,-4.968,-0.033,-0.14,-0.191,SUPER
4079,3458,4095,7.544,-3.033,-5.095,-0.011,-0.073,-0.122,SUPER
4086,2807,4095,7.654,-3.031,-5.073,-0.034,-0.028,-0.039,SUPER
4009,3108,4095,7.781,-3.163,-5.021,-0.064,-0.033,0.019,SUPER
3919,4095,4095,7.949,-3.316,-4.999,-0.082,-0.043,-0.003,SUPER
4095,3648,4095,7.887,-3.251,-4.966,-0.073,-0.039,-0.029,SUPER
4095,3888,4095,7.863,-3.139,-4.896,-0.053,-0.052,-0.05,SUPER
4095,3583,4095,7.87,-3.127,-4.958,-0.041,-0.071,-0.036,SUPER
4095,4095,4095,7.81,-3.139,-4.999,-0.049,-0.092,-0.023,SUPER
4095,3715,4095,7.748,-3.187,-5.064,-0.057,-0.079,-0.01,SUPER
4095,2516,4095,7.757,-3.163,-4.999,-0.057,-0.064,-0.021,SUPER
4095,3520,4095,7.812,-3.156,-5.033,-0.051,-0.078,-0.025,SUPER
4095,2469,3990,7.776,-3.136,-5.052,-0.056,-0.082,-0.007,SUPER
4095,2470,4095,7.75,-3.201,-5.088,-0.07,-0.064,-0.01,SUPER
4095,1727,4095,7.709,-3.117,-5.076,-0.075,-0.023,-0.013,SUPER
4095,2797,4095,7.745,-3.11,-5.061,-0.079,-0.018,-0.015,SUPER
4095,1669,4087,7.717,-3.055,-5.018,-0.065,0.001,-0.004,SUPER
4069,1360,4095,7.817,-3.098,-4.975,-0.054,-0.004,-0.007,SUPER
3922,240,4095,7.829,-3.038,-5.009,-0.053,-0.014,0.002,SUPER
4034,1471,4095,7.858,-3.124,-4.999,-0.067,-0.021,0.008,SUPER
4079,2117,4095,7.92,-3.103,-4.973,-0.068,-0.022,-0.008,SUPER
4010,1806,4095,7.882,-3.053,-4.942,-0.055,-0.02,-0.014,SUPER
3950,2939,4095,7.927,-3.1,-4.913,-0.059,-0.006,-0.014,SUPER
4029,2672,4092,7.968,-2.983,-4.87,-0.069,-0.066,0.002,SUPER
4016,3086,4080,8.028,-3.163,-4.954,-0.08,-0.119,0.019,SUPER
4095,3059,4095,7.863,-2.986,-4.944,-0.078,-0.094,0.001,SUPER
4095,4073,4095,7.906,-3.108,-4.92,-0.063,-0.038,0.002,SUPER
4095,3759,4048,7.87,-3.019,-4.934,-0.064,-0.034,-0.022,SUPER
4037,2663,4095,7.891,-3.084,-4.925,-0.067,-0.059,-0.006,SUPER
4095,4095,4095,7.877,-3.112,-4.961,-0.062,-0.07,-0.006,SUPER
4095,3216,4076,7.877,-3.112,-4.975,-0.054,-0.091,-0.024,SUPER
4095,3056,4095,7.781,-3.012,-5.095,-0.064,-0.067,-0.023,SUPER
3886,1584,3987,7.743,-3,-5.076,-0.091,-0.028,0.019,SUPER
4095,2911,4095,7.894,-3.108,-4.951,-0.106,-0.039,0.045,SUPER
4095,2790,4095,7.961,-3.069,-4.911,-0.099,-0.078,0.031,SUPER
4051,2431,4095,7.91,-3.014,-4.954,-0.08,-0.114,0.014,SUPER
4095,1921,4095,7.906,-3.002,-4.992,-0.061,-0.082,0.007,SUPER
4094,1743,4095,7.882,-3.026,-4.954,-0.061,-0.052,-0.008,SUPER
4095,2501,4095,7.934,-3.019,-4.951,-0.077,-0.083,-0.009,SUPER
4095,1413,4095,7.92,-2.966,-4.944,-0.078,-0.143,0.018,SUPER
4095,2675,4095,7.807,-3.043,-5.059,-0.051,-0.116,0.025,SUPER
4039,2253,4095,7.807,-3.115,-5.011,-0.039,-0.064,-0.021,SUPER
4066,2735,4048,7.807,-3.093,-5.028,-0.053,-0.085,-0.041,SUPER
4095,2559,4095,7.748,-3.081,-5.114,-0.08,-0.098,-0.011,SUPER
4095,3504,4095,7.676,-3.036,-5.124,-0.103,-0.07,0.009,SUPER
4095,4095,4095,7.819,-3.139,-4.954,-0.085,-0.077,-0.001,SUPER
4095,3792,3953,7.855,-3.06,-5.025,-0.054,-0.075,-0.034,SUPER
4062,3974,4095,7.8,-2.95,-5.1,-0.074,-0.088,-0.044,SUPER
3873,2000,4095,1.556,-7.13,-7.427,-0.653,0.863,3.06,SUPER
4066,1989,3870,1.499,-7.69,-7.525,-0.602,0.892,2.14,SUPER
4076,2737,4095,0.855,-6.704,-8.03,-0.432,1.162,1.181,SUPER
3969,2121,4095,0.294,-5.483,-8.622,-0.254,1.587,0.507,SUPER
3539,2802,3838,-0.105,-3.788,-9.22,-0.106,2.124,0.37,SUPER
3792,2977,3999,0.512,-3.883,-9.541,0.221,2.53,0.751,SUPER
3878,3660,4015,1.161,-3.926,-8.796,0.639,2.615,1.238,SUPER
3983,2559,4095,1.707,-4.602,-8.088,1.224,2.525,1.678,SUPER
4095,3552,4095,2.042,-6.072,-7.554,1.766,2.37,1.89,SUPER
4095,4095,4095,1.721,-6.756,-6.864,2.152,2.457,1.961,SUPER
4095,4095,4095,1.769,-7.159,-4.803,2.388,2.56,2.06,SUPER
4066,3677,4095,1.93,-7.096,-2.435,2.603,2.277,2.203,SUPER
4095,3277,4043,2.143,-7.465,-1.326,2.848,1.927,2.405,SUPER
4095,3151,3929,1.961,-8.674,-0.795,3.007,1.852,2.341,SUPER
4095,2368,4000,1.82,-9.407,-0.225,3.059,1.974,2.172,SUPER
4095,2906,4095,2.071,-9.685,0.462,2.911,2.114,2.044,SUPER
4035,2797,4031,2.919,-10.489,1.264,2.745,2.117,1.888,SUPER
3919,2807,3909,3.833,-11.511,1.99,2.564,2.002,1.383,SUPER
4095,2128,4023,4.496,-12.385,2.009,2.532,1.819,0.49,SUPER
4095,2223,4095,3.539,-10.922,1.283,2.242,1.758,-0.133,SUPER
4095,2875,4095,2.761,-9.009,1.317,1.641,1.743,0.29,SUPER
3920,2287,4042,3.553,-9.572,1.733,1.251,1.679,0.92,SUPER
4095,2512,4082,5.066,-11.234,2.346,1.106,1.414,0.701,SUPER
4095,2523,4095,5.717,-12.005,2.466,1.154,1.022,-0.286,SUPER
4095,3713,4095,4.393,-10.585,1.901,1.158,0.766,-1.322,SUPER
4095,2544,4095,2.543,-7.523,1.113,0.817,0.731,-1.183,SUPER
4095,2528,4095,2.148,-6.656,1.633,0.356,0.798,-0.087,SUPER
4095,2918,4095,3.086,-7.594,2.538,0.072,0.631,0.958,SUPER
4095,3440,4071,3.91,-9.416,2.765,0.043,0.307,1.183,SUPER
4095,3710,4095,4.032,-10.604,2.61,0.146,0.074,0.614,SUPER
4095,2832,4095,3.376,-10.585,2.241,0.253,0.021,-0.216,SUPER
4095,3962,4095,2.215,-9.311,1.98,0.292,0.021,-0.627,SUPER
4095,2788,4070,1.63,-8.258,1.908,0.221,0.004,-0.336,SUPER
4043,3484,3990,1.776,-8.48,2.052,0.159,-0.045,0.113,SUPER
4095,2830,4095,2.33,-9.421,2.1,0.175,-0.176,0.196,SUPER
4079,3216,4059,2.409,-10.204,1.865,0.278,-0.272,-0.172,SUPER
3903,2358,4095,0.946,-8.638,1.027,0.264,-0.212,-0.388,SUPER
3831,2143,4095,0.323,-8.04,1.226,0.192,0,0.142,SUPER
4095,2501,4095,1.245,-9.258,1.611,0.186,0.124,0.534,SUPER
4095,2256,4095,1.863,-10.089,2.045,0.267,0.116,0.364,SUPER
4090,1974,4033,2.157,-10.508,2.234,0.393,0.059,-0.095,SUPER
4095,1563,4095,2.09,-10.463,2.272,0.516,0.008,-0.663,SUPER
3895,2026,4095,1.484,-9.244,2.274,0.527,0.015,-0.797,SUPER
4081,2687,4095,1.446,-8.763,2.337,0.481,0.082,-0.492,SUPER
4081,1942,3998,1.997,-9.026,2.784,0.387,0.119,-0.17,SUPER
4095,3071,4095,2.373,-9.292,3.144,0.35,0.094,-0.044,SUPER
4095,3059,4080,2.72,-9.766,3.371,0.391,0.06,-0.149,SUPER
4095,4038,4095,3.01,-10.163,3.622,0.402,-0.077,-0.487,SUPER
4095,3055,4095,2.789,-9.608,3.843,0.414,-0.29,-0.851,SUPER
4091,4095,4095,2.437,-8.897,3.524,0.424,-0.449,-0.937,SUPER
4095,4095,4095,2.033,-8.332,3.108,0.389,-0.352,-0.772,SUPER
4095,4095,4095,2.093,-8.337,3.1,0.29,-0.146,-0.444,SUPER
4095,4095,4095,2.263,-8.411,3.275,0.174,-0.027,-0.189,SUPER
4095,4095,4095,2.799,-8.983,3.677,0.154,-0.003,-0.114,SUPER
4083,4095,4095,3,-9.199,3.747,0.201,-0.023,-0.3,SUPER
4074,3888,4095,2.904,-9.043,3.546,0.271,0.045,-0.472,SUPER
4095,3808,4095,2.911,-9.002,3.383,0.251,0.171,-0.561,SUPER
4095,3312,4095,2.818,-8.667,3.85,0.207,0.204,-0.519,SUPER
4095,3398,4095,3.074,-8.677,4.159,0.158,0.112,-0.391,SUPER
3908,2471,4095,3.287,-8.674,4.262,0.152,-0.016,-0.284,SUPER
4095,2480,4095,3.409,-8.902,4.118,0.128,-0.111,-0.222,SUPER
4095,3349,4095,3.383,-8.95,3.998,0.093,-0.109,-0.283,SUPER
4095,2557,4016,3.467,-8.892,3.95,0.07,-0.057,-0.38,SUPER
4095,3042,4023,3.558,-8.643,3.986,0.063,-0.037,-0.475,SUPER
4095,3203,4032,3.419,-8.255,3.807,0.059,-0.033,-0.472,SUPER
4051,4095,4095,3.369,-8.131,3.584,0.05,0.09,-0.397,SUPER
3921,3622,4095,3.587,-8.114,3.836,0.048,0.165,-0.346,SUPER
4095,4095,4095,3.843,-8.131,4.041,0.059,0.077,-0.321,SUPER
4042,4095,4095,3.838,-8.159,3.862,0.063,0.001,-0.285,SUPER
4030,4095,4095,3.812,-8.277,3.821,0.045,0.022,-0.256,SUPER
3985,4095,4095,3.912,-8.236,3.934,0.05,0.072,-0.231,SUPER
4095,3798,4095,4.183,-8.43,4.24,0.046,0.046,-0.24,SUPER
4083,4095,4095,4.192,-8.262,4.305,0.029,-0.102,-0.242,SUPER
4095,3184,4095,4.329,-8.466,4.247,0.062,-0.175,-0.229,SUPER
4095,3759,4095,4.365,-8.543,4.077,0.103,-0.147,-0.347,SUPER
3487,2686,3635,0.965,-6.936,-6.577,-0.049,0.023,-0.08,SUPER
3506,1759,4095,0.836,-6.776,-6.637,-0.021,-0.001,-0.005,SUPER
3583,303,3534,0.821,-6.783,-6.742,0.002,0.003,0.102,SUPER
4095,2908,4095,0.996,-6.984,-6.567,0.048,0.037,0.093,SUPER
4095,2646,3789,1.109,-7.14,-6.369,0.033,-0.01,0.058,SUPER
4036,3216,3428,1.19,-7.254,-6.371,-0.052,-0.124,0.036,SUPER
3181,1842,3967,0.919,-7.142,-6.814,-0.075,-0.134,-0.001,SUPER
4095,1794,4095,0.807,-6.955,-6.905,-0.079,0.005,0.043,SUPER
3759,2631,3756,1.204,-7.216,-6.409,-0.067,0.083,0.023,SUPER
3479,2103,4046,1.733,-7.671,-5.701,-0.099,-0.111,-0.151,SUPER
4095,1790,4095,1.573,-7.484,-5.861,-0.128,-0.438,-0.423,SUPER
3770,3384,4095,0.414,-6.488,-7.209,-0.137,-0.438,-0.402,SUPER
3813,2991,4091,-0.122,-6.146,-7.52,-0.043,0.003,-0.051,SUPER
4095,0,3082,0.831,-6.986,-6.44,0.053,0.256,0.177,SUPER
4038,2375,4095,1.745,-7.772,-5.564,-0.013,0.018,0.028,SUPER
4095,1509,3671,1.444,-7.424,-6.079,-0.096,-0.26,-0.238,SUPER
3600,2372,3277,0.716,-6.936,-7.089,-0.084,-0.138,-0.323,SUPER
3071,1767,4095,0.453,-6.718,-7.228,-0.024,0.152,-0.273,SUPER
4095,447,3979,0.97,-7.077,-6.5,-0.053,0.327,-0.195,SUPER
4095,3344,3925,1.726,-7.221,-5.617,-0.139,0.136,-0.223,SUPER
3607,1917,4047,1.487,-6.819,-6.12,-0.103,-0.096,-0.247,SUPER
4095,544,3721,1.006,-6.402,-6.888,0.034,-0.038,-0.123,SUPER
4095,3286,3712,1.101,-6.713,-6.895,0.112,0.186,0.048,SUPER
4020,2442,3888,1.767,-7.333,-6.254,0.054,0.249,0.042,SUPER
4095,4095,3664,1.987,-7.508,-5.935,-0.118,-0.002,-0.129,SUPER
3487,2983,4095,1.561,-7.245,-6.493,-0.186,-0.148,-0.285,SUPER
4071,2545,3795,1.044,-6.888,-6.931,-0.113,-0.05,-0.327,SUPER
3854,3186,3344,1.087,-6.759,-6.766,-0.088,0.133,-0.226,SUPER
3044,2503,3996,1.475,-6.821,-6.239,-0.091,0.128,-0.131,SUPER
4095,2144,4095,1.618,-6.843,-6.093,-0.094,0.015,-0.031,SUPER
4095,4095,3653,1.566,-6.838,-6.369,-0.068,-0.053,0.064,SUPER
3473,2714,4095,1.626,-7.017,-6.637,-0.009,-0.015,0.086,SUPER
3945,1772,3983,1.729,-7.089,-6.651,0.003,0.081,0.02,SUPER
4095,4095,4007,1.908,-7.075,-6.328,-0.051,0.056,-0.052,SUPER
4048,2071,3851,1.714,-6.78,-6.409,-0.088,0.025,-0.02,SUPER
3959,1957,3822,1.7,-6.788,-6.474,-0.073,0.022,0.09,SUPER
3827,1088,4095,1.817,-6.996,-6.376,-0.022,0.027,0.112,SUPER
3727,2475,3905,2.002,-7.18,-6.213,0.001,-0.003,0.029,SUPER
3541,2023,3414,2.009,-7.113,-6.053,-0.033,-0.145,-0.042,SUPER
3286,2027,4095,1.769,-6.934,-6.366,-0.069,-0.251,-0.027,SUPER
4095,2427,3943,1.504,-6.943,-6.752,-0.065,-0.218,0.045,SUPER
3409,4095,3953,1.446,-7.041,-6.809,-0.012,-0.063,0.071,SUPER
4015,2154,3410,1.602,-7.252,-6.539,-0.002,0.035,0.023,SUPER
4095,4095,4095,1.717,-7.25,-6.218,-0.061,-0.002,-0.022,SUPER
2887,2176,4095,1.568,-7.175,-6.393,-0.092,-0.055,-0.042,SUPER
3856,4095,4095,1.439,-7.025,-6.476,-0.115,-0.038,-0.015,SUPER
3177,4095,3765,1.453,-6.955,-6.481,-0.101,-0.004,0.007,SUPER
4095,4095,4095,1.604,-6.898,-6.395,-0.081,0.033,0.005,SUPER
4095,2009,3071,1.738,-6.922,-6.246,-0.049,0.018,-0.006,SUPER
4095,2684,4095,1.647,-6.819,-6.378,-0.035,0.001,-0.006,SUPER
3425,1844,3413,1.765,-6.938,-6.359,-0.047,0.006,0.046,SUPER
4095,2235,3287,1.791,-7.053,-6.455,-0.054,0.024,0.047,SUPER
3616,2794,4095,1.872,-7.111,-6.402,-0.07,0.043,0.021,SUPER
4095,1108,3472,1.942,-7.068,-6.302,-0.06,0.026,-0.05,SUPER
3919,2539,4095,1.851,-6.962,-6.297,-0.046,0.012,-0.081,SUPER
4095,1444,3766,1.879,-6.924,-6.323,-0.057,-0.029,-0.041,SUPER
4095,2797,4095,1.805,-6.888,-6.5,-0.058,-0.05,0.009,SUPER
3776,2816,3819,1.76,-6.96,-6.527,-0.043,-0.014,0.052,SUPER
4095,1242,3989,1.865,-7.065,-6.464,-0.027,0.018,0.039,SUPER
3648,1485,3700,1.927,-7.075,-6.369,-0.027,0.005,-0.006,SUPER
4054,3317,4095,1.815,-7.106,-6.414,-0.051,-0.03,-0.036,SUPER
3189,1788,3836,1.671,-6.914,-6.438,-0.085,-0.06,-0.007,SUPER
4095,2246,3712,1.652,-6.965,-6.524,-0.07,-0.033,0.052,SUPER
3583,3761,4095,1.784,-7.001,-6.474,-0.046,0.009,0.042,SUPER
4095,2320,3583,1.798,-7.022,-6.388,-0.033,0.029,0.006,SUPER
3280,2852,4095,1.832,-6.97,-6.304,-0.03,0.03,-0.029,SUPER
3646,963,3695,1.92,-6.898,-6.266,-0.035,-0.013,-0.042,SUPER
4095,3303,4095,1.844,-6.812,-6.361,-0.042,-0.041,-0.002,SUPER
3608,1023,4071,1.851,-6.974,-6.44,-0.049,-0.038,0.054,SUPER
4095,2050,4095,1.865,-7.07,-6.491,-0.037,0.017,0.034,SUPER
4095,3051,3419,1.939,-7.053,-6.431,-0.029,0.062,-0.022,SUPER
3643,3490,4095,1.949,-6.931,-6.337,-0.03,0.064,-0.07,SUPER
3959,1629,3333,1.867,-6.814,-6.373,-0.024,0.044,-0.06,SUPER
4095,2427,4095,1.867,-6.816,-6.323,-0.044,0.015,0.033,SUPER
3389,2780,3879,1.956,-6.989,-6.325,-0.021,-0.009,0.098,SUPER
3599,1344,3459,3.091,-6.78,-6,-0.011,-0.144,-0.091,SUPER
3520,4095,4095,3.12,-6.732,-6,0.006,-0.151,-0.06,SUPER
3678,69,3788,3.141,-6.778,-5.997,0.029,-0.156,-0.042,SUPER
3766,3184,4095,3.163,-6.759,-6,0.052,-0.165,-0.063,SUPER
3770,2372,3643,3.057,-6.706,-5.976,0.068,-0.162,-0.063,SUPER
4095,3024,4095,3.055,-6.773,-5.954,0.076,-0.181,-0.032,SUPER
3472,1168,3271,3.079,-6.967,-5.993,0.082,-0.205,-0.036,SUPER
4095,3248,4095,2.995,-7.116,-6.029,0.093,-0.21,-0.095,SUPER
3245,481,3433,2.835,-7.116,-6.088,0.098,-0.178,-0.139,SUPER
4095,2960,4095,2.88,-7.171,-5.978,0.098,-0.151,-0.182,SUPER
3701,791,3328,2.94,-7.242,-5.871,0.059,-0.187,-0.214,SUPER
4095,2192,3983,2.885,-7.029,-5.83,0.058,-0.216,-0.248,SUPER
3149,1172,3216,2.911,-7.041,-5.875,0.051,-0.229,-0.233,SUPER
4095,1219,3648,2.878,-6.996,-5.94,0.07,-0.202,-0.294,SUPER
3964,4095,4069,2.83,-6.893,-6,0.09,-0.147,-0.321,SUPER
2983,839,3740,2.84,-6.833,-5.799,0.08,-0.133,-0.273,SUPER
4095,1393,3827,2.914,-6.883,-5.789,0.107,-0.152,-0.202,SUPER
3754,3398,3968,2.978,-7.075,-5.784,0.113,-0.19,-0.138,SUPER
3622,1969,4095,3.045,-7.266,-5.806,0.119,-0.216,-0.112,SUPER
3904,2441,3787,3.098,-7.432,-5.866,0.107,-0.225,-0.112,SUPER
4095,3841,4095,3.112,-7.429,-5.911,0.085,-0.217,-0.113,SUPER
3392,1776,3758,2.998,-7.446,-6.041,0.054,-0.176,-0.068,SUPER
4095,1271,2897,3.072,-7.573,-5.911,0.036,-0.143,-0.062,SUPER
2974,2923,4095,3.079,-7.554,-5.811,0.022,-0.133,-0.096,SUPER
3639,799,3685,3.007,-7.494,-5.816,0.009,-0.14,-0.118,SUPER
3558,2719,4095,2.923,-7.343,-5.808,-0.007,-0.142,-0.099,SUPER
4095,880,3137,2.854,-7.223,-5.796,-0.023,-0.127,-0.041,SUPER
3867,2175,4095,2.88,-7.254,-5.741,-0.028,-0.127,0.003,SUPER
2895,0,3200,2.89,-7.264,-5.751,-0.018,-0.105,0.013,SUPER
3888,3839,4095,2.952,-7.286,-5.653,-0.022,-0.096,-0.002,SUPER
3887,2058,3625,2.861,-7.202,-5.737,-0.022,-0.088,0.001,SUPER
3978,2453,4095,2.931,-7.23,-5.708,-0.037,-0.072,0.025,SUPER
3499,1376,3424,2.942,-7.252,-5.796,-0.039,-0.061,0.025,SUPER
4095,2235,4095,2.945,-7.257,-5.799,-0.04,-0.028,0.015,SUPER
3297,2419,3925,2.988,-7.221,-5.729,-0.04,0.007,0.007,SUPER
4095,720,3888,3.036,-7.207,-5.689,-0.041,0.001,-0.001,SUPER
4095,4095,4095,2.988,-7.118,-5.717,-0.036,0.004,0.002,SUPER
3147,0,4095,3.021,-7.178,-5.634,-0.037,-0.011,0.016,SUPER
4095,1631,3658,3.12,-7.192,-5.636,-0.051,-0.043,0.027,SUPER
4019,2992,3986,3.081,-7.163,-5.799,-0.056,-0.036,0.032,SUPER
4095,2962,4095,3.081,-7.195,-5.804,-0.059,0.013,0.028,SUPER
3219,1471,3575,3.141,-7.247,-5.646,-0.06,0.025,0.009,SUPER
4095,3719,4095,3.189,-7.214,-5.602,-0.061,-0.009,-0.01,SUPER
2925,0,3056,3.179,-7.183,-5.634,-0.068,-0.062,-0.017,SUPER
4095,2487,3219,3.086,-7.108,-5.715,-0.047,-0.066,-0.009,SUPER
3169,2960,4095,3.273,-7.223,-5.602,-0.026,-0.043,-0.053,SUPER
4095,2288,3776,3.426,-7.197,-5.459,-0.021,-0.107,-0.142,SUPER
3848,4049,3826,3.203,-6.9,-5.653,-0.034,-0.167,-0.127,SUPER
3865,402,3634,2.988,-6.898,-5.95,-0.027,-0.143,-0.01,SUPER
4095,4095,4095,2.957,-7.178,-6.1,-0.014,-0.007,0.065,SUPER
3322,1296,3558,3.182,-7.458,-5.866,-0.026,0.085,0.027,SUPER
3403,2543,4095,3.184,-7.412,-5.61,-0.046,0.072,-0.054,SUPER
3824,851,2955,3.096,-7.178,-5.569,-0.072,0.009,-0.072,SUPER
3443,3836,4095,3.086,-7.063,-5.571,-0.087,-0.057,0.004,SUPER
3287,606,3321,3.077,-7.101,-5.825,-0.09,-0.059,0.08,SUPER
4095,2649,4095,3.184,-7.3,-5.777,-0.077,-0.011,0.08,SUPER
3713,2997,3807,3.175,-7.266,-5.825,-0.062,0.036,0.022,SUPER
4095,1698,3474,3.17,-7.175,-5.684,-0.076,0.064,-0.006,SUPER
3479,2439,3983,3.208,-7.104,-5.564,-0.092,0.029,0.006,SUPER
3455,431,3789,3.235,-7.082,-5.681,-0.082,0.002,0.021,SUPER
4014,2783,4095,3.251,-7.089,-5.677,-0.074,0.002,0.023,SUPER
2974,2258,3475,3.232,-7.08,-5.703,-0.064,0.014,0.026,SUPER
4095,3759,4095,3.302,-7.128,-5.617,-0.068,0.016,0.037,SUPER
3845,1744,3408,3.369,-7.132,-5.543,-0.087,-0.038,0.03,SUPER
3763,3134,4095,3.318,-7.061,-5.705,-0.08,-0.061,0.035,SUPER
4095,1786,3242,3.33,-7.094,-5.794,-0.067,-0.031,0.032,SUPER
4095,4090,4080,3.292,-7.106,-5.801,-0.052,0.026,0.023,SUPER
3183,1360,3408,3.381,-7.123,-5.586,-0.05,0.05,-0.001,SUPER
4095,1671,3486,3.407,-7.061,-5.456,-0.06,-0.021,-0.013,SUPER
3662,2987,4095,3.273,-7.044,-5.624,-0.072,-0.091,0.029,SUPER
3728,1126,3721,3.213,-7.113,-5.844,-0.055,-0.06,0.066,SUPER
3892,4095,4095,3.297,-7.271,-5.753,-0.043,-0.011,0.042,SUPER
3266,428,3802,3.316,-7.233,-5.717,-0.038,0.007,-0.013,SUPER
4095,1979,4095,3.383,-7.197,-5.523,-0.051,-0.003,-0.025,SUPER
3674,992,3233,3.361,-7.072,-5.516,-0.07,-0.087,-0.012,SUPER
4095,0,4095,4.401,-0.453,-8.653,-0.112,-0.012,-0.106,SUPER
4095,2115,3233,4.31,-0.194,-8.504,-0.118,-0.056,-0.104,SUPER
3353,3542,4095,4.209,-0.029,-8.655,-0.117,-0.104,-0.03,SUPER
3955,0,4050,4.245,-0.093,-8.689,-0.124,-0.109,0.037,SUPER
3635,2553,3618,4.223,-0.156,-8.732,-0.117,-0.094,0.033,SUPER
3491,3069,3891,4.195,-0.139,-8.751,-0.114,-0.056,0,SUPER
4071,3036,2880,4.159,-0.005,-8.763,-0.126,-0.049,-0.016,SUPER
3920,883,3984,4.08,0.163,-8.691,-0.131,-0.052,0.039,SUPER
4095,0,4095,4.221,-0.067,-8.708,-0.086,-0.021,0.065,SUPER
4095,3384,3246,4.312,-0.235,-8.693,-0.052,0.003,-0.005,SUPER
2675,4095,3280,4.283,-0.211,-8.691,-0.04,0.017,-0.062,SUPER
4095,1056,3850,4.298,-0.086,-8.665,-0.067,-0.009,-0.034,SUPER
4095,3592,3007,4.353,-0.093,-8.61,-0.088,-0.055,0.029,SUPER
3409,694,3971,4.341,-0.184,-8.612,-0.099,-0.09,0.072,SUPER
3904,0,3919,4.338,-0.29,-8.701,-0.078,-0.035,0.064,SUPER
3402,2424,3878,4.472,-0.476,-8.619,-0.065,0.024,0.005,SUPER
2821,2545,4095,4.458,-0.421,-8.593,-0.068,0.015,-0.067,SUPER
4095,3968,2989,4.355,-0.187,-8.574,-0.094,-0.038,-0.075,SUPER
3806,1437,4095,4.295,-0.065,-8.648,-0.118,-0.078,0.01,SUPER
4095,0,4095,4.336,-0.189,-8.753,-0.136,-0.044,0.034,SUPER
4095,3812,4095,4.405,-0.122,-8.595,-0.123,0.004,0.009,SUPER
4065,4095,4043,4.527,-0.151,-8.554,-0.081,-0.002,-0.066,SUPER
4005,3504,4095,4.415,-0.005,-8.571,-0.075,-0.075,-0.105,SUPER
3938,2709,3909,4.254,0.192,-8.693,-0.094,-0.112,-0.047,SUPER
3920,3570,3942,4.202,0.189,-8.748,-0.106,-0.065,0.049,SUPER
4032,2701,3958,4.374,-0.012,-8.724,-0.098,0.013,0.052,SUPER
3814,2586,3951,4.472,-0.084,-8.626,-0.078,0.038,-0.007,SUPER
4009,2285,4067,4.544,-0.055,-8.509,-0.066,-0.032,-0.08,SUPER
3962,2455,4095,4.355,0.249,-8.598,-0.058,-0.107,-0.056,SUPER
3792,1861,3983,4.276,0.225,-8.732,-0.056,-0.09,0.04,SUPER
3830,1579,3999,4.415,-0.067,-8.701,-0.055,-0.027,0.042,SUPER
3842,1309,4095,4.408,-0.086,-8.679,-0.041,0.021,-0.025,SUPER
3925,1424,3974,4.372,0.05,-8.629,-0.047,0.023,-0.037,SUPER
3776,1968,3883,4.458,0.148,-8.507,-0.054,-0.034,0.001,SUPER
3718,1988,3856,4.365,0.122,-8.619,-0.042,-0.081,0.048,SUPER
3827,2819,3933,4.355,-0.007,-8.674,-0.044,-0.079,0.061,SUPER
3872,2375,3755,4.326,-0.017,-8.677,-0.038,-0.058,0.038,SUPER
3838,2337,3832,4.307,0.014,-8.672,-0.037,-0.038,0.031,SUPER
3845,2685,3895,4.372,-0.144,-8.631,-0.024,-0.025,0.007,SUPER
3807,3611,3839,4.334,-0.086,-8.617,-0.021,-0.04,-0.022,SUPER
3797,3728,3818,4.288,-0.069,-8.722,-0.039,-0.037,0.013,SUPER
3809,2675,3746,4.298,-0.081,-8.65,-0.072,-0.01,0.075,SUPER
3871,3709,3968,4.436,-0.18,-8.576,-0.071,-0.001,0.097,SUPER
3995,3194,3953,4.542,-0.299,-8.523,-0.052,-0.006,0.053,SUPER
3956,3053,4075,4.506,-0.232,-8.665,-0.04,-0.016,-0.032,SUPER
3776,2157,4095,4.326,-0.014,-8.703,-0.063,0.001,-0.015,SUPER
3852,2840,3978,4.334,-0.022,-8.657,-0.106,0.019,0.073,SUPER
3775,2330,3881,4.415,-0.029,-8.528,-0.131,0.004,0.122,SUPER
3898,1958,3920,4.484,-0.081,-8.511,-0.122,-0.011,0.149,SUPER
3846,1932,4022,4.597,-0.182,-8.535,-0.092,-0.027,0.146,SUPER
3815,1591,3942,4.611,-0.244,-8.564,-0.077,-0.001,0.078,SUPER
3960,1815,3913,4.599,-0.184,-8.511,-0.08,-0.005,0.027,SUPER
3931,1252,3825,4.52,-0.079,-8.552,-0.084,-0.027,0.021,SUPER
4011,1968,3858,4.515,0.017,-8.583,-0.095,-0.017,0.062,SUPER
3971,2547,3938,4.604,-0.034,-8.511,-0.091,-0.002,0.106,SUPER
3916,2251,3886,4.729,-0.165,-8.468,-0.062,-0.014,0.078,SUPER
4095,2689,3942,4.812,-0.101,-8.399,-0.062,-0.108,-0.001,SUPER
4095,2975,3977,4.518,0.124,-8.547,-0.057,-0.178,0.015,SUPER
3925,4095,4044,4.48,0.163,-8.511,-0.039,-0.168,0.076,SUPER
3863,2914,3967,4.547,-0.055,-8.636,-0.014,-0.132,0.106,SUPER
3993,4095,4095,4.628,-0.28,-8.626,0.01,-0.099,0.022,SUPER
3927,4095,4095,4.604,-0.124,-8.475,0.056,-0.11,-0.104,SUPER
3893,4095,4095,4.695,-0.019,-8.38,0.168,-0.22,-0.206,SUPER
3895,4095,4055,4.614,-0.093,-8.645,0.238,-0.291,-0.292,SUPER
3967,3154,3891,4.247,-0.105,-8.961,0.229,-0.219,-0.328,SUPER
3839,3724,4048,4.092,-0.089,-8.882,0.131,-0.086,-0.296,SUPER
3862,2309,3997,4.178,0.089,-8.526,0.054,-0.085,-0.188,SUPER
3770,2381,4034,4.278,-0.108,-8.55,0.061,-0.134,-0.061,SUPER
4029,2181,3809,4.401,-0.232,-8.538,0.084,-0.162,-0.045,SUPER
3923,2325,3889,4.611,-0.453,-8.543,0.081,-0.21,-0.056,SUPER
4051,1726,3658,4.606,-0.567,-8.473,0.125,-0.233,-0.133,SUPER
3989,1648,3980,4.511,-0.517,-8.65,0.156,-0.247,-0.257,SUPER
4095,2338,3889,4.264,-0.383,-8.803,0.182,-0.183,-0.326,SUPER
3639,1867,3603,4.077,-0.215,-8.794,0.157,-0.124,-0.323,SUPER
3777,2659,3856,4.056,0.036,-8.803,0.044,-0.198,-0.181,SUPER
3561,2800,3644,4.757,-3.508,-7.168,-0.763,0.387,0.103,SUPER
3417,2658,3408,4.702,-3.426,-7.597,-0.861,0.441,0.095,SUPER
3536,2128,3690,4.889,-3.606,-7.733,-1.047,0.529,0.11,SUPER
3391,1530,3674,5.112,-3.613,-7.377,-1.224,0.586,0.036,SUPER
3842,2042,3842,5.344,-3.158,-6.709,-1.207,0.564,-0.125,SUPER
3853,1665,3888,5.42,-2.516,-6.85,-1.129,0.468,-0.177,SUPER
3311,1136,3507,5.356,-2.035,-7.089,-1.02,0.452,-0.094,SUPER
3479,939,3485,5.346,-1.75,-7.173,-0.956,0.498,0.12,SUPER
3728,1716,3811,5.61,-1.851,-7.163,-0.954,0.558,0.319,SUPER
3766,2386,3822,6.237,-1.944,-6.747,-0.832,0.516,0.4,SUPER
3893,1889,3983,6.539,-1.982,-6.682,-0.697,0.349,0.36,SUPER
3511,2403,3552,6.534,-1.887,-6.797,-0.586,0.228,0.289,SUPER
3869,2886,3760,6.381,-1.76,-6.926,-0.525,0.174,0.262,SUPER
3902,3582,3862,6.124,-1.652,-6.912,-0.495,0.16,0.301,SUPER
3398,2805,3515,5.995,-1.389,-7.219,-0.475,0.169,0.432,SUPER
3781,4095,3721,6.148,-1.346,-6.732,-0.28,0.16,0.553,SUPER
3878,4095,3751,6.357,-1.829,-6.823,-0.053,0.099,0.519,SUPER
3683,4095,3787,6.694,-3.031,-4.606,0.381,0.038,0.283,SUPER
3982,4023,3971,7.128,-3.836,-8.171,1.044,-0.309,0.065,SUPER
3361,3212,3641,6.017,-2.772,-7.513,0.139,-0.304,-0.157,SUPER
3184,2894,3312,5.416,-1.448,-7.781,-0.279,-0.291,0.227,SUPER
3610,2473,3583,5.205,-1.642,-7.685,-0.46,-0.229,0.874,SUPER
3923,2725,4016,6.012,-2.619,-7.403,-0.604,-0.29,1.379,SUPER
3910,2559,3959,6.359,-3.017,-6.481,-0.591,-0.565,1.407,SUPER
3824,2098,3835,6.416,-3.424,-6.675,-0.438,-0.864,1.11,SUPER
3501,1189,3426,6.033,-3.213,-7.013,-0.431,-1.074,0.846,SUPER
3630,1584,3723,5.578,-2.478,-7.302,-0.432,-1.264,0.871,SUPER
3509,1666,3398,5.234,-3.328,-7.343,-0.337,-1.519,1.089,SUPER
3707,1339,3606,5.588,-3.706,-7.262,-0.441,-1.852,0.948,SUPER
4095,1808,3969,4.642,-3.943,-7.372,-0.575,-2.34,0.919,SUPER
3894,2140,3799,4.049,-3.383,-7.731,-0.589,-2.648,1.077,SUPER
3867,3030,3641,3.251,-3.773,-9.306,-0.667,-2.577,1.054,SUPER
4095,2652,4095,2.682,-3.881,-10.195,-0.6,-2.014,0.95,SUPER
4095,3007,4095,2.765,-4.319,-9.768,-0.682,-1.54,0.794,SUPER
4095,3372,4095,2.856,-4.424,-8.859,-0.845,-1.469,0.523,SUPER
4095,3541,4095,1.743,-2.744,-8.449,-0.898,-1.541,0.531,SUPER
4095,3829,4095,0.948,-1.836,-8.703,-0.723,-1.618,0.759,SUPER
4095,3372,4095,1.089,-2.5,-9.009,-0.555,-1.605,0.797,SUPER
4095,4095,4095,0.977,-2.461,-9.203,-0.674,-1.445,0.459,SUPER
4095,3221,4095,0.532,-2.073,-9.809,-0.75,-1.214,0.203,SUPER
4095,3083,4095,0.11,-1.413,-10.053,-0.753,-0.938,0.049,SUPER
4095,2862,4095,-0.318,-0.97,-9.957,-0.697,-0.609,0.09,SUPER
4095,2631,4095,0.144,-1.69,-9.479,-0.491,-0.206,-0.055,SUPER
4095,2192,4095,0.242,-1.434,-10.175,-0.031,-0.058,-0.311,SUPER
4095,1783,4095,-0.536,-1.844,-9.256,-0.052,0.058,-0.093,SUPER
4095,2347,4095,0.065,-1.844,-9.251,-0.198,0.072,0.105,SUPER
4095,1712,4095,0.263,-2.035,-9.325,-0.393,0.149,0.148,SUPER
4095,1449,4091,0.637,-1.937,-9.993,-0.431,0.067,0.043,SUPER
4095,1424,4095,0.486,-1.389,-10.111,-0.529,0.155,-0.02,SUPER
4095,1776,4095,-0.031,-0.852,-8.823,-0.787,0.178,0.008,SUPER
4095,2752,4072,0.996,-1.269,-9.091,-0.38,0.197,-0.092,SUPER
4095,2023,4095,1.063,-0.781,-8.983,-0.298,0.11,-0.269,SUPER
4095,2960,4095,1.128,-0.33,-9.225,-0.192,0.014,-0.306,SUPER
4095,2941,4095,0.814,0.163,-9.222,-0.037,0.013,-0.142,SUPER
4095,3786,4095,0.596,-0.362,-9.878,-0.034,-0.08,0.155,SUPER
4095,3195,4095,1.152,-2.174,-9.831,0.048,0.134,0.138,SUPER
4095,4095,4095,1.772,-2.808,-9.728,-0.094,0.3,-0.366,SUPER
4095,4095,4095,1.245,-1.796,-9.673,-0.268,0.24,-0.613,SUPER
4095,4095,4095,0.666,-0.589,-9.378,-0.277,0.237,-0.406,SUPER
3971,3920,4095,0.565,-0.464,-9.335,-0.245,0.119,0.092,SUPER
4095,3216,4095,0.883,-1.022,-9.371,-0.251,0.067,0.331,SUPER
4095,3071,4095,1.03,-1.492,-9.026,-0.377,0.05,0.137,SUPER
4095,2182,4094,1.257,-1.575,-8.921,-0.459,0.075,-0.199,SUPER
4095,2481,4095,1.432,-1.211,-9.357,-0.576,-0.044,-0.558,SUPER
4095,2794,4095,0.903,-0.196,-10.104,-0.418,-0.076,-0.703,SUPER
4095,2653,4055,0.548,-0.156,-10.013,-0.225,0.241,-0.666,SUPER
4095,1852,4095,1.006,-0.74,-9.828,-0.064,0.501,-0.479,SUPER
4095,1701,4080,1.539,-1.896,-9.713,-0.321,0.523,-0.428,SUPER
4095,2627,4095,1.298,-1.006,-9.474,-0.541,0.45,-0.475,SUPER
4049,1718,4095,1.233,-0.474,-9.234,-0.547,0.424,-0.245,SUPER
4063,2309,4095,1.623,-0.124,-8.574,-0.566,0.347,0.017,SUPER
4095,2055,4095,2.162,-0.249,-9.045,-0.393,0.237,0.084,SUPER
4095,3335,4095,2.059,-0.448,-9.208,-0.287,0.24,-0.142,SUPER
4095,2597,4095,1.523,0.132,-10.039,-0.314,0.29,-0.201,SUPER
4095,2679,4095,1.348,-0.35,-9.874,-0.353,0.448,-0.142,SUPER
4095,631,4095,0.177,-4.185,-9.689,0.16,-0.204,-0.023,SUPER
4095,0,3841,-0.141,-3.443,-8.803,0.184,-0.034,-0.074,SUPER
3599,1837,4048,-0.158,-3.361,-8.396,0.199,-0.062,0.145,SUPER
3757,251,3760,0.098,-3.886,-8.499,0.175,-0.139,0.313,SUPER
4069,1555,4095,0.376,-4.472,-8.547,0.133,-0.188,0.261,SUPER
3810,2011,3909,0.378,-4.484,-8.578,0.111,-0.228,0.068,SUPER
4095,3450,3691,0.038,-4.101,-8.859,0.115,-0.196,-0.012,SUPER
3365,2400,4095,-0.05,-3.946,-8.775,0.112,-0.138,0.108,SUPER
4095,1493,4095,0.031,-4.07,-8.701,0.106,-0.119,0.216,SUPER
3807,4095,3863,0.079,-4.29,-8.643,0.061,-0.131,0.243,SUPER
3203,3142,3439,0.101,-4.487,-8.581,0.023,-0.146,0.14,SUPER
4095,2253,4095,-0.002,-4.243,-8.61,0.015,-0.177,0.038,SUPER
4053,2448,4095,-0.223,-4.125,-8.734,0.013,-0.172,0.012,SUPER
3710,3319,4095,-0.338,-4.005,-8.693,0.001,-0.128,0.073,SUPER
4095,1535,3621,-0.18,-4.12,-8.349,-0.005,-0.155,0.136,SUPER
4095,2223,4095,-0.172,-4.3,-8.413,0.013,-0.215,0.101,SUPER
3102,1628,4095,-0.443,-4.096,-8.531,0.027,-0.211,0.086,SUPER
4095,2639,3663,-0.491,-4.29,-8.665,0.047,-0.159,0.107,SUPER
3263,1407,3792,-0.429,-4.446,-8.672,0.038,-0.099,0.075,SUPER
4095,1418,4095,-0.309,-4.492,-8.54,-0.004,-0.066,0.058,SUPER
4031,2815,3152,-0.12,-4.539,-8.325,-0.008,-0.098,-0.003,SUPER
4095,128,3979,-0.292,-4.381,-8.44,-0.013,-0.143,-0.041,SUPER
3968,896,4095,-0.426,-4.393,-8.681,-0.017,-0.127,-0.013,SUPER
3494,2247,4095,-0.397,-4.472,-8.835,-0.04,-0.041,0.022,SUPER
4095,0,4063,-0.302,-4.403,-8.703,-0.068,0.028,0.031,SUPER
3451,2813,4095,-0.113,-4.448,-8.452,-0.084,0.018,0.027,SUPER
3360,1328,4095,0.05,-4.503,-8.38,-0.087,-0.04,-0.05,SUPER
3968,1232,3623,-0.115,-4.219,-8.586,-0.097,-0.085,-0.07,SUPER
3650,1263,3924,-0.283,-4.085,-8.873,-0.093,-0.05,-0.021,SUPER
3071,1714,4095,-0.146,-4.108,-8.811,-0.088,0.022,0.042,SUPER
3808,2332,3607,0.007,-4.216,-8.528,-0.078,0.028,0.017,SUPER
3925,1807,3956,-0.007,-4.017,-8.389,-0.082,-0.049,0.02,SUPER
4095,1974,4095,-0.012,-4.063,-8.516,-0.053,-0.112,0.035,SUPER
3979,3058,3398,-0.101,-4.111,-8.758,-0.03,-0.108,0.017,SUPER
3494,4095,3775,-0.18,-4.116,-8.885,-0.026,-0.048,-0.01,SUPER
4095,3444,3351,-0.136,-4.116,-8.717,-0.017,0.015,-0.011,SUPER
3231,2391,4095,0.01,-4.073,-8.413,-0.006,-0.005,0.022,SUPER
4095,79,3467,0.108,-4.147,-8.428,0.013,-0.073,0.03,SUPER
4095,4095,2773,-0.036,-4.032,-8.562,0.042,-0.115,0.032,SUPER
3115,2927,4095,-0.091,-4.149,-8.701,0.074,-0.095,0.064,SUPER
4095,2685,3675,0.043,-4.295,-8.648,0.106,-0.07,0.029,SUPER
3911,1757,4095,0.184,-4.233,-8.478,0.099,-0.096,0.005,SUPER
3856,2182,4095,0.464,-4.343,-8.14,0.127,-0.193,-0.049,SUPER
3598,3013,3376,0.395,-4.13,-8.279,0.183,-0.34,-0.108,SUPER
2954,2768,4080,0.189,-4.08,-8.598,0.201,-0.437,-0.04,SUPER
4095,1322,4095,0.124,-4.35,-8.837,0.23,-0.428,0.01,SUPER
4095,4095,3835,-0.026,-4.523,-9.079,0.217,-0.345,0.005,SUPER
4075,1082,3327,0.038,-4.633,-9.002,0.145,-0.27,-0.009,SUPER
3915,2983,4095,0.029,-4.64,-8.715,0.079,-0.268,-0.028,SUPER
3853,1152,4095,-0.038,-4.571,-8.461,0.062,-0.293,-0.065,SUPER
4005,1479,3863,-0.158,-4.436,-8.303,0.07,-0.329,-0.097,SUPER
3840,1971,3491,-0.431,-4.444,-8.475,0.102,-0.347,-0.126,SUPER
3990,2775,4095,-0.675,-4.374,-8.521,0.105,-0.316,-0.108,SUPER
3389,1636,3382,-0.709,-4.374,-8.188,0.098,-0.306,-0.088,SUPER
3692,2974,4095,-0.74,-4.535,-7.908,0.119,-0.352,-0.132,SUPER
3429,1489,3669,-0.845,-4.554,-8.049,0.151,-0.398,-0.131,SUPER
4095,2373,3786,-0.898,-4.764,-8.253,0.16,-0.396,-0.106,SUPER
3509,4095,4095,-0.977,-4.887,-8.499,0.148,-0.323,-0.138,SUPER
4095,1455,3061,-0.982,-4.87,-8.322,0.126,-0.234,-0.183,SUPER
3990,4095,4095,-1.022,-4.903,-8.243,0.143,-0.182,-0.205,SUPER
3574,2230,3443,-0.797,-4.966,-8.011,0.149,-0.174,-0.164,SUPER
3567,2303,3894,-0.553,-5.143,-7.963,0.14,-0.238,-0.158,SUPER
3583,1311,4095,-0.591,-5.296,-8.207,0.123,-0.278,-0.206,SUPER
4095,2320,4095,-0.685,-5.301,-8.344,0.088,-0.242,-0.227,SUPER
3896,539,3308,-0.646,-5.346,-8.248,0.055,-0.199,-0.205,SUPER
4095,2559,4095,-0.546,-5.365,-8.054,0.045,-0.186,-0.211,SUPER
3472,885,3216,-0.634,-5.174,-8.004,0.043,-0.203,-0.186,SUPER
4095,1128,3909,-0.661,-5.284,-7.956,0.046,-0.221,-0.158,SUPER
2798,2308,4095,-0.874,-5.298,-7.956,0.052,-0.228,-0.148,SUPER
3967,11,2870,-0.915,-5.389,-7.937,0.027,-0.228,-0.074,SUPER
3937,2820,4011,-0.807,-5.509,-7.853,0.023,-0.235,-0.074,SUPER
3377,0,3349,-0.826,-5.435,-7.968,0.003,-0.254,-0.096,SUPER
3781,3621,4095,-1.03,-5.344,-8.114,0.008,-0.222,-0.1,SUPER
3002,975,3473,-1.097,-5.368,-8.08,0.011,-0.158,-0.047,SUPER
4095,2971,4095,-0.95,-5.353,-7.918,-0.013,-0.14,-0.018,SUPER
4095,1761,4095,-8.777,0.189,-3.158,-0.079,-0.026,-0.035,SUPER
4095,2160,4095,-9,0.479,-3.122,-0.093,-0.051,-0.122,SUPER
4082,1680,4095,-9.189,0.747,-3.11,-0.049,-0.056,-0.067,SUPER
4048,1438,4095,-9.275,0.68,-3.213,-0.032,-0.044,0.08,SUPER
3964,1184,4095,-8.976,0.271,-3.17,-0.033,-0.033,0.117,SUPER
4095,1799,4095,-8.823,-0.01,-2.923,-0.034,-0.057,-0.079,SUPER
4095,1535,4095,-9.21,0.364,-3.108,0.038,-0.057,-0.306,SUPER
4095,2256,4095,-9.699,0.809,-3.4,0.022,0.001,-0.238,SUPER
4095,1806,4095,-9.716,0.819,-3.148,-0.044,0.018,0.036,SUPER
4095,2736,4030,-9.462,0.582,-2.926,-0.035,-0.017,0.247,SUPER
4095,2867,4095,-9.172,0.156,-3.089,0.006,-0.022,0.268,SUPER
4087,3217,4028,-8.942,-0.012,-2.83,0.076,-0.013,0.078,SUPER
4095,2667,4055,-9.242,0.383,-3.117,0.131,-0.042,-0.038,SUPER
4095,3964,4079,-9.412,0.376,-3.615,0.13,0.025,-0.029,SUPER
4095,4095,4095,-9.491,0.362,-3.845,0.101,0.216,0.01,SUPER
4095,4095,4095,-9.278,0.089,-3.706,0.117,0.397,-0.053,SUPER
4095,3777,4095,-9.292,0.326,-3.668,0.117,0.535,-0.103,SUPER
4095,3312,4095,-9.105,0.728,-2.935,0.072,0.485,0.031,SUPER
3945,3232,4095,-8.997,1.075,-2.969,0.066,0.216,0.336,SUPER
3920,2278,4095,-8.736,0.539,-3.764,0,0.042,0.601,SUPER
4068,2755,4095,-8.358,-0.079,-4.14,-0.053,0.111,0.541,SUPER
4095,2751,4095,-8.145,-0.029,-4.039,-0.002,0.261,0.242,SUPER
4095,2450,4095,-8.25,0.268,-4.001,0.006,0.326,0.048,SUPER
4095,1833,4095,-8.159,0.371,-3.682,-0.051,0.262,-0.006,SUPER
4067,1680,4092,-8.21,0.682,-3.553,-0.06,0.124,0.003,SUPER
4095,2063,4095,-8.339,0.713,-3.819,-0.042,-0.012,0.088,SUPER
4095,1535,4080,-8.401,0.57,-4.185,-0.021,-0.015,0.156,SUPER
4095,1904,4095,-8.167,0.199,-4.25,-0.034,0.051,0.12,SUPER
4095,1956,4003,-8.08,0.22,-4.07,-0.053,0.08,-0.052,SUPER
4095,3045,4095,-8.253,0.699,-3.754,-0.083,0.002,-0.095,SUPER
4095,2223,4095,-8.351,0.725,-3.747,-0.103,-0.133,-0.001,SUPER
4095,2960,4095,-8.456,0.642,-4.003,-0.122,-0.202,0.087,SUPER
4095,3675,4095,-8.49,0.438,-4.123,-0.097,-0.15,0.086,SUPER
4095,4023,4095,-8.552,0.433,-4.159,-0.067,-0.066,-0.001,SUPER
4078,3536,4095,-8.583,0.553,-3.996,-0.096,-0.045,-0.058,SUPER
4095,3172,4095,-8.655,0.713,-3.79,-0.111,-0.088,-0.051,SUPER
4095,4095,4095,-8.724,0.79,-3.761,-0.12,-0.151,0.028,SUPER
4019,3324,4095,-8.732,0.582,-3.859,-0.103,-0.17,0.059,SUPER
4095,2807,4095,-8.792,0.469,-4.032,-0.086,-0.117,0.012,SUPER
4095,2598,4095,-8.854,0.618,-3.845,-0.095,-0.078,-0.038,SUPER
4095,2663,4095,-8.885,0.728,-3.661,-0.102,-0.108,-0.015,SUPER
4057,2086,4095,-8.909,0.8,-3.689,-0.09,-0.16,0.046,SUPER
3984,1409,4081,-8.95,0.723,-3.869,-0.064,-0.149,0.101,SUPER
4095,1848,4095,-8.902,0.558,-3.96,-0.045,-0.081,0.101,SUPER
4095,1767,4074,-8.832,0.488,-3.934,-0.044,-0.011,0.042,SUPER
3994,1323,3995,-8.775,0.555,-3.742,-0.062,-0.006,-0.011,SUPER
4095,1120,4039,-8.849,0.611,-3.752,-0.063,-0.021,-0.03,SUPER
4095,1572,4095,-8.954,0.781,-3.735,-0.063,-0.044,0.027,SUPER
4095,2434,4095,-8.957,0.747,-3.871,-0.047,-0.049,0.115,SUPER
4095,2040,4095,-8.871,0.62,-4.001,-0.046,-0.009,0.151,SUPER
4095,3049,4095,-8.667,0.438,-3.972,-0.054,0.029,0.096,SUPER
3967,2793,4095,-8.645,0.532,-3.833,-0.071,0.035,-0.009,SUPER
4095,3755,4095,-8.724,0.831,-3.757,-0.061,0.003,-0.021,SUPER
4030,2976,4095,-8.772,0.934,-3.828,-0.04,-0.036,0.066,SUPER
4095,4095,4095,-8.732,0.747,-3.998,-0.032,-0.034,0.158,SUPER
4058,4095,4095,-8.571,0.591,-4.082,-0.032,0.014,0.164,SUPER
4079,4095,4095,-8.456,0.536,-3.991,-0.036,0.044,0.086,SUPER
4095,3648,4095,-8.44,0.543,-3.881,-0.053,0.019,-0.002,SUPER
4095,2854,4095,-8.562,0.769,-3.934,-0.077,-0.027,-0.028,SUPER
3979,3040,4095,-8.689,0.929,-3.972,-0.077,-0.045,0.044,SUPER
4095,2255,4095,-8.61,0.761,-3.917,-0.055,-0.043,0.105,SUPER
4095,2477,4095,-8.569,0.646,-4.005,-0.037,-0.044,0.094,SUPER
4095,2190,4095,-8.545,0.529,-4.094,-0.055,-0.025,0.026,SUPER
4095,2128,4031,-8.605,0.692,-3.994,-0.081,-0.013,-0.059,SUPER
4095,1503,4091,-8.756,0.996,-3.876,-0.083,-0.03,-0.031,SUPER
4095,2074,4095,-8.722,0.941,-3.898,-0.063,-0.048,0.06,SUPER
4095,2377,4095,-8.672,0.771,-4.07,-0.051,-0.044,0.101,SUPER
4095,1618,4095,-8.612,0.658,-4.118,-0.063,-0.009,0.078,SUPER
3973,2153,4061,-8.545,0.702,-3.934,-0.071,-0.009,0.032,SUPER
4080,2446,4095,-8.559,0.804,-3.982,-0.057,-0.032,-0.008,SUPER
4014,3542,4095,-8.636,0.895,-4.049,-0.057,-0.038,0.01,SUPER
3963,2360,4095,-8.612,0.888,-3.948,-0.05,-0.045,0.063,SUPER
4095,2999,4095,-8.514,0.656,-3.965,-0.049,-0.068,0.074,SUPER
4049,3137,4095,-8.509,0.642,-4.068,-0.055,-0.07,0.025,SUPER
4095,3235,4095,-8.614,0.759,-4.173,-0.058,-0.041,-0.014,SUPER
4095,756,4002,0.405,2.957,-9.16,-0.04,-0.014,0.034,SUPER
4095,918,4095,0.467,2.954,-9.189,-0.036,-0.004,0.021,SUPER
4095,1563,3969,0.52,2.99,-9.081,-0.042,-0.004,0.008,SUPER
4095,2181,4095,0.551,3.043,-9.131,-0.04,-0.029,0.002,SUPER
4095,1494,4081,0.522,3.053,-9.227,-0.046,-0.043,0.028,SUPER
4095,2660,3999,0.532,2.976,-9.258,-0.046,-0.029,0.033,SUPER
4095,2804,4095,0.536,2.995,-9.206,-0.045,-0.012,0.019,SUPER
4067,3491,4095,0.543,2.962,-9.131,-0.047,-0.009,0.013,SUPER
4095,2766,4095,0.558,2.974,-9.117,-0.047,-0.026,0.01,SUPER
3984,3859,4095,0.565,3.002,-9.1,-0.039,-0.042,0.01,SUPER
3987,4095,4095,0.563,2.974,-9.117,-0.029,-0.064,0.027,SUPER
4093,4095,4095,0.517,2.928,-9.227,-0.03,-0.063,0.027,SUPER
4095,3583,4095,0.448,2.871,-9.249,-0.042,-0.038,0.018,SUPER
3965,3179,4095,0.488,2.909,-9.122,-0.048,-0.016,0.002,SUPER
4095,2955,4095,0.498,2.959,-9.139,-0.05,-0.021,0.011,SUPER
3984,2026,4095,0.551,2.942,-9.091,-0.046,-0.028,0.021,SUPER
4051,2302,4095,0.567,2.926,-9.163,-0.041,-0.047,0.028,SUPER
4095,2375,4095,0.536,2.892,-9.191,-0.042,-0.047,0.019,SUPER
4095,2100,3981,0.503,2.907,-9.244,-0.045,-0.031,0.009,SUPER
4095,1403,4095,0.536,2.899,-9.124,-0.051,-0.011,0.006,SUPER
4095,1765,4075,0.587,2.974,-9.021,-0.057,-0.052,0.015,SUPER
4095,1967,4095,0.584,2.966,-9.091,-0.06,-0.084,0.028,SUPER
4095,1371,4095,0.548,2.95,-9.215,-0.056,-0.097,0.038,SUPER
4029,1706,4027,0.527,2.921,-9.275,-0.056,-0.075,0.039,SUPER
4095,2045,4022,0.587,2.909,-9.134,-0.062,-0.066,0.028,SUPER
4095,3460,3954,0.548,2.892,-9.175,-0.066,-0.069,0.01,SUPER
4095,2323,4095,0.517,2.952,-9.153,-0.069,-0.06,0.001,SUPER
4080,2813,4095,0.503,2.971,-9.165,-0.069,-0.064,0.013,SUPER
4045,2783,4095,0.505,2.993,-9.16,-0.063,-0.063,0.033,SUPER
3822,3573,4095,0.534,2.916,-9.179,-0.063,-0.058,0.033,SUPER
4095,3507,4095,0.553,2.911,-9.17,-0.062,-0.054,0.015,SUPER
4095,2746,4095,0.541,2.945,-9.124,-0.068,-0.056,0.015,SUPER
4095,3728,4095,0.57,2.95,-9.141,-0.068,-0.066,0.004,SUPER
4095,2715,4095,0.534,3.031,-9.16,-0.067,-0.075,0.011,SUPER
4074,2858,4052,0.532,2.969,-9.208,-0.063,-0.069,0.026,SUPER
4095,2512,4095,0.515,2.914,-9.218,-0.064,-0.05,0.022,SUPER
4095,2503,4026,0.51,2.885,-9.131,-0.07,-0.038,0.006,SUPER
4095,1757,3936,0.522,2.964,-9.079,-0.069,-0.04,-0.007,SUPER
4095,1619,4022,0.503,3.017,-9.105,-0.064,-0.048,0.007,SUPER
4095,1997,4095,0.56,2.993,-9.11,-0.065,-0.061,0.023,SUPER
4095,1941,4095,0.551,2.99,-9.175,-0.065,-0.063,0.016,SUPER
4095,1505,3996,0.508,3.01,-9.201,-0.069,-0.05,0.011,SUPER
4090,875,3933,0.534,3.005,-9.093,-0.067,-0.045,0.011,SUPER
4095,1712,4095,0.584,2.99,-9.086,-0.056,-0.06,0.004,SUPER
4004,2113,4095,0.572,3,-9.117,-0.052,-0.078,0.006,SUPER
4095,1879,4095,0.548,2.969,-9.146,-0.042,-0.085,-0.006,SUPER
4095,2502,4095,0.46,3.012,-9.242,-0.042,-0.071,-0.006,SUPER
4071,2851,4095,0.467,2.945,-9.213,-0.054,-0.043,0,SUPER
4039,2772,4095,0.453,2.926,-9.139,-0.064,-0.02,-0.006,SUPER
3984,2411,4073,0.508,2.983,-9.074,-0.074,-0.031,0,SUPER
4095,3139,4095,0.575,2.971,-9.057,-0.067,-0.047,0.015,SUPER
4095,3263,4095,0.599,3.002,-9.148,-0.046,-0.055,0.01,SUPER
4095,3488,3986,0.601,3.029,-9.165,-0.042,-0.063,0.02,SUPER
4095,3501,4095,0.642,2.969,-9.194,-0.05,-0.078,0.031,SUPER
4095,2869,4078,0.601,2.94,-9.189,-0.056,-0.072,0.009,SUPER
4067,2596,4095,0.589,2.935,-9.139,-0.056,-0.074,-0.015,SUPER
3954,1852,3997,0.532,3.017,-9.115,-0.051,-0.083,-0.024,SUPER
4095,2640,4037,0.469,2.995,-9.167,-0.041,-0.076,-0.014,SUPER
4095,2788,4087,0.455,3.062,-9.155,-0.042,-0.066,0.007,SUPER
4083,2030,4095,0.539,3.062,-9.184,-0.049,-0.062,0.027,SUPER
3995,1702,4095,0.654,3.124,-9.199,-0.044,-0.054,0.007,SUPER
4095,1811,4095,0.757,3.299,-9.12,-0.031,-0.076,-0.019,SUPER
4095,2627,4095,0.749,3.412,-9.22,-0.009,-0.101,-0.026,SUPER
4091,1520,4095,0.812,3.45,-9.275,0.026,-0.118,-0.043,SUPER
4075,1792,4095,0.781,3.498,-9.342,0.065,-0.141,-0.088,SUPER
4095,1505,4095,0.86,3.56,-9.237,0.08,-0.164,-0.135,SUPER
4029,2431,4095,0.836,3.73,-9.357,0.109,-0.188,-0.189,SUPER
4048,2345,4095,0.821,3.883,-9.383,0.173,-0.187,-0.21,SUPER
4095,2785,4095,0.845,3.907,-9.23,0.253,-0.201,-0.206,SUPER
4095,3323,4095,0.838,3.733,-9.177,0.34,-0.245,-0.209,SUPER
4095,2923,4061,0.766,3.582,-9.256,0.407,-0.292,-0.241,SUPER
4095,3089,4095,0.642,3.364,-9.268,0.444,-0.327,-0.319,SUPER
4095,3302,4095,0.426,3.239,-9.349,0.464,-0.348,-0.434,SUPER
4081,4048,4095,0.156,3.084,-9.364,0.475,-0.373,-0.598,SUPER
4095,3323,4095,-0.29,3.29,-9.196,0.533,-0.343,-0.763,SUPER
2699,2495,3719,7.118,-6.74,1.635,-0.061,-0.013,-0.078,SUPER
3523,0,4095,7.12,-6.479,1.908,-0.061,-0.006,-0.062,SUPER
3459,2636,3730,7.209,-6.431,1.879,-0.05,-0.057,0.017,SUPER
2873,3131,3945,7.329,-6.632,1.822,-0.045,-0.078,0.054,SUPER
4095,3904,3031,7.458,-6.874,1.671,-0.047,-0.068,-0.015,SUPER
3882,1437,4095,7.381,-6.764,1.875,-0.065,-0.068,-0.108,SUPER
4017,0,4095,7.305,-6.596,1.798,-0.055,-0.1,-0.139,SUPER
4095,2657,3535,7.171,-6.407,1.726,-0.071,-0.118,-0.054,SUPER
2832,4095,3378,7.278,-6.563,1.688,-0.041,-0.094,0.036,SUPER
4095,973,4095,7.338,-6.754,1.585,-0.059,-0.046,0.013,SUPER
4095,1991,3399,7.298,-6.618,1.724,-0.055,-0.014,-0.008,SUPER
3328,3761,4095,7.331,-6.689,1.836,-0.056,-0.045,-0.022,SUPER
3469,0,3927,7.238,-6.608,1.803,-0.047,-0.073,-0.033,SUPER
4095,2908,3602,7.23,-6.579,1.688,-0.052,-0.05,-0.026,SUPER
2865,3135,4093,7.252,-6.531,1.724,-0.058,-0.039,0.01,SUPER
4095,2284,3280,7.286,-6.677,1.587,-0.052,0.023,0.019,SUPER
4023,2255,4095,7.302,-6.658,1.891,-0.06,0.025,0.013,SUPER
3242,0,4095,7.305,-6.586,1.851,-0.077,-0.046,0.021,SUPER
3906,2380,3629,7.309,-6.577,1.757,-0.073,-0.045,0.027,SUPER
2913,4095,2960,7.398,-6.606,1.815,-0.044,-0.038,0.009,SUPER
4095,400,4095,7.381,-6.634,1.654,-0.055,-0.006,-0.021,SUPER
4095,2064,4049,7.348,-6.517,1.824,-0.073,0,-0.003,SUPER
3334,2195,4059,7.458,-6.589,1.915,-0.059,-0.023,0.029,SUPER
3266,151,4095,7.472,-6.67,1.82,-0.056,-0.063,0.015,SUPER
4031,1754,3307,7.35,-6.653,1.683,-0.064,-0.07,0.005,SUPER
3199,4095,3909,7.233,-6.61,1.671,-0.063,-0.029,-0.002,SUPER
4095,2762,3141,7.228,-6.51,1.836,-0.056,-0.008,0.015,SUPER
4095,1534,3920,7.326,-6.577,1.935,-0.06,-0.05,0.024,SUPER
3346,0,4095,7.362,-6.584,1.875,-0.051,-0.111,0.039,SUPER
4095,2064,3819,7.288,-6.665,1.583,-0.051,-0.09,0.037,SUPER
2736,4095,3156,7.266,-6.723,1.63,-0.062,0.002,0.003,SUPER
4032,1360,4095,7.317,-6.579,1.803,-0.061,0.031,-0.01,SUPER
4095,2338,3997,7.338,-6.488,1.932,-0.056,-0.013,0.005,SUPER
3419,3834,4009,7.326,-6.517,1.803,-0.051,-0.046,0.028,SUPER
3194,671,4095,7.369,-6.601,1.772,-0.048,-0.044,0.025,SUPER
4095,1625,3417,7.305,-6.565,1.736,-0.047,-0.029,0.022,SUPER
3259,3583,3718,7.3,-6.668,1.695,-0.053,0.025,0.018,SUPER
4095,2096,3545,7.381,-6.637,1.923,-0.06,0.018,0.011,SUPER
3967,2277,3918,7.357,-6.534,2.054,-0.067,-0.039,0.038,SUPER
3071,689,4095,7.415,-6.663,1.911,-0.053,-0.094,0.056,SUPER
4095,1829,3549,7.362,-6.706,1.848,-0.071,-0.119,0.047,SUPER
3069,4095,2977,7.29,-6.709,1.705,-0.078,-0.099,0.035,SUPER
4095,676,4095,7.219,-6.61,1.736,-0.079,-0.026,0.014,SUPER
4095,641,4042,7.293,-6.536,1.937,-0.092,-0.026,0.047,SUPER
3637,3822,3825,7.441,-6.677,1.937,-0.101,-0.099,0.061,SUPER
3172,143,4095,7.381,-6.706,1.817,-0.088,-0.124,0.023,SUPER
4011,2038,3517,7.259,-6.675,1.695,-0.077,-0.1,-0.014,SUPER
3324,4095,4095,7.183,-6.546,1.741,-0.07,-0.058,-0.019,SUPER
4095,543,3857,7.195,-6.486,1.81,-0.084,-0.058,0.027,SUPER
4095,2451,4076,7.274,-6.546,1.877,-0.082,-0.063,0.055,SUPER
3025,1363,4095,7.338,-6.627,1.817,-0.067,-0.088,0.045,SUPER
4058,3855,4095,7.183,-6.665,1.58,-0.068,-0.053,0.011,SUPER
3087,4095,3041,7.049,-6.577,1.523,-0.068,0.046,0.008,SUPER
3982,1230,4095,7.132,-6.536,1.891,-0.071,0.091,0.032,SUPER
4095,1512,3870,7.343,-6.658,2.057,-0.037,0.039,0.031,SUPER
3322,4095,3712,7.389,-6.62,2.002,-0.027,-0.033,-0.001,SUPER
2922,1195,4095,7.286,-6.507,1.832,-0.022,-0.071,0.011,SUPER
4095,2862,3883,7.245,-6.57,1.693,-0.029,-0.026,0.047,SUPER
4095,4095,4095,7.295,-6.694,1.884,-0.037,0.024,0.055,SUPER
3904,743,4095,7.35,-6.766,1.903,-0.041,0.001,0.041,SUPER
4095,1226,3751,7.341,-6.74,1.975,-0.041,-0.027,0.012,SUPER
3390,1335,4095,7.278,-6.67,1.884,-0.039,-0.055,0.02,SUPER
3889,2047,3792,7.338,-6.749,1.856,-0.037,-0.023,-0.001,SUPER
3311,4095,2811,7.293,-6.596,1.915,-0.05,-0.022,0.005,SUPER
3709,1248,4095,7.286,-6.63,1.92,-0.066,-0.034,0.054,SUPER
4095,0,4095,7.283,-6.735,1.86,-0.072,-0.026,0.046,SUPER
3687,3901,3574,7.247,-6.632,1.992,-0.066,-0.033,0.033,SUPER
2549,951,3935,7.281,-6.74,1.949,-0.05,-0.048,0.005,SUPER
4095,1253,3063,7.228,-6.649,1.882,-0.069,-0.06,-0.015,SUPER
4095,4095,4095,7.173,-6.615,1.858,-0.081,-0.043,-0.005,SUPER
4033,672,4095,7.175,-6.493,1.982,-0.078,-0.063,0.012,SUPER
4095,2444,4022,7.159,-6.558,1.867,-0.064,-0.05,0.036,SUPER
3883,1495,4095,7.23,-6.706,1.913,-0.059,-0.043,0.036,SUPER
4095,3215,3850,7.199,-6.776,1.884,-0.065,-0.05,-0.003,SUPER
3281,4095,2736,7.149,-6.572,1.856,-0.073,-0.042,-0.008,SUPER
4095,2443,3849,3.855,7.35,-4.992,-0.094,-0.098,0.113,SUPER
3263,2122,3987,4.113,7.23,-4.875,-0.111,-0.017,0.007,SUPER
4095,3419,4095,3.91,7.609,-4.741,-0.092,-0.016,-0.053,SUPER
3117,1997,3382,3.893,7.743,-4.733,-0.075,-0.034,0.003,SUPER
4095,4095,4095,3.883,7.788,-4.839,-0.098,-0.057,0.109,SUPER
3619,841,3498,4.159,7.456,-4.587,-0.054,-0.048,0.13,SUPER
4095,2067,3391,4.355,7.192,-4.798,-0.016,-0.07,-0.03,SUPER
3620,2528,4079,4.19,7.444,-4.767,0.003,-0.058,-0.127,SUPER
4095,2737,4095,4.152,7.57,-4.87,-0.043,-0.095,-0.088,SUPER
3504,2506,4095,3.938,7.817,-4.736,-0.075,-0.112,0.046,SUPER
4095,2384,3472,3.998,7.64,-4.879,-0.054,-0.098,0.197,SUPER
3273,2875,4095,4.372,6.989,-4.853,-0.041,-0.045,0.152,SUPER
3253,2371,4095,4.463,7.008,-4.712,-0.03,-0.034,-0.086,SUPER
4095,2423,3914,4.049,7.563,-4.855,-0.058,-0.106,-0.118,SUPER
4095,2620,4026,3.977,7.611,-4.961,-0.076,-0.11,0.003,SUPER
3850,1369,4095,3.946,7.626,-4.97,-0.112,-0.033,0.09,SUPER
4095,1584,3413,4.123,7.429,-4.815,-0.109,0.04,0.117,SUPER
4095,1011,3139,4.3,7.338,-4.494,-0.11,0.002,0.058,SUPER
3347,3170,4095,4.204,7.441,-4.561,-0.089,-0.1,0.001,SUPER
4095,651,3071,4.044,7.451,-4.836,-0.082,-0.122,-0.02,SUPER
4013,4095,4095,3.874,7.652,-4.855,-0.094,-0.039,0.004,SUPER
3893,2596,3938,3.986,7.544,-4.748,-0.107,0.009,0.063,SUPER
3788,4095,4095,4.156,7.465,-4.592,-0.113,0.026,0.065,SUPER
3131,691,3279,4.142,7.551,-4.472,-0.088,-0.046,0.047,SUPER
4003,4095,4095,4.015,7.707,-4.729,-0.09,-0.107,0.108,SUPER
3333,1140,3286,4.061,7.628,-4.8,-0.107,-0.056,0.183,SUPER
3959,4095,4095,4.161,7.568,-4.702,-0.092,0.008,0.185,SUPER
4095,2223,3447,4.262,7.676,-4.458,-0.09,0.007,0.224,SUPER
3888,2816,4095,4.465,7.412,-4.523,-0.065,-0.054,0.26,SUPER
3451,1457,3565,4.384,7.499,-4.554,-0.086,-0.119,0.271,SUPER
4084,2321,4095,4.245,7.527,-4.843,-0.087,-0.096,0.332,SUPER
3581,2366,4016,4.142,7.695,-4.781,-0.145,-0.024,0.45,SUPER
2927,967,3535,4.341,7.472,-4.547,-0.124,-0.013,0.553,SUPER
4095,4095,4095,4.824,6.8,-4.633,-0.094,-0.07,0.429,SUPER
3040,1848,4095,4.614,7.068,-4.894,-0.101,-0.06,0.209,SUPER
4095,1382,3643,4.264,7.623,-4.915,-0.14,0.017,0.257,SUPER
4095,3504,4095,4.492,7.448,-4.764,-0.143,0.117,0.382,SUPER
3765,2223,4095,4.673,7.381,-4.446,-0.153,0.097,0.433,SUPER
3324,1792,4095,5.092,6.864,-4.472,-0.115,0.03,0.369,SUPER
4095,2101,3806,5.341,6.476,-4.58,-0.098,-0.042,0.071,SUPER
3239,1737,3792,5.126,6.596,-4.616,-0.118,-0.08,-0.21,SUPER
4095,2047,3083,4.65,7.149,-4.657,-0.111,-0.069,-0.317,SUPER
3904,4095,4095,4.286,7.597,-4.685,-0.158,0.003,-0.152,SUPER
4095,2672,3924,4.626,7.183,-4.429,-0.156,0.031,-0.009,SUPER
2993,1725,3504,4.731,6.912,-4.451,-0.165,0.039,-0.093,SUPER
4095,1845,3248,4.803,6.883,-4.314,-0.184,-0.009,-0.195,SUPER
3248,3607,4095,4.571,7.365,-4.549,-0.198,-0.033,-0.23,SUPER
3312,1239,3374,4.436,7.728,-4.458,-0.236,0.006,-0.108,SUPER
4095,2481,4095,4.673,7.372,-4.312,-0.216,0.052,-0.059,SUPER
4095,1915,3519,4.772,7.379,-4.283,-0.228,0.044,-0.123,SUPER
3792,2559,4095,4.776,7.59,-4.195,-0.214,-0.012,-0.164,SUPER
3931,2250,3898,4.717,7.75,-4.154,-0.202,-0.062,-0.14,SUPER
4095,2431,4095,4.618,7.697,-4.324,-0.153,-0.034,-0.13,SUPER
3201,1115,3483,4.468,7.841,-4.343,-0.167,0.041,-0.11,SUPER
3743,615,3714,4.389,7.997,-4.099,-0.176,0.021,0.011,SUPER
4095,2159,4045,4.729,7.477,-4.113,-0.174,-0.034,0.084,SUPER
3008,1040,4095,4.784,7.379,-4.13,-0.177,-0.064,-0.026,SUPER
4095,1403,3680,4.64,7.618,-4.111,-0.157,-0.086,-0.112,SUPER
3375,2239,4067,4.403,7.934,-4.13,-0.147,-0.082,-0.079,SUPER
4095,3000,4095,4.334,7.944,-4.19,-0.121,-0.039,0.039,SUPER
3167,1136,3473,4.626,7.606,-4.089,-0.104,-0.018,0.054,SUPER
4095,3127,4047,4.719,7.47,-4.061,-0.083,-0.037,-0.059,SUPER
3373,1269,3607,4.606,7.659,-4.053,-0.058,-0.073,-0.155,SUPER
4095,1253,3237,4.365,7.937,-4.195,-0.057,-0.094,-0.114,SUPER
3885,1057,3330,4.403,7.781,-4.199,-0.051,-0.094,-0.055,SUPER
4095,2767,3747,4.245,7.807,-4.295,-0.064,-0.044,-0.004,SUPER
3282,1824,3792,4.374,7.76,-4.159,-0.075,0.004,0.076,SUPER
4095,943,3296,4.678,7.434,-4.056,-0.07,-0.02,0.057,SUPER
3649,3055,3871,4.638,7.477,-4.108,-0.066,-0.037,-0.043,SUPER
4064,2792,4075,4.52,7.688,-4.128,-0.057,-0.055,-0.051,SUPER
4095,2069,3955,4.384,7.697,-4.283,-0.08,-0.015,0.001,SUPER
4095,2269,3607,4.477,7.628,-4.094,-0.114,0.012,0.06,SUPER
3817,2494,4086,4.654,7.384,-4.025,-0.111,-0.008,0.022,SUPER
4095,2119,3696,4.568,7.532,-4.058,-0.111,-0.012,-0.059,SUPER
4095,1808,3127,4.587,7.549,-4.044,-0.111,-0.017,-0.072,SUPER
4095,2754,3130,8.945,0.539,5.246,-0.005,-0.368,-0.15,SUPER
4095,2724,2962,8.784,0.74,4.925,-0.018,-0.421,-0.093,SUPER
3487,2118,4095,8.851,0.67,4.944,-0.027,-0.352,-0.02,SUPER
3452,0,4095,8.641,0.496,4.671,-0.042,-0.253,0.04,SUPER
4081,3440,3675,8.566,0.144,4.772,-0.1,-0.205,0.07,SUPER
2615,3351,3031,8.543,-0.144,4.946,-0.121,-0.221,0.063,SUPER
4095,215,4095,8.82,-0.306,4.968,-0.117,-0.237,-0.057,SUPER
4095,1833,3874,9.397,-0.194,5.021,-0.066,-0.265,-0.346,SUPER
3138,3295,4095,9.651,0.57,4.906,0.046,-0.318,-0.703,SUPER
3888,0,4095,8.873,2.073,4.556,0.113,-0.236,-0.805,SUPER
3824,2967,3485,8.267,2.746,4.53,0.063,-0.131,-0.401,SUPER
2643,3615,4093,7.693,2.236,4.439,-0.083,-0.05,0.198,SUPER
4095,1744,2983,7.74,1.441,4.671,-0.19,0.034,0.75,SUPER
3854,1695,3651,8.464,-0.067,5.069,-0.235,0.003,0.907,SUPER
3637,0,4095,8.847,-0.979,5.013,-0.16,0.032,0.556,SUPER
3850,3184,3699,8.832,-0.917,4.932,-0.104,0.137,0.12,SUPER
2788,4095,3280,8.835,-0.52,4.982,-0.13,0.191,-0.138,SUPER
4095,1299,4095,8.775,0.113,5.047,-0.198,0.219,-0.156,SUPER
4095,1668,3316,9.194,0.098,5.267,-0.282,0.195,-0.03,SUPER
3391,2603,3913,9.5,0.041,5.447,-0.316,0.096,-0.061,SUPER
3519,0,4095,9.349,0.34,5.351,-0.299,-0.013,-0.097,SUPER
3979,2510,3178,9.208,0.611,5.198,-0.281,-0.039,-0.044,SUPER
3649,2111,4095,9.093,0.675,5.057,-0.291,-0.036,0.029,SUPER
4095,982,3276,9.007,0.795,5.025,-0.321,-0.042,0.159,SUPER
4095,2320,4078,9.124,0.445,5.021,-0.322,-0.08,0.197,SUPER
3667,271,4095,9.093,0.318,4.942,-0.289,-0.094,0.115,SUPER
4095,3635,3444,9.134,0.096,4.92,-0.244,-0.1,-0.038,SUPER
2811,4095,2743,8.909,0.275,4.772,-0.188,-0.069,-0.182,SUPER
4095,912,4095,8.705,0.618,4.846,-0.159,-0.029,-0.188,SUPER
4095,1224,3935,8.645,0.745,4.867,-0.16,-0.075,-0.055,SUPER
3071,4055,4095,8.832,0.51,4.745,-0.16,-0.074,0.068,SUPER
3365,255,4095,9.093,0.103,4.896,-0.127,-0.036,0,SUPER
4095,4095,3160,9.014,0.254,4.812,-0.101,0.007,-0.112,SUPER
4087,4095,4095,8.959,0.385,4.798,-0.11,0.04,-0.109,SUPER
4095,1195,3355,9.007,0.39,4.961,-0.147,-0.001,-0.036,SUPER
4095,793,3857,9.189,0.232,5.061,-0.132,-0.032,-0.003,SUPER
3152,0,4095,9.218,0.156,5.092,-0.103,-0.06,-0.091,SUPER
3948,2637,3651,9.088,0.373,5.102,-0.072,-0.12,-0.156,SUPER
2943,4095,2898,8.93,0.594,5.009,-0.063,-0.179,-0.129,SUPER
4015,895,4095,8.849,0.761,4.824,-0.115,-0.186,-0.008,SUPER
4095,0,3405,9.052,0.486,5.033,-0.154,-0.185,0.085,SUPER
3578,3491,3765,9.12,0.453,5.116,-0.16,-0.26,0.083,SUPER
3226,0,4095,9.036,0.462,5.104,-0.121,-0.281,0.104,SUPER
4095,2705,2887,9.177,0.297,4.963,-0.065,-0.266,0.052,SUPER
3339,4095,3982,9.067,0.373,4.676,-0.054,-0.227,-0.007,SUPER
4048,1574,3807,9.06,0.28,4.628,-0.084,-0.118,-0.028,SUPER
4095,2010,4095,9.234,0.072,4.887,-0.113,-0.12,-0.063,SUPER
3270,627,4095,9.076,0.213,4.839,-0.12,-0.188,-0.11,SUPER
4095,3259,3649,8.784,0.476,4.64,-0.115,-0.156,-0.069,SUPER
3225,4095,2878,8.744,0.51,4.733,-0.118,-0.118,-0.007,SUPER
3889,1523,4095,8.693,0.634,4.638,-0.12,-0.06,0.078,SUPER
4095,0,4095,8.808,0.462,4.752,-0.134,0.018,0.138,SUPER
3187,3472,3862,8.93,0.326,4.87,-0.133,0.027,0.127,SUPER
3071,2672,3375,9.067,0.292,5.138,-0.087,-0.005,0.022,SUPER
4095,3806,2971,8.926,0.527,5.049,-0.027,-0.099,-0.066,SUPER
3693,4095,4024,8.708,0.692,4.748,-0.015,-0.094,-0.028,SUPER
3755,859,3458,8.765,0.536,4.776,-0.037,-0.028,0.036,SUPER
4095,816,3806,8.892,0.294,4.925,-0.027,0.022,0.039,SUPER
2833,943,4095,8.928,0.235,5.009,-0.019,-0.025,-0.045,SUPER
4005,2282,3792,8.734,0.4,4.827,-0.027,-0.047,-0.043,SUPER
3257,4095,2655,8.72,0.311,4.822,-0.053,-0.005,-0.02,SUPER
4045,1319,4095,8.784,0.275,4.82,-0.09,0.041,-0.006,SUPER
4095,0,4087,8.892,0.275,4.939,-0.099,0.087,-0.014,SUPER
3521,4095,3552,9.012,0.268,5.054,-0.09,0.071,-0.021,SUPER
2782,1676,4095,9.072,0.318,5.057,-0.083,0.034,-0.023,SUPER
4095,1978,3136,9.199,0.311,5.179,-0.078,-0.032,-0.027,SUPER
3439,4095,4095,9.124,0.433,5.109,-0.073,-0.099,-0.015,SUPER
4095,3462,4095,9.199,0.318,5.088,-0.079,-0.116,-0.019,SUPER
4095,2011,4095,9.002,0.529,5.14,-0.075,-0.141,-0.005,SUPER
3362,1759,4095,9.064,0.371,4.98,-0.054,-0.126,0.009,SUPER
3920,2861,3729,8.985,0.488,4.915,-0.078,-0.116,0.018,SUPER
3471,4095,2640,9.105,0.366,5.092,-0.101,-0.147,0.046,SUPER
4031,989,4095,9.163,0.321,5.239,-0.079,-0.278,0.021,SUPER
4095,0,4095,9.048,0.412,4.987,-0.047,-0.404,0.017,SUPER
3639,3208,3530,8.83,0.371,4.623,-0.052,-0.406,0.057,SUPER
4095,3271,4095,8.339,-5.624,1.061,0.005,-0.091,-0.087,SUPER
4095,3195,4095,8.475,-5.753,1.089,-0.001,-0.067,-0.218,SUPER
4095,2519,4080,8.583,-5.648,1.283,0.039,-0.069,-0.408,SUPER
4095,2193,4055,8.504,-5.404,1.281,0.07,-0.136,-0.525,SUPER
4046,2779,4043,8.313,-5.076,1.097,0.06,-0.161,-0.463,SUPER
3987,1990,4007,8.337,-5.028,1.049,0.037,-0.106,-0.266,SUPER
4095,1975,4095,8.528,-5.155,1.087,-0.022,-0.068,-0.104,SUPER
4095,2036,4095,9.11,-5.61,1.482,-0.017,-0.13,-0.128,SUPER
3945,1886,3683,9.819,-6.732,1.566,0.105,-0.294,-0.655,SUPER
3791,1531,3917,8.983,-5.758,1.049,0.192,-0.314,-1.272,SUPER
3761,1289,4087,7.961,-4.345,0.74,0.142,-0.241,-1.18,SUPER
3738,725,4095,7.784,-3.785,0.883,0.051,-0.149,-0.674,SUPER
3862,1273,4054,7.989,-3.881,0.931,-0.02,-0.158,-0.109,SUPER
3858,1433,3941,8.473,-4.573,1.006,-0.036,-0.165,0.173,SUPER
4059,1646,3994,8.942,-5.301,0.886,-0.011,-0.16,0.067,SUPER
3994,2129,3955,8.957,-5.586,0.687,-0.001,-0.08,-0.302,SUPER
3968,1465,4035,8.576,-4.788,0.843,-0.017,0.058,-0.525,SUPER
4007,2000,4011,8.373,-4.118,1.132,-0.03,0.076,-0.419,SUPER
4033,2094,4095,8.413,-3.78,1.171,-0.05,0.004,-0.126,SUPER
3893,2547,4019,8.789,-4.257,1.03,-0.055,-0.035,0.106,SUPER
3919,2256,3854,9.11,-4.757,1.03,-0.058,0.007,0.063,SUPER
3911,2320,4038,9.385,-4.882,1.188,-0.054,0.025,-0.132,SUPER
4009,3155,3915,9.299,-4.621,1.166,-0.018,-0.002,-0.378,SUPER
3959,2618,4048,8.909,-3.934,1.037,-0.023,-0.011,-0.399,SUPER
4021,2638,3986,8.645,-3.455,1.041,-0.03,0.031,-0.163,SUPER
3982,2160,4095,8.88,-3.778,1.152,-0.055,0.036,0.117,SUPER
3906,2211,4095,9.237,-4.326,1.262,-0.058,0.019,0.162,SUPER
3859,2058,4059,9.364,-4.568,1.317,-0.024,-0.041,0.034,SUPER
3850,1525,4095,9.141,-4.47,1.166,-0.001,-0.087,-0.056,SUPER
3795,1823,4095,8.847,-4.228,0.986,-0.013,-0.049,-0.042,SUPER
3969,1440,4049,8.751,-4.132,1.075,-0.058,-0.033,0.06,SUPER
3743,1251,3855,8.844,-4.31,1.142,-0.099,-0.05,0.13,SUPER
4000,591,3979,8.971,-4.393,1.18,-0.086,-0.04,0.111,SUPER
3867,1454,4016,8.928,-4.47,1.118,-0.056,-0.033,0.042,SUPER
3972,1775,3952,8.789,-4.312,1.044,-0.05,0.002,-0.003,SUPER
3926,1154,3881,8.875,-4.278,1.302,-0.069,0.01,0.017,SUPER
4095,2005,3970,8.942,-4.18,1.334,-0.069,-0.067,0.061,SUPER
4064,2018,3935,8.868,-4.233,1.116,-0.069,-0.064,0.115,SUPER
3925,2559,3835,8.933,-4.384,1.149,-0.085,-0.033,0.129,SUPER
4001,2783,4095,9.172,-4.664,1.156,-0.066,0.025,0.028,SUPER
3942,4074,4095,9.342,-4.642,1.492,-0.054,0.008,-0.141,SUPER
3959,3922,3984,9.069,-4.168,1.422,-0.025,-0.092,-0.197,SUPER
3867,4095,3991,8.806,-4.022,1.001,-0.046,-0.06,-0.062,SUPER
3989,3174,4084,8.844,-4.123,1.233,-0.099,-0.015,0.084,SUPER
3795,2778,4052,9.074,-4.408,1.317,-0.096,-0.027,0.131,SUPER
3856,2716,4095,9.203,-4.616,1.341,-0.07,-0.066,0.011,SUPER
3856,2229,3985,9.009,-4.269,1.231,-0.056,-0.083,-0.079,SUPER
4047,3068,4023,8.832,-4.161,1.034,-0.054,-0.034,-0.039,SUPER
3914,2368,4095,8.866,-4.183,1.252,-0.088,-0.007,0.026,SUPER
3888,2000,3926,8.945,-4.128,1.374,-0.098,-0.058,0.076,SUPER
4095,1691,4095,9.124,-4.254,1.377,-0.092,-0.131,0.093,SUPER
4033,1809,3979,9.036,-4.3,1.142,-0.052,-0.088,0.069,SUPER
4095,2379,3945,9.187,-4.568,1.214,-0.032,-0.004,-0.008,SUPER
3964,1634,3855,9.108,-4.338,1.314,-0.04,-0.019,-0.066,SUPER
4095,2423,3985,8.926,-4.164,1.274,-0.082,-0.065,-0.009,SUPER
3855,2339,4043,8.859,-4.044,1.29,-0.111,-0.108,0.138,SUPER
3997,3273,3885,8.976,-4.434,1.118,-0.096,-0.082,0.204,SUPER
4095,3271,4021,9.108,-4.673,1.12,-0.1,-0.04,0.132,SUPER
3984,4095,4031,9.067,-4.539,1.386,-0.099,-0.048,0.036,SUPER
4046,4095,4095,8.882,-4.231,1.331,-0.094,-0.134,0.032,SUPER
3839,4095,4095,8.705,-4.125,1.061,-0.094,-0.133,0.119,SUPER
3844,4095,4095,8.768,-4.367,1.02,-0.088,-0.046,0.153,SUPER
3843,4095,4069,9.029,-4.508,1.391,-0.084,-0.068,0.072,SUPER
3920,4095,4095,8.827,-4.156,1.42,-0.047,-0.144,0.034,SUPER
3990,4095,4095,8.739,-4.197,1.168,-0.001,-0.17,0.1,SUPER
4016,3965,4095,8.76,-4.417,0.967,0,-0.105,0.14,SUPER
4095,4095,4095,8.863,-4.513,1.183,-0.028,-0.087,0.141,SUPER
3984,3759,4025,8.95,-4.508,1.329,-0.038,-0.112,0.132,SUPER
4095,3316,4023,8.942,-4.465,1.298,-0.044,-0.213,0.132,SUPER
4095,3264,4095,9.103,-4.762,1.082,-0.011,-0.228,0.118,SUPER
4089,2965,4095,8.897,-4.707,0.852,-0.019,-0.182,0.021,SUPER
4059,2394,3895,8.827,-4.652,0.804,-0.048,-0.036,-0.002,SUPER
4087,2032,3903,8.988,-4.556,1.264,-0.084,-0.015,0.006,SUPER
4015,1173,4073,9.017,-4.515,1.312,-0.059,-0.113,0.042,SUPER
4047,2152,3994,8.959,-4.599,1.087,-0.035,-0.152,0.066,SUPER
4095,3856,4050,9.9,-0.065,-1.662,-0.019,-0.008,-0.041,SUPER
4070,4095,4095,9.843,-0.062,-1.662,-0.013,-0.014,-0.026,SUPER
3771,3888,3998,9.852,-0.148,-1.645,-0.01,-0.008,-0.017,SUPER
3890,3503,4095,9.831,-0.101,-1.597,-0.012,-0.025,-0.009,SUPER
3933,2509,4095,9.821,-0.079,-1.587,-0.017,-0.063,0.025,SUPER
4029,3325,4095,9.744,-0.074,-1.676,-0.028,-0.08,0.083,SUPER
3933,2559,3991,9.74,-0.151,-1.681,-0.035,-0.041,0.116,SUPER
3971,2037,3995,9.85,-0.347,-1.587,-0.021,0.018,0.071,SUPER
4082,1990,4095,9.869,-0.273,-1.492,-0.006,0.004,-0.025,SUPER
4095,1959,4065,9.744,-0.084,-1.568,-0.015,-0.032,-0.043,SUPER
4077,1895,3974,9.658,-0.067,-1.688,-0.044,-0.029,-0.002,SUPER
4047,1247,3814,9.725,-0.098,-1.662,-0.094,-0.002,0.035,SUPER
4095,2043,3911,9.826,-0.091,-1.525,-0.122,0.02,0.038,SUPER
4095,2347,3965,9.953,-0.108,-1.413,-0.106,0.014,-0.012,SUPER
3851,2096,4084,9.96,0.05,-1.506,-0.078,0.005,-0.088,SUPER
4095,2847,4059,9.85,0.259,-1.506,-0.068,0.006,-0.091,SUPER
3977,3093,4053,9.898,0.297,-1.46,-0.073,-0.014,-0.052,SUPER
3865,3781,4000,9.977,0.223,-1.46,-0.075,-0.03,0.001,SUPER
3904,3424,4095,10.063,0.053,-1.393,-0.055,-0.045,0.005,SUPER
3855,4095,4095,9.953,0.045,-1.47,-0.025,-0.062,-0.03,SUPER
3872,4095,4095,9.809,0.103,-1.487,-0.005,-0.042,-0.014,SUPER
4005,4095,4095,9.819,0.057,-1.456,-0.014,-0.04,0.025,SUPER
4011,4095,4095,9.771,-0.01,-1.463,-0.031,-0.054,0.08,SUPER
4079,3519,4095,9.816,-0.151,-1.47,-0.033,-0.057,0.092,SUPER
3873,3404,4095,9.725,-0.172,-1.563,-0.029,-0.046,0.063,SUPER
4073,2851,4095,9.735,-0.208,-1.544,-0.036,-0.008,0.033,SUPER
4012,3135,4095,9.744,-0.103,-1.484,-0.046,0.004,0.023,SUPER
4095,2655,4048,9.831,-0.148,-1.472,-0.059,-0.011,0.014,SUPER
4095,2297,3963,9.845,-0.074,-1.496,-0.074,-0.026,-0.009,SUPER
4075,1639,4058,9.84,-0.01,-1.472,-0.088,-0.033,-0.022,SUPER
3983,2063,4039,9.912,0.041,-1.437,-0.091,-0.03,-0.015,SUPER
4095,2112,4095,9.941,0.077,-1.403,-0.088,-0.028,-0.022,SUPER
4095,1786,3995,9.912,0.113,-1.417,-0.072,-0.029,-0.021,SUPER
4095,2146,4095,9.881,0.074,-1.439,-0.066,-0.028,-0.012,SUPER
3835,1975,4022,9.89,0.067,-1.391,-0.066,-0.036,0.017,SUPER
3926,3418,4095,9.888,0.01,-1.425,-0.06,-0.053,0.047,SUPER
3907,2607,4095,9.821,-0.101,-1.48,-0.039,-0.038,0.049,SUPER
3931,3406,4095,9.756,-0.065,-1.458,-0.032,-0.023,0.019,SUPER
3899,3931,4095,9.689,-0.002,-1.413,-0.041,-0.014,0.037,SUPER
3991,3824,4095,9.795,-0.024,-1.293,-0.059,-0.042,0.073,SUPER
3910,3618,4095,9.831,-0.093,-1.413,-0.068,-0.085,0.083,SUPER
3923,3856,4095,9.835,-0.148,-1.46,-0.068,-0.049,0.051,SUPER
4001,4095,4095,9.917,-0.134,-1.326,-0.066,-0.012,0.002,SUPER
4095,3691,4095,9.984,-0.043,-1.274,-0.07,-0.011,-0.031,SUPER
4083,2962,4069,9.984,0.072,-1.293,-0.076,-0.043,-0.033,SUPER
4081,3414,4095,9.926,0.065,-1.403,-0.084,-0.052,-0.023,SUPER
4012,2747,4016,9.869,0.086,-1.343,-0.083,-0.05,-0.011,SUPER
4095,2863,4095,9.898,0,-1.377,-0.075,-0.05,-0.005,SUPER
3969,1846,4038,9.821,0.041,-1.393,-0.054,-0.037,-0.011,SUPER
4046,2419,4055,9.768,0.031,-1.425,-0.038,-0.031,-0.018,SUPER
3953,2112,3928,9.766,0.084,-1.35,-0.029,-0.035,0.002,SUPER
3870,1495,4095,9.747,0.045,-1.362,-0.025,-0.043,0.035,SUPER
3952,843,3926,9.744,-0.022,-1.417,-0.028,-0.036,0.058,SUPER
3972,1731,4095,9.759,-0.093,-1.415,-0.034,-0.015,0.057,SUPER
3874,2141,4079,9.843,-0.067,-1.322,-0.039,-0.006,0.043,SUPER
3984,2131,4036,9.907,-0.026,-1.3,-0.041,-0.018,0.033,SUPER
3949,2800,4095,9.977,0.038,-1.305,-0.046,-0.031,0.026,SUPER
3931,2535,4095,10.089,0.014,-1.274,-0.053,-0.026,0.009,SUPER
4073,2832,4095,10.13,0.022,-1.183,-0.063,-0.024,-0.021,SUPER
3958,3580,4016,10.137,0.098,-1.144,-0.062,-0.051,-0.037,SUPER
4095,4095,4062,10.053,0.096,-1.192,-0.043,-0.089,-0.049,SUPER
3901,3791,4007,9.881,0.153,-1.3,-0.03,-0.092,-0.05,SUPER
4077,3123,4095,9.835,0.093,-1.307,-0.032,-0.094,-0.016,SUPER
4071,4095,4063,9.787,0.034,-1.338,-0.04,-0.107,0.027,SUPER
4093,4095,4095,9.752,-0.077,-1.384,-0.039,-0.11,0.054,SUPER
4079,3689,4013,9.711,-0.192,-1.432,-0.03,-0.09,0.047,SUPER
3970,2478,4051,9.725,-0.223,-1.401,-0.028,-0.063,0.023,SUPER
4035,3290,4095,9.661,-0.153,-1.41,-0.047,-0.043,0.025,SUPER
3938,2709,3981,9.701,-0.11,-1.35,-0.071,-0.038,0.064,SUPER
3739,1941,4095,9.79,-0.127,-1.331,-0.079,-0.047,0.08,SUPER
4095,3968,2768,9.864,-0.148,-1.377,-0.08,-0.042,0.042,SUPER
3723,2410,3980,9.85,-0.043,-1.331,-0.08,-0.017,0.014,SUPER
3932,0,4095,9.931,0.017,-1.243,-0.08,-0.012,-0.005,SUPER
3945,2240,3450,9.977,0.156,-1.25,-0.084,-0.042,-0.021,SUPER
2672,4095,3023,10.068,0.314,-1.262,-0.066,-0.046,-0.041,SUPER
4095,1779,2879,0.412,-9.843,2.65,-0.157,-0.128,0.133,SUPER
4095,2418,3546,0.273,-9.799,2.602,-0.183,-0.167,0.008,SUPER
4016,1874,3962,0.127,-9.512,2.552,-0.211,-0.184,-0.011,SUPER
4095,2766,3643,0.017,-9.299,2.5,-0.235,-0.184,0.07,SUPER
4095,2795,3338,0.079,-9.407,2.574,-0.207,-0.14,0.131,SUPER
3424,4020,4095,0.244,-9.629,2.717,-0.212,-0.183,0.072,SUPER
4095,919,3110,0.194,-9.567,2.672,-0.227,-0.254,0.016,SUPER
4095,3391,4095,0.098,-9.541,2.54,-0.238,-0.307,-0.021,SUPER
2743,1231,3849,-0.148,-9.27,2.533,-0.235,-0.305,0.022,SUPER
2901,2079,3967,-0.132,-9.333,2.495,-0.199,-0.244,0.14,SUPER
3773,495,3455,0.105,-9.831,2.514,-0.18,-0.217,0.169,SUPER
3175,4095,4095,0.141,-10.065,2.48,-0.178,-0.24,0.09,SUPER
3005,816,3168,-0.129,-9.895,2.32,-0.191,-0.244,0.019,SUPER
4095,3139,3932,-0.278,-10.027,2.255,-0.149,-0.176,-0.002,SUPER
4095,1875,3343,-0.285,-10.082,1.98,-0.091,0.039,-0.07,SUPER
4095,2955,4095,-0.235,-10.127,2.188,-0.094,0.165,-0.159,SUPER
4095,1983,3540,-0.29,-9.89,2.289,-0.171,0.083,-0.158,SUPER
4095,2870,4080,-0.225,-9.867,2.342,-0.249,-0.045,-0.003,SUPER
3230,848,3137,0.029,-10.096,2.346,-0.345,-0.2,0.151,SUPER
3215,1151,3886,0.194,-10.472,2.243,-0.41,-0.322,0.213,SUPER
4095,2983,3963,0.385,-10.944,2.136,-0.451,-0.314,0.113,SUPER
3752,2614,4032,0.529,-11.095,2.061,-0.565,-0.303,-0.06,SUPER
4095,2704,3871,0.575,-10.963,2.243,-0.686,-0.4,-0.169,SUPER
4027,3135,3909,0.649,-10.91,2.2,-0.782,-0.491,-0.28,SUPER
4031,2931,3955,0.532,-10.609,2.126,-0.86,-0.561,-0.315,SUPER
3273,1938,3952,0.548,-10.582,1.968,-0.926,-0.596,-0.286,SUPER
4095,3047,4095,0.606,-10.436,1.894,-1.05,-0.683,-0.288,SUPER
3152,2353,4095,0.455,-9.862,1.719,-1.11,-0.81,-0.245,SUPER
3856,651,3376,0.172,-9.416,1.243,-1.137,-0.905,-0.116,SUPER
2928,407,3197,0.16,-9.38,0.991,-1.154,-0.933,0.018,SUPER
4095,2420,3782,0.457,-9.608,0.886,-1.147,-0.994,0.062,SUPER
3087,1728,3715,0.517,-9.436,0.994,-1.116,-1.174,-0.002,SUPER
4095,1200,3130,0.316,-9.096,0.472,-0.982,-1.358,-0.032,SUPER
3403,2943,4095,-0.132,-8.741,-0.407,-0.902,-1.261,0.012,SUPER
4032,2876,4095,-0.464,-8.339,-0.797,-0.765,-0.952,0.09,SUPER
3681,1362,4095,-0.275,-8.504,-0.845,-0.636,-0.665,0.134,SUPER
4095,2491,3579,0.053,-8.825,-0.747,-0.563,-0.513,0.039,SUPER
3869,3402,4095,0.079,-8.693,-0.644,-0.449,-0.461,-0.134,SUPER
4095,1471,3263,-0.275,-8.217,-0.759,-0.247,-0.383,-0.209,SUPER
4015,653,2975,-0.421,-8.109,-1.247,-0.096,-0.228,-0.076,SUPER
3031,2612,4095,-0.271,-8.566,-1.276,-0.103,-0.026,0.074,SUPER
3698,623,3093,0.077,-9.067,-0.994,-0.086,0.054,0.103,SUPER
4095,4095,4095,0.201,-9.153,-0.881,-0.029,0.09,0.016,SUPER
4095,3120,3215,0.421,-9.237,-0.73,0.018,0.074,-0.037,SUPER
3456,3200,4095,0.4,-9.282,-0.871,0.044,0.034,-0.058,SUPER
4095,891,3334,0.261,-9.304,-0.927,0.065,0.041,-0.018,SUPER
3787,4095,4095,0.342,-9.493,-0.974,0.081,0.07,0.049,SUPER
3526,255,3528,0.436,-9.682,-0.931,0.106,0.115,0.051,SUPER
3583,2032,4095,0.57,-9.749,-0.821,0.09,0.111,0.029,SUPER
4069,1647,3649,0.594,-9.79,-0.876,0.073,0.088,0.025,SUPER
3775,2818,4095,0.587,-9.84,-0.812,0.029,0.08,0.058,SUPER
3735,1061,3249,0.639,-9.912,-0.63,0.022,0.051,0.085,SUPER
4036,3634,4095,0.682,-9.989,-0.788,0.059,0.059,0.035,SUPER
3415,1712,3989,0.63,-9.852,-0.692,0.052,0.073,-0.025,SUPER
3117,1023,3664,0.57,-9.759,-0.634,0.043,0.071,-0.018,SUPER
4095,2466,3567,0.591,-9.797,-0.481,0.021,0.033,0.023,SUPER
3280,2390,4092,0.589,-9.9,-0.522,0.042,0.007,0.045,SUPER
4095,1998,3760,0.599,-9.898,-0.474,0.03,-0.013,0.067,SUPER
4074,2893,4095,0.524,-9.912,-0.433,0.03,-0.031,0.095,SUPER
3526,2192,4095,0.527,-10.063,-0.464,-0.003,-0.04,0.094,SUPER
3071,2160,4074,0.529,-10.159,-0.397,-0.033,-0.062,0.079,SUPER
4095,1911,3529,0.484,-10.087,-0.371,-0.054,-0.071,0.07,SUPER
2965,2646,3734,0.529,-10.111,-0.227,-0.061,-0.12,0.097,SUPER
3925,1583,3293,0.512,-10.132,-0.335,-0.084,-0.172,0.094,SUPER
4013,3935,4095,0.45,-10.144,-0.409,-0.117,-0.192,0.109,SUPER
3415,256,4013,0.486,-10.242,-0.378,-0.163,-0.197,0.122,SUPER
4095,4095,4065,0.457,-10.324,-0.369,-0.211,-0.213,0.102,SUPER
3390,2987,4095,0.481,-10.144,-0.23,-0.305,-0.311,0.105,SUPER
4095,2352,3695,0.474,-9.862,-0.057,-0.374,-0.456,0.137,SUPER
4095,2957,3858,0.5,-9.756,0.002,-0.373,-0.638,0.218,SUPER
4067,2231,3772,0.785,-9.737,0.567,-0.415,-0.918,0.326,SUPER
4095,2184,3437,1.147,-9.835,1.156,-0.363,-1.437,0.356,SUPER
3395,3139,4095,1.633,-9.967,1.729,-0.39,-2.205,0.382,SUPER
3914,1727,3287,1.721,-9.941,1.978,-0.402,-3.135,0.492,SUPER
4095,2889,4095,1.106,-9.95,1.199,-0.298,-3.858,0.685,SUPER
4095,2427,3707,0.692,-5.715,-7.74,-0.016,-0.003,-0.003,SUPER
3678,767,4095,0.713,-5.72,-7.673,-0.013,-0.003,-0.023,SUPER
3685,3683,3931,0.778,-5.763,-7.606,-0.033,-0.041,-0.035,SUPER
3235,4095,2884,0.644,-5.65,-7.678,-0.019,-0.05,-0.05,SUPER
3914,1018,4095,0.546,-5.703,-7.657,0.001,-0.046,-0.008,SUPER
4095,0,4095,0.553,-5.902,-7.683,0.012,-0.035,0.029,SUPER
3615,3381,3909,0.673,-6.088,-7.645,-0.03,-0.066,0.019,SUPER
2946,927,4095,0.5,-5.914,-7.762,-0.063,-0.049,-0.037,SUPER
4095,2617,3193,0.46,-5.61,-7.609,-0.054,-0.011,-0.017,SUPER
4095,4095,3952,0.606,-5.734,-7.659,-0.009,0.003,0.022,SUPER
4095,818,4001,0.709,-5.844,-7.693,-0.001,0.018,0.017,SUPER
4095,1003,3981,0.802,-5.813,-7.508,-0.021,-0.005,0.001,SUPER
3198,817,4095,0.783,-5.717,-7.58,-0.013,-0.026,-0.001,SUPER
4049,3011,3776,0.725,-5.844,-7.64,0.004,-0.027,0.036,SUPER
3250,4095,2901,0.747,-6.079,-7.69,-0.01,-0.028,0.019,SUPER
3664,1841,4095,0.594,-5.986,-7.728,-0.039,-0.009,-0.035,SUPER
4095,808,4095,0.658,-5.799,-7.621,-0.062,0.01,-0.038,SUPER
3958,3627,3822,0.807,-5.816,-7.542,-0.062,0.008,-0.027,SUPER
2688,295,4095,0.833,-5.804,-7.606,-0.053,-0.014,-0.021,SUPER
4095,2036,3187,0.819,-5.782,-7.614,-0.042,-0.018,-0.017,SUPER
4095,4095,4095,0.824,-5.816,-7.623,-0.041,-0.032,0.002,SUPER
4095,2446,4048,0.761,-5.871,-7.669,-0.044,-0.043,-0.002,SUPER
4095,1904,4095,0.702,-5.856,-7.779,-0.042,-0.022,0.004,SUPER
3312,1014,4095,0.706,-5.849,-7.76,-0.043,0,0.017,SUPER
4095,2614,3774,0.778,-5.911,-7.726,-0.047,0.014,0.011,SUPER
3606,4095,2826,0.759,-5.816,-7.585,-0.049,0.026,-0.003,SUPER
4095,1348,4095,0.881,-5.895,-7.575,-0.048,-0.012,0.022,SUPER
4095,0,4095,0.886,-5.933,-7.702,-0.051,-0.033,0.018,SUPER
3741,3554,3706,0.941,-5.914,-7.661,-0.081,-0.055,0.015,SUPER
2472,2815,4095,0.895,-5.844,-7.719,-0.086,-0.054,-0.013,SUPER
4095,1104,3185,0.828,-5.715,-7.688,-0.095,-0.051,-0.017,SUPER
4095,4095,3191,0.85,-5.756,-7.736,-0.092,-0.045,-0.01,SUPER
3792,539,3579,0.95,-5.646,-7.491,-0.071,-0.045,0,SUPER
4095,384,4095,1.034,-5.691,-7.587,-0.044,-0.106,0.028,SUPER
2965,1942,4095,0.814,-5.763,-7.803,-0.035,-0.109,0.011,SUPER
3864,2383,3965,0.625,-5.734,-7.848,-0.039,-0.058,0,SUPER
3385,4095,2791,0.646,-5.76,-7.657,-0.029,0.003,0.014,SUPER
4079,1639,4095,0.895,-5.866,-7.496,-0.043,-0.023,0.046,SUPER
4095,135,4095,1.03,-5.997,-7.575,-0.063,-0.072,0.023,SUPER
4026,3201,3273,0.946,-5.904,-7.666,-0.046,-0.074,-0.056,SUPER
2421,3450,3949,0.716,-5.686,-7.7,-0.025,-0.045,-0.067,SUPER
4095,1040,3605,0.745,-5.691,-7.659,-0.023,-0.026,-0.002,SUPER
4095,4095,3312,0.912,-5.887,-7.544,-0.033,-0.024,0.008,SUPER
4095,3391,4095,1.061,-5.832,-7.372,-0.019,-0.051,-0.039,SUPER
4095,640,4095,1.128,-5.851,-7.254,0.022,-0.12,-0.065,SUPER
3565,2087,4095,0.946,-5.631,-7.355,0.028,-0.192,-0.042,SUPER
4095,2651,3722,0.692,-5.787,-7.681,-0.009,-0.251,0.02,SUPER
3693,4095,2881,0.52,-5.887,-7.807,-0.027,-0.163,0,SUPER
3980,1659,4095,0.558,-5.923,-7.666,-0.034,-0.076,-0.043,SUPER
4095,0,4095,0.771,-6.06,-7.427,-0.06,-0.045,-0.1,SUPER
3888,3025,3463,0.754,-5.839,-7.475,-0.066,-0.046,-0.175,SUPER
2517,3519,4095,0.632,-5.588,-7.506,-0.063,-0.028,-0.131,SUPER
4095,912,3645,0.622,-5.672,-7.63,-0.052,0.014,-0.038,SUPER
4095,1487,3424,0.828,-5.885,-7.57,-0.077,0.059,-0.011,SUPER
3282,1614,4018,1.018,-5.916,-7.355,-0.112,0.031,-0.07,SUPER
3499,0,4095,0.903,-5.657,-7.372,-0.114,-0.025,-0.09,SUPER
3184,1933,4095,0.848,-5.681,-7.602,-0.093,-0.025,-0.048,SUPER
2897,2983,4048,0.886,-5.851,-7.776,-0.097,0.021,-0.047,SUPER
3807,3930,2823,0.929,-5.842,-7.724,-0.119,0.083,-0.115,SUPER
3691,2310,4095,0.953,-5.696,-7.496,-0.119,0.117,-0.182,SUPER
4095,0,4095,1.097,-5.437,-7.211,-0.114,0.082,-0.183,SUPER
4095,3376,3358,1.166,-5.49,-7.321,-0.109,-0.038,-0.088,SUPER
2547,2887,3936,1.015,-5.583,-7.58,-0.09,-0.051,-0.052,SUPER
4095,906,4095,0.984,-5.667,-7.664,-0.108,-0.008,-0.084,SUPER
4095,1455,3183,0.871,-5.679,-7.621,-0.123,0.058,-0.144,SUPER
3393,2463,4095,0.953,-5.693,-7.233,-0.112,0.081,-0.189,SUPER
3856,0,4095,0.924,-5.696,-7.226,-0.103,0.003,-0.198,SUPER
3759,2875,3674,0.764,-5.66,-7.479,-0.094,-0.01,-0.165,SUPER
2803,3282,3856,0.778,-5.72,-7.64,-0.088,0.04,-0.131,SUPER
4095,2946,2775,0.898,-5.758,-7.714,-0.086,0.127,-0.137,SUPER
3583,2071,4095,1.147,-5.823,-7.331,-0.108,0.154,-0.134,SUPER
3572,0,4095,1.346,-5.926,-7.199,-0.121,0.062,-0.174,SUPER
3701,3013,3454,1.099,-5.789,-7.515,-0.15,0.049,-0.207,SUPER
2635,4095,3248,1.07,-5.763,-7.614,-0.178,0.126,-0.262,SUPER
4095,166,3715,0.998,-5.502,-7.623,-0.193,0.226,-0.335,SUPER
