3546,2178,4048,-0.038,8.801,3.364,-0.334,0.007,-0.245,TILT_LEFT
3500,2139,4025,-0.115,8.528,3.366,-0.431,0.082,-0.36,TILT_LEFT
3477,2182,4095,0.393,7.762,3.984,-0.648,0.083,-0.675,TILT_LEFT
3504,2295,4095,0.33,8.653,4.472,-0.778,-0.149,-0.971,TILT_LEFT
3511,2271,4093,-1.001,9.675,3.479,-0.66,-0.173,-0.902,TILT_LEFT
3520,2242,4095,-1.597,9.85,3.27,-0.513,0.137,-0.584,TILT_LEFT
3523,2221,4095,-1.118,9.517,4.331,-0.452,0.279,-0.335,TILT_LEFT
3573,2260,4095,-1.087,9.433,4.846,-0.413,0.236,-0.229,TILT_LEFT
3499,2246,4095,-1.006,9.723,5.413,-0.385,0.089,-0.118,TILT_LEFT
3525,2267,4095,-0.972,9.845,4.858,-0.225,-0.116,0.012,TILT_LEFT
3632,2250,4095,-1.374,9.996,4.377,-0.041,-0.06,0.109,TILT_LEFT
3600,2217,4095,-1.207,9.869,4.683,0.037,0.003,0.248,TILT_LEFT
3475,2230,4095,-0.874,9.438,4.769,0.093,-0.043,0.274,TILT_LEFT
3464,2159,4095,-0.627,9.017,4.492,0.094,-0.096,0.138,TILT_LEFT
3510,2192,4095,-0.797,8.516,3.718,-0.002,-0.036,-0.171,TILT_LEFT
3490,2202,4095,-1.099,8.535,3.654,-0.181,0.131,-0.409,TILT_LEFT
3641,2250,4095,-1.128,8.724,4.061,-0.279,0.221,-0.5,TILT_LEFT
3459,2182,4095,-1.243,9.084,4.499,-0.27,0.222,-0.47,TILT_LEFT
3554,2222,4095,-1.092,9.292,5.021,-0.196,0.126,-0.324,TILT_LEFT
3456,2235,4095,-1.214,9.462,4.944,-0.039,-0.018,-0.144,TILT_LEFT
3410,2192,4095,-1.233,9.292,4.731,0.088,-0.062,0.062,TILT_LEFT
3629,2089,4095,-1.786,9.081,2.782,-0.014,0.076,0.101,TILT_LEFT
3568,2065,4095,-1.556,8.904,2.875,-0.042,0.108,0.123,TILT_LEFT
3613,2084,4049,-1.475,8.885,3.026,-0.062,0.108,0.079,TILT_LEFT
3601,2061,4095,-1.487,9.012,3.089,-0.078,0.038,0.056,TILT_LEFT
3152,2039,4095,-1.492,9.043,2.959,-0.083,-0.043,0.076,TILT_LEFT
3266,2066,4095,-1.542,9.057,2.799,-0.081,-0.088,0.068,TILT_LEFT
3376,2074,4095,-1.621,9.108,2.701,-0.088,-0.103,0.052,TILT_LEFT
3281,2064,4075,-1.7,9.158,2.72,-0.102,-0.112,0.025,TILT_LEFT
3331,2064,4064,-1.808,9.239,2.796,-0.109,-0.125,-0.01,TILT_LEFT
3367,2058,4095,-1.932,9.376,2.907,-0.115,-0.146,-0.039,TILT_LEFT
3392,2032,4095,-2.042,9.524,2.933,-0.112,-0.172,-0.057,TILT_LEFT
3424,2043,4095,-2.167,9.708,2.88,-0.088,-0.186,-0.038,TILT_LEFT
3438,2058,4095,-2.243,9.689,2.859,-0.057,-0.155,-0.002,TILT_LEFT
3654,2084,4095,-2.174,9.488,2.919,-0.03,-0.134,-0.012,TILT_LEFT
3664,2111,4095,-2.152,9.345,2.974,-0.014,-0.142,-0.075,TILT_LEFT
3456,2085,4095,-2.224,9.285,3.065,-0.003,-0.155,-0.154,TILT_LEFT
3507,2102,4095,-2.358,9.469,3.041,0,-0.2,-0.176,TILT_LEFT
3578,2107,4095,-2.483,9.589,2.995,0.009,-0.2,-0.108,TILT_LEFT
3518,2078,4095,-2.435,9.481,2.993,0.027,-0.151,-0.064,TILT_LEFT
3405,2068,4095,-2.401,9.352,2.969,0.029,-0.078,-0.07,TILT_LEFT
3450,2054,4095,-2.184,9.234,3.134,0.035,-0.025,-0.109,TILT_LEFT
3407,2043,4095,-2.124,9.318,3.165,0.061,-0.053,-0.119,TILT_LEFT
3313,2032,4095,-2.088,9.258,3.084,0.076,-0.108,-0.044,TILT_LEFT
3359,2043,4095,-2.049,9.088,2.887,0.076,-0.146,0.038,TILT_LEFT
3387,2058,4095,-1.98,8.873,2.636,0.067,-0.129,0.064,TILT_LEFT
3153,2032,4075,-1.867,8.681,2.691,0.038,-0.112,0.027,TILT_LEFT
3168,2035,4095,-1.82,8.655,2.789,-0.004,-0.176,-0.048,TILT_LEFT
3169,2065,3905,-2.064,8.916,2.698,-0.043,-0.256,-0.048,TILT_LEFT
3099,2026,4095,-2.231,9.064,2.564,-0.063,-0.27,-0.003,TILT_LEFT
3229,2036,4017,-2.365,9.105,2.535,-0.072,-0.23,0.018,TILT_LEFT
3355,2064,4007,-2.385,9.024,2.698,-0.08,-0.177,-0.02,TILT_LEFT
3371,2078,4095,-2.476,9.167,2.825,-0.094,-0.175,-0.068,TILT_LEFT
3303,2066,4095,-2.569,9.333,2.919,-0.099,-0.195,-0.059,TILT_LEFT
3402,2041,4095,-2.665,9.416,2.849,-0.076,-0.2,-0.017,TILT_LEFT
3399,2079,4095,-2.682,9.407,2.796,-0.064,-0.146,0.034,TILT_LEFT
3643,2095,4095,-2.567,9.28,2.868,-0.06,-0.08,0.023,TILT_LEFT
3472,2098,4095,-2.433,9.244,3.048,-0.053,-0.06,-0.045,TILT_LEFT
3641,2074,4095,-2.514,9.335,3.081,-0.042,-0.076,-0.099,TILT_LEFT
3411,2064,4095,-2.571,9.378,2.983,-0.023,-0.097,-0.064,TILT_LEFT
3581,2034,4095,-2.55,9.266,2.899,-0.009,-0.082,-0.004,TILT_LEFT
3407,2025,4095,-2.447,9.067,2.825,-0.009,-0.053,0.024,TILT_LEFT
3408,2043,4095,-2.38,8.981,2.749,-0.017,-0.01,0.006,TILT_LEFT
3397,2041,4095,-2.325,8.904,2.849,-0.042,0.005,-0.002,TILT_LEFT
3363,2047,4095,-2.322,8.904,2.902,-0.061,-0.002,-0.006,TILT_LEFT
3284,2032,4095,-2.303,9.002,2.981,-0.083,-0.029,0.006,TILT_LEFT
3346,2081,4080,-2.313,9.084,2.887,-0.093,-0.067,0.043,TILT_LEFT
3291,2061,3853,-2.332,9.064,2.72,-0.101,-0.038,0.072,TILT_LEFT
3195,2089,4075,-2.198,9.019,2.825,-0.124,0.007,0.054,TILT_LEFT
3242,2018,4055,-2.224,9.086,2.95,-0.145,0.012,0.006,TILT_LEFT
3226,2063,4037,-2.279,9.27,2.974,-0.142,0,0.001,TILT_LEFT
3298,2097,4014,-2.298,9.357,2.921,-0.135,-0.013,0.032,TILT_LEFT
3348,2122,4095,-2.282,9.431,2.806,-0.13,-0.012,0.046,TILT_LEFT
3392,2093,4095,-2.217,9.467,2.787,-0.128,0.009,0.023,TILT_LEFT
3222,2075,4095,-2.191,9.62,2.813,-0.112,0.038,-0.033,TILT_LEFT
3135,1997,4095,-2.176,9.747,3.055,-0.077,0.024,-0.081,TILT_LEFT
3101,2026,4095,-2.239,9.878,3.055,-0.028,-0.016,-0.085,TILT_LEFT
3120,2006,4095,-2.315,9.85,2.902,0.035,-0.01,-0.033,TILT_LEFT
3019,2009,4095,-2.227,9.543,2.916,0.09,0.019,0.019,TILT_LEFT
3250,2021,4095,-2.107,9.158,2.904,0.112,0.023,0.038,TILT_LEFT
3051,1987,4095,-2.045,8.89,2.94,0.099,0.005,0.04,TILT_LEFT
3009,2047,4095,-1.997,8.792,2.873,0.069,-0.035,0.055,TILT_LEFT
3121,2001,4080,-2.028,8.703,2.708,0.043,-0.051,0.101,TILT_LEFT
3198,2032,4095,-1.93,8.531,2.634,0.006,-0.048,0.117,TILT_LEFT
3118,2013,3935,-1.884,8.444,2.631,-0.04,-0.074,0.078,TILT_LEFT
3213,2085,4032,-2.066,8.519,2.516,-0.112,-0.118,0.039,TILT_LEFT
3057,2045,4095,-2.162,8.705,2.464,-0.169,-0.175,0.01,TILT_LEFT
3083,2046,4034,-2.361,9.007,2.291,-0.192,-0.206,0.032,TILT_LEFT
3037,2046,3990,-2.485,9.158,2.27,-0.196,-0.18,0.057,TILT_LEFT
3010,2030,3991,-2.547,9.187,2.389,-0.198,-0.139,0.041,TILT_LEFT
2992,2019,3987,-2.631,9.244,2.605,-0.196,-0.118,-0.011,TILT_LEFT
3019,1979,4095,-2.717,9.414,2.665,-0.194,-0.117,-0.091,TILT_LEFT
3120,2003,4095,-2.868,9.546,2.88,-0.225,-0.116,-0.157,TILT_LEFT
2945,2017,4095,-3.019,9.867,3.007,-0.203,-0.099,-0.167,TILT_LEFT
3008,1981,4095,-3.156,10.125,3.11,-0.134,-0.033,-0.139,TILT_LEFT
2992,1983,4095,-3.11,10.051,3.316,-0.06,0.029,-0.082,TILT_LEFT
4095,2109,4095,-2.835,9.476,2.195,-0.061,-0.139,0.026,TILT_LEFT
4095,1911,3471,-2.892,9.244,2.188,-0.061,-0.116,0.116,TILT_LEFT
4095,2218,4095,-2.65,9.12,2.435,-0.084,-0.151,0.138,TILT_LEFT
4065,2062,3986,-2.389,9.026,2.284,-0.062,-0.267,0.135,TILT_LEFT
4095,2046,3539,-2.459,8.985,1.944,-0.061,-0.334,0.133,TILT_LEFT
3888,2141,4047,-2.598,8.844,1.765,-0.085,-0.323,0.124,TILT_LEFT
4095,2065,4095,-2.701,8.693,1.796,-0.114,-0.286,0.053,TILT_LEFT
4095,2113,4095,-2.971,8.806,1.887,-0.157,-0.216,-0.048,TILT_LEFT
3263,2600,4095,-3.093,8.878,2.16,-0.21,-0.191,-0.109,TILT_LEFT
3947,2094,4095,-3.067,8.995,2.397,-0.235,-0.279,-0.139,TILT_LEFT
4082,2074,3367,-3.139,9.163,2.236,-0.23,-0.349,-0.105,TILT_LEFT
3259,2223,4095,-3.335,9.105,2.148,-0.214,-0.315,-0.037,TILT_LEFT
4095,1919,3773,-3.318,8.861,2.555,-0.221,-0.262,-0.097,TILT_LEFT
4095,2320,4095,-3.294,9.036,2.655,-0.224,-0.314,-0.193,TILT_LEFT
3091,2051,4095,-3.565,9.407,2.358,-0.245,-0.341,-0.183,TILT_LEFT
3877,2218,3751,-3.706,9.754,2.222,-0.249,-0.292,-0.071,TILT_LEFT
4095,2256,3839,-3.682,9.663,2.239,-0.226,-0.129,0.024,TILT_LEFT
4095,1946,4095,-3.587,9.515,2.677,-0.18,0.118,-0.029,TILT_LEFT
4095,2112,2879,-3.318,9.51,3.388,-0.131,0.196,-0.133,TILT_LEFT
3415,2207,3469,-3.256,9.742,3.328,-0.082,0.111,-0.08,TILT_LEFT
3633,2210,4095,-3.218,9.776,2.871,0.013,0.076,0.187,TILT_LEFT
3874,2212,3975,-2.995,9.177,2.495,0.1,0.125,0.406,TILT_LEFT
3475,2548,4090,-2.492,8.602,2.622,0.108,0.145,0.45,TILT_LEFT
3713,2108,3616,-2.253,8.193,2.737,0.034,0.05,0.347,TILT_LEFT
4016,2293,4095,-2.148,8.54,2.6,-0.042,-0.1,0.289,TILT_LEFT
3554,2045,4095,-2.356,8.564,2.157,-0.077,-0.149,0.293,TILT_LEFT
3955,2208,3642,-2.48,8.636,1.994,-0.075,-0.041,0.222,TILT_LEFT
3639,2144,4095,-2.576,8.502,2.188,-0.088,0.108,0.043,TILT_LEFT
3794,2096,4095,-2.617,8.511,2.921,-0.182,0.116,-0.201,TILT_LEFT
3842,2023,4010,-2.662,9.268,3.117,-0.233,-0.128,-0.272,TILT_LEFT
4095,2277,3472,-3.218,9.823,2.545,-0.212,-0.239,-0.077,TILT_LEFT
3408,2252,4095,-3.218,9.797,2.21,-0.119,-0.097,0.148,TILT_LEFT
3275,1902,2945,-2.842,9.333,2.459,-0.049,0.08,0.129,TILT_LEFT
4089,2637,4095,-2.756,9.055,2.751,-0.052,0.168,-0.053,TILT_LEFT
3520,2256,3399,-2.768,9.419,3.062,-0.105,0.119,-0.148,TILT_LEFT
4095,2101,4053,-2.825,9.629,2.825,-0.079,-0.004,-0.051,TILT_LEFT
3159,2198,3506,-3.065,9.644,2.394,-0.016,0.043,0.102,TILT_LEFT
3696,2230,4095,-2.863,9.445,2.459,0.011,0.157,0.208,TILT_LEFT
3513,1986,3659,-2.535,9.098,2.739,0.03,0.205,0.202,TILT_LEFT
4010,2499,3423,-2.303,9,3.021,0.026,0.099,0.118,TILT_LEFT
3360,1901,4023,-2.406,9.163,2.612,0.015,-0.044,0.127,TILT_LEFT
3971,2192,3267,-2.682,9.294,2.04,0.039,-0.019,0.235,TILT_LEFT
3446,2015,4095,-2.672,9.084,1.968,0.048,0.109,0.325,TILT_LEFT
3583,1995,2863,-2.346,8.739,2.363,0.018,0.161,0.273,TILT_LEFT
4051,2170,4095,-2.164,8.59,2.804,-0.064,0.025,0.079,TILT_LEFT
3161,1968,4095,-2.44,9.179,2.49,-0.083,-0.169,-0.016,TILT_LEFT
4095,2320,4095,-2.94,9.603,1.951,-0.068,-0.121,0.105,TILT_LEFT
3163,2164,3735,-2.789,9.357,2.2,-0.046,0.005,0.176,TILT_LEFT
3481,2186,4095,-2.588,9.167,2.579,-0.031,0.036,0.074,TILT_LEFT
3647,2019,3774,-2.713,9.136,2.782,-0.065,-0.043,-0.074,TILT_LEFT
3952,2234,4095,-2.933,9.694,2.535,-0.06,-0.141,-0.059,TILT_LEFT
3579,1901,3815,-3.187,9.754,2.023,-0.008,-0.039,0.106,TILT_LEFT
4095,2043,3839,-2.863,9.404,2.179,0.025,0.114,0.178,TILT_LEFT
3938,2097,4095,-2.571,8.995,2.349,0.031,0.195,0.099,TILT_LEFT
3531,1779,3632,-2.356,8.981,2.746,-0.006,0.155,-0.056,TILT_LEFT
4095,2352,3783,-2.533,9.313,2.591,-0.015,0.037,-0.056,TILT_LEFT
3253,1884,4095,-2.713,9.426,2.195,0.004,0.036,0.085,TILT_LEFT
3631,2153,3937,-2.622,9.309,2.157,0.009,0.131,0.216,TILT_LEFT
3478,1830,3744,-2.315,9.041,2.389,0.012,0.181,0.253,TILT_LEFT
4095,2120,4095,-2.148,8.741,2.638,-0.033,0.12,0.139,TILT_LEFT
3234,1829,3181,-2.181,9.021,2.459,-0.072,-0.017,0.044,TILT_LEFT
4070,2277,3952,-2.519,9.364,1.968,-0.066,-0.011,0.086,TILT_LEFT
3329,1787,3910,-2.421,9.287,1.951,-0.074,0.069,0.163,TILT_LEFT
4095,1983,3157,-2.195,9.127,2.157,-0.09,0.094,0.138,TILT_LEFT
3232,1995,3719,-2.095,9.163,2.339,-0.102,0.071,0.038,TILT_LEFT
3751,1735,3168,-2.172,9.433,2.346,-0.096,-0.017,-0.027,TILT_LEFT
3579,2083,4095,-2.286,9.577,2.188,-0.078,-0.051,-0.02,TILT_LEFT
3600,1904,4095,-2.363,9.529,2.126,-0.05,-0.046,0.035,TILT_LEFT
4095,1846,3821,-2.308,9.29,2.138,-0.049,-0.026,-0.001,TILT_LEFT
3992,2096,4095,-2.418,9.316,2.081,-0.05,-0.009,-0.081,TILT_LEFT
3793,1775,3952,-2.509,9.376,2.251,-0.054,-0.013,-0.125,TILT_LEFT
4095,2107,3871,-2.619,9.491,2.332,-0.053,-0.064,-0.117,TILT_LEFT
3706,2007,4095,-2.847,9.622,2.195,-0.038,-0.085,-0.019,TILT_LEFT
3710,1788,3712,-2.751,9.44,2.14,-0.015,-0.048,0.075,TILT_LEFT
3855,1619,3769,-2.569,9.189,2.279,-0.012,-0.018,0.04,TILT_LEFT
4095,2300,3258,2.107,9.347,-2.344,0.11,-0.076,0.166,TILT_LEFT
4095,2032,2754,2.174,9.172,-2.38,0.113,-0.069,0.109,TILT_LEFT
4007,2291,4058,2.164,9.17,-2.397,0.093,-0.058,0.038,TILT_LEFT
4095,1815,4095,2.114,9.191,-2.416,0.082,-0.046,-0.015,TILT_LEFT
3888,2174,3421,2.045,9.27,-2.358,0.078,-0.044,-0.027,TILT_LEFT
2939,2453,3389,1.999,9.349,-2.344,0.072,-0.058,0.014,TILT_LEFT
4092,1975,4095,2.069,9.352,-2.303,0.076,-0.073,0.058,TILT_LEFT
4033,2192,3066,2.112,9.27,-2.313,0.104,-0.079,0.044,TILT_LEFT
3459,2150,3997,2.049,9.234,-2.464,0.125,-0.073,0.013,TILT_LEFT
3698,2052,4095,1.958,9.187,-2.588,0.105,-0.035,0.03,TILT_LEFT
3903,2383,4095,2.035,9.115,-2.502,0.072,-0.013,0.06,TILT_LEFT
3374,2000,4095,2.222,9.017,-2.318,0.045,-0.06,0.046,TILT_LEFT
4095,2011,2775,2.145,9.079,-2.521,0.032,-0.111,0.032,TILT_LEFT
3795,2180,4082,2.088,9.072,-2.634,0.031,-0.091,0.039,TILT_LEFT
4095,1820,4095,2.033,9.026,-2.772,0.029,-0.036,0.026,TILT_LEFT
3844,2194,3725,2.03,9.045,-2.689,0.01,0.019,0.018,TILT_LEFT
3117,2269,4095,2.128,9.048,-2.49,-0.035,0.009,0.03,TILT_LEFT
4095,1931,4095,2.246,9.045,-2.418,-0.068,-0.07,0.02,TILT_LEFT
4095,2248,2727,2.157,9.134,-2.643,-0.074,-0.101,0.01,TILT_LEFT
3863,2101,4095,2.093,9.203,-2.753,-0.081,-0.058,0.012,TILT_LEFT
3850,1741,4095,2.1,9.182,-2.682,-0.082,-0.021,0.013,TILT_LEFT
3523,2372,3761,2.162,9.143,-2.567,-0.09,-0.017,0.004,TILT_LEFT
3152,2034,4095,2.207,9.155,-2.485,-0.109,-0.052,-0.009,TILT_LEFT
4095,1886,2992,2.215,9.172,-2.473,-0.118,-0.105,-0.029,TILT_LEFT
4051,2112,4095,2.073,9.292,-2.696,-0.116,-0.111,-0.023,TILT_LEFT
3966,1714,4095,1.951,9.352,-2.696,-0.1,-0.057,0.018,TILT_LEFT
3874,1990,3437,2.04,9.258,-2.531,-0.099,-0.025,0.047,TILT_LEFT
2888,2418,3133,2.138,9.155,-2.411,-0.106,-0.043,0.028,TILT_LEFT
4048,1776,4095,2.133,9.218,-2.447,-0.109,-0.082,-0.005,TILT_LEFT
4095,1723,3244,2.03,9.309,-2.557,-0.111,-0.082,0.003,TILT_LEFT
3613,2076,4095,2.018,9.299,-2.61,-0.104,-0.054,0.019,TILT_LEFT
3623,1587,4095,2.016,9.299,-2.559,-0.096,-0.021,0.025,TILT_LEFT
3959,2266,3182,2.109,9.285,-2.385,-0.094,-0.027,0.03,TILT_LEFT
2643,2097,3696,2.131,9.306,-2.315,-0.09,-0.09,0.017,TILT_LEFT
4095,1869,2970,2.04,9.404,-2.538,-0.076,-0.106,0.031,TILT_LEFT
3999,2001,3948,2.037,9.359,-2.624,-0.054,-0.063,0.05,TILT_LEFT
4095,1783,4095,2.045,9.21,-2.61,-0.052,-0.012,0.029,TILT_LEFT
3840,1981,3678,2.148,9.172,-2.447,-0.069,0.003,-0.016,TILT_LEFT
3519,2430,3381,2.112,9.388,-2.349,-0.073,-0.044,-0.031,TILT_LEFT
4010,1943,4095,2.081,9.524,-2.346,-0.047,-0.101,0.03,TILT_LEFT
4095,1886,2992,2.042,9.462,-2.538,-0.015,-0.102,0.085,TILT_LEFT
3461,2224,4095,2.081,9.301,-2.696,-0.007,-0.05,0.086,TILT_LEFT
3739,1527,4095,2.105,9.285,-2.535,-0.009,-0.007,0.059,TILT_LEFT
4095,2027,3291,2.236,9.309,-2.318,0.002,-0.046,0.031,TILT_LEFT
2843,2047,4095,2.186,9.388,-2.421,0.025,-0.098,0.04,TILT_LEFT
4095,1936,3238,2.131,9.4,-2.528,0.043,-0.112,0.095,TILT_LEFT
3951,1968,4095,2.126,9.318,-2.643,0.064,-0.099,0.146,TILT_LEFT
3611,1886,4095,2.157,9.148,-2.667,0.07,-0.065,0.162,TILT_LEFT
3978,1968,3425,2.385,8.997,-2.349,0.072,-0.073,0.119,TILT_LEFT
3408,2336,3095,2.442,9.012,-2.38,0.1,-0.164,0.022,TILT_LEFT
3728,1901,4095,2.251,9.179,-2.658,0.113,-0.207,-0.007,TILT_LEFT
4095,1790,3119,2.042,9.194,-2.986,0.096,-0.161,0.038,TILT_LEFT
3479,2257,4095,2.169,9.079,-2.679,0.1,-0.107,0.066,TILT_LEFT
3305,1975,4095,2.315,9.115,-2.547,0.169,-0.128,0.017,TILT_LEFT
3878,2177,3376,2.289,9.261,-2.677,0.253,-0.163,-0.026,TILT_LEFT
2969,2448,3751,2.286,9.268,-2.746,0.307,-0.175,-0.05,TILT_LEFT
3760,1867,3408,2.267,9.371,-2.83,0.387,-0.179,-0.098,TILT_LEFT
4095,2019,4046,2.076,9.57,-2.849,0.447,-0.2,-0.046,TILT_LEFT
3527,2000,4095,2.047,9.416,-3.021,0.456,-0.251,0.116,TILT_LEFT
3902,2000,4016,2.16,8.997,-3.326,0.476,-0.268,0.172,TILT_LEFT
3431,2334,3312,2.047,8.775,-3.615,0.454,-0.227,0.156,TILT_LEFT
3888,2045,4095,2.116,8.55,-3.74,0.376,-0.189,0.129,TILT_LEFT
4095,1799,3145,2.095,8.411,-3.826,0.271,-0.141,0.072,TILT_LEFT
3775,2224,3600,2.035,8.241,-3.926,0.151,-0.085,0.021,TILT_LEFT
3599,1810,4095,2.002,8.133,-3.859,0.028,-0.016,-0.057,TILT_LEFT
4095,2003,3987,1.853,8.303,-3.749,-0.084,0.056,-0.102,TILT_LEFT
3987,2482,3903,1.882,8.655,-3.393,-0.193,0.066,-0.022,TILT_LEFT
4095,1798,3602,2.002,8.691,-3.347,-0.264,0.037,0.073,TILT_LEFT
4095,2039,4059,2.169,8.715,-3.39,-0.299,0.034,0.082,TILT_LEFT
3374,1947,4095,2.298,8.765,-3.349,-0.282,0.033,-0.015,TILT_LEFT
3493,2078,3653,2.093,9.244,-3.505,-0.267,0.063,-0.058,TILT_LEFT
3299,2299,3035,2.081,9.371,-3.541,-0.271,0.127,-0.002,TILT_LEFT
3597,1926,4095,2.239,9.359,-3.11,-0.266,0.123,0.036,TILT_LEFT
4095,1495,3635,2.43,9.397,-2.986,-0.233,0.025,0.058,TILT_LEFT
3338,2227,3764,2.43,9.366,-3.139,-0.154,-0.066,0.048,TILT_LEFT
4063,2402,3928,-1.173,10.257,-1.156,-0.189,-0.16,-0.034,TILT_LEFT
3913,2314,4019,-0.886,9.862,-0.706,-0.153,-0.126,0.114,TILT_LEFT
3959,2387,4095,-0.642,9.625,-0.582,-0.158,-0.187,0.072,TILT_LEFT
4065,2352,4029,-0.673,9.531,-0.836,-0.159,-0.228,-0.058,TILT_LEFT
3931,2374,3931,-0.991,9.716,-1.087,-0.172,-0.164,-0.133,TILT_LEFT
4000,2398,3993,-1.053,9.716,-1.099,-0.194,-0.077,-0.1,TILT_LEFT
3998,2439,3943,-0.919,9.548,-0.991,-0.207,-0.036,-0.112,TILT_LEFT
3969,2365,3867,-0.852,9.622,-0.912,-0.228,-0.058,-0.17,TILT_LEFT
3965,2367,3919,-1.015,9.926,-0.869,-0.199,-0.087,-0.17,TILT_LEFT
3926,2398,3885,-1.128,10.168,-0.895,-0.145,-0.119,-0.074,TILT_LEFT
4067,2403,4095,-1.044,10.099,-0.979,-0.109,-0.127,0.007,TILT_LEFT
3969,2389,3941,-1.065,9.993,-1.065,-0.088,-0.098,0.007,TILT_LEFT
4065,2353,4095,-0.998,10.104,-1.068,-0.082,-0.049,-0.003,TILT_LEFT
3919,2320,4069,-0.922,10.137,-0.998,-0.074,-0.035,0.007,TILT_LEFT
3939,2349,4095,-0.742,10.094,-0.776,-0.047,-0.07,0.023,TILT_LEFT
3987,2383,4095,-0.723,10.171,-0.766,0.009,-0.166,0.076,TILT_LEFT
3829,2384,4062,-0.661,10.108,-1.041,0.072,-0.207,0.171,TILT_LEFT
4066,2347,4095,-0.256,9.694,-0.883,0.121,-0.243,0.187,TILT_LEFT
4029,2342,4095,-0.057,9.562,-0.622,0.079,-0.411,0.201,TILT_LEFT
3951,2307,4095,0.239,9.055,-0.587,-0.09,-0.676,0.237,TILT_LEFT
3872,2360,3982,0.436,8.588,-0.685,-0.346,-0.985,0.196,TILT_LEFT
4095,2369,4095,0.366,7.927,-0.685,-0.735,-1.231,0.05,TILT_LEFT
4051,2327,4016,0.752,7.123,-0.038,-1.193,-1.551,-0.359,TILT_LEFT
4033,2384,3899,0.591,6.673,-0.316,-1.636,-1.85,-0.863,TILT_LEFT
3995,2429,3946,-0.802,7.254,-0.824,-1.917,-1.82,-1.281,TILT_LEFT
3913,2438,3937,-2.559,8.859,-1.434,-1.975,-1.213,-1.236,TILT_LEFT
4089,2523,3909,-2.444,9.333,-0.682,-1.84,-0.424,-0.966,TILT_LEFT
3952,2559,3926,-1.724,8.847,1.039,-1.799,0.035,-0.972,TILT_LEFT
3950,2533,4049,-2.212,9.309,2.337,-1.798,0.229,-1.142,TILT_LEFT
3984,2481,4064,-2.516,10.434,3.62,-1.593,0.161,-1.113,TILT_LEFT
3952,2489,4095,-3,11.411,3.768,-1.192,-0.051,-0.802,TILT_LEFT
3847,2499,4095,-3.326,11.583,3.22,-0.73,-0.167,-0.362,TILT_LEFT
3952,2457,4095,-3.479,11.595,2.832,-0.396,-0.167,0.135,TILT_LEFT
3983,2475,4095,-2.887,10.647,2.595,-0.242,-0.169,0.437,TILT_LEFT
3966,2455,4095,-2.385,9.905,2.418,-0.179,-0.16,0.305,TILT_LEFT
4031,2494,4095,-2.332,9.732,2.289,-0.201,-0.185,0.025,TILT_LEFT
3962,2559,4095,-2.698,9.96,2.011,-0.205,-0.179,-0.154,TILT_LEFT
4095,2559,4095,-2.995,10.12,1.92,-0.168,-0.058,-0.185,TILT_LEFT
4035,2594,4095,-2.993,10.029,2.282,-0.151,0.061,-0.091,TILT_LEFT
4061,2586,3969,-2.617,9.85,2.811,-0.124,0.044,-0.026,TILT_LEFT
4079,2513,4071,-2.531,9.737,2.921,-0.034,-0.031,-0.024,TILT_LEFT
4095,2512,4037,-2.612,9.756,2.552,0.039,-0.042,0.041,TILT_LEFT
3985,2592,4095,-2.509,9.39,2.308,0.068,0.039,0.097,TILT_LEFT
3936,2559,3904,-2.349,9.103,2.337,0.06,0.124,0.087,TILT_LEFT
3942,2591,4080,-2.136,8.88,2.569,-0.004,0.089,0.047,TILT_LEFT
3962,2555,3903,-2.162,8.973,2.423,-0.025,0.005,0.001,TILT_LEFT
3792,2542,3941,-2.387,9.062,2.085,-0.005,0.006,-0.002,TILT_LEFT
3833,2510,3966,-2.397,9.129,2.083,-0.026,0.045,0.054,TILT_LEFT
3886,2527,4093,-2.282,8.94,2.16,-0.068,0.059,0.063,TILT_LEFT
3943,2496,4034,-2.021,9.009,2.521,-0.115,0.008,0.005,TILT_LEFT
3824,2419,4047,-2.231,9.251,2.198,-0.096,-0.09,-0.051,TILT_LEFT
3911,2446,4095,-2.576,9.433,1.937,-0.061,-0.065,-0.013,TILT_LEFT
3959,2459,4095,-2.531,9.311,1.98,-0.057,0.007,0.029,TILT_LEFT
4019,2448,4095,-2.423,9.266,2.231,-0.084,0.045,-0.007,TILT_LEFT
3888,2493,4095,-2.358,9.357,2.339,-0.109,0.011,-0.058,TILT_LEFT
4062,2473,4095,-2.547,9.527,2.255,-0.088,0,-0.063,TILT_LEFT
4055,2481,4070,-2.557,9.527,2.356,-0.069,0.009,-0.019,TILT_LEFT
4095,2544,4095,-2.523,9.495,2.267,-0.044,0.005,-0.001,TILT_LEFT
4068,2529,4093,-2.54,9.507,2.26,-0.033,0.032,0.021,TILT_LEFT
4045,2543,3961,-2.389,9.342,2.342,-0.039,0.018,0.033,TILT_LEFT
4095,2610,4095,-2.387,9.371,2.368,-0.039,-0.008,0.02,TILT_LEFT
4095,2549,4015,-2.418,9.407,2.334,-0.033,-0.052,0.029,TILT_LEFT
3984,2503,4095,-2.492,9.395,2.116,-0.004,-0.04,0.056,TILT_LEFT
4015,2548,4095,-2.473,9.39,2.143,0.021,-0.007,0.091,TILT_LEFT
3828,2507,4095,-2.377,9.172,2.215,0.013,-0.008,0.1,TILT_LEFT
3881,2501,4023,-2.342,9.096,2.21,-0.012,-0.03,0.056,TILT_LEFT
3879,2506,4062,-2.442,9.179,2.054,-0.034,-0.029,0.024,TILT_LEFT
3831,2483,4095,-2.389,9.222,2.193,-0.055,-0.016,0.03,TILT_LEFT
4001,2529,3989,-2.394,9.237,2.157,-0.06,-0.025,0.014,TILT_LEFT
3937,2510,4023,-2.48,9.285,2.119,-0.06,-0.009,0.011,TILT_LEFT
3905,2509,4001,-2.512,9.273,2.246,-0.062,-0.004,0.011,TILT_LEFT
3979,2526,4095,-2.478,9.273,2.234,-0.054,-0.001,-0.009,TILT_LEFT
4010,2465,4080,-2.399,9.321,2.243,-0.067,-0.004,-0.012,TILT_LEFT
3980,2488,3968,-2.392,9.33,2.071,-0.069,-0.004,-0.025,TILT_LEFT
4062,2447,3888,-2.444,9.354,2.054,-0.07,0.033,-0.027,TILT_LEFT
4057,2213,4079,2.43,9.258,-1.877,-0.31,-0.33,-0.166,TILT_LEFT
4095,2257,4095,2.145,9.649,-2.332,-0.292,-0.404,-0.357,TILT_LEFT
4069,2256,3909,1.889,9.941,-2.705,-0.248,-0.321,-0.349,TILT_LEFT
4095,2275,4095,1.805,9.957,-2.713,-0.195,-0.184,-0.268,TILT_LEFT
4061,2266,4065,1.882,9.864,-2.643,-0.128,-0.072,-0.179,TILT_LEFT
4095,2273,4095,2.04,9.661,-2.516,-0.066,-0.019,-0.111,TILT_LEFT
4016,2206,4095,2.16,9.536,-2.255,-0.032,-0.062,-0.088,TILT_LEFT
4048,2241,4095,2.085,9.538,-2.14,-0.015,-0.148,-0.083,TILT_LEFT
4095,2291,4095,1.913,9.627,-2.265,-0.017,-0.201,-0.082,TILT_LEFT
4095,2235,4095,1.851,9.759,-2.466,-0.031,-0.143,-0.081,TILT_LEFT
4095,2210,4095,1.963,9.78,-2.217,-0.045,-0.06,-0.138,TILT_LEFT
3996,2219,4095,1.87,9.807,-1.932,-0.041,-0.062,-0.258,TILT_LEFT
4048,2244,4095,1.623,10.015,-1.867,-0.02,-0.079,-0.291,TILT_LEFT
3990,2235,3998,1.513,10.104,-1.982,-0.004,-0.127,-0.183,TILT_LEFT
4095,2243,4095,1.511,9.936,-2.279,0.024,-0.109,-0.021,TILT_LEFT
4033,2192,3996,1.664,9.658,-2.289,0.033,-0.019,0.07,TILT_LEFT
4095,2202,3957,1.779,9.491,-2.112,0.038,0.08,0.071,TILT_LEFT
3890,2237,3927,1.918,9.352,-1.805,0.074,0.14,0.051,TILT_LEFT
4077,2256,4026,2.191,9.103,-1.379,0.119,0.098,0.01,TILT_LEFT
3906,2287,4002,2.205,8.921,-1.235,0.156,-0.055,-0.012,TILT_LEFT
4068,2207,4005,1.908,8.93,-1.475,0.183,-0.168,0.055,TILT_LEFT
3958,2228,4040,1.827,8.801,-1.75,0.183,-0.158,0.251,TILT_LEFT
3826,2210,4045,2.2,8.325,-1.638,0.142,-0.156,0.364,TILT_LEFT
3917,2207,4095,2.538,7.906,-1.559,0.057,-0.262,0.262,TILT_LEFT
3953,2240,4095,2.392,8.004,-1.741,-0.03,-0.369,0.082,TILT_LEFT
3965,2182,4067,2.148,8.203,-2.09,-0.095,-0.408,-0.051,TILT_LEFT
3955,2224,4095,1.994,8.346,-2.349,-0.173,-0.388,-0.124,TILT_LEFT
4095,2170,4095,1.879,8.557,-2.658,-0.29,-0.404,-0.127,TILT_LEFT
4095,2180,4095,1.75,8.712,-3.089,-0.403,-0.386,-0.088,TILT_LEFT
4034,2193,4095,1.736,9.012,-3.402,-0.476,-0.286,-0.053,TILT_LEFT
4083,2225,4095,1.657,9.481,-3.491,-0.507,-0.14,0.022,TILT_LEFT
4095,2242,4056,1.899,9.857,-3.156,-0.49,-0.034,0.078,TILT_LEFT
4095,2198,3936,2.167,10.19,-2.811,-0.432,-0.044,0.064,TILT_LEFT
4095,2202,3995,2.133,10.633,-2.751,-0.341,-0.074,0.02,TILT_LEFT
4095,2221,4027,2.145,10.953,-2.799,-0.225,-0.037,0.082,TILT_LEFT
4071,2226,4093,2.234,10.748,-2.526,-0.115,-0.02,0.183,TILT_LEFT
4095,2255,4079,2.286,10.29,-2.334,-0.03,-0.07,0.237,TILT_LEFT
3975,2221,3989,2.291,9.792,-2.176,0.002,-0.164,0.212,TILT_LEFT
4043,2189,4095,2.241,9.503,-2.239,0.01,-0.294,0.144,TILT_LEFT
4003,2238,4087,1.944,9.316,-2.423,0.026,-0.335,0.088,TILT_LEFT
3961,2215,4045,1.741,9.139,-2.49,0.007,-0.291,0.047,TILT_LEFT
3906,2185,3953,1.659,8.993,-2.397,-0.038,-0.225,-0.001,TILT_LEFT
3961,2178,4095,1.683,9.005,-2.322,-0.067,-0.19,-0.039,TILT_LEFT
4095,2192,4095,1.772,8.99,-2.155,-0.082,-0.19,-0.076,TILT_LEFT
3998,2167,4020,1.724,9.043,-2.227,-0.083,-0.208,-0.122,TILT_LEFT
3920,2206,4095,1.566,9.258,-2.5,-0.094,-0.181,-0.094,TILT_LEFT
3955,2205,4095,1.583,9.371,-2.672,-0.121,-0.086,0.004,TILT_LEFT
4095,2201,4095,1.767,9.333,-2.658,-0.148,0.011,0.067,TILT_LEFT
4095,2221,4095,1.856,9.503,-2.564,-0.155,0.06,0.083,TILT_LEFT
3969,2174,4095,1.958,9.656,-2.579,-0.145,0.063,0.114,TILT_LEFT
4095,2291,4095,2.107,9.732,-2.655,-0.119,0.051,0.148,TILT_LEFT
4095,2209,4095,2.176,9.752,-2.751,-0.095,0.047,0.163,TILT_LEFT
4039,2240,4031,2.224,9.713,-2.799,-0.071,0.057,0.163,TILT_LEFT
3991,2155,4066,2.301,9.572,-2.703,-0.053,0.055,0.145,TILT_LEFT
4053,2218,4038,2.382,9.483,-2.492,-0.028,-0.005,0.109,TILT_LEFT
4034,2223,4085,2.363,9.45,-2.425,0.006,-0.091,0.072,TILT_LEFT
4002,2203,4048,2.16,9.445,-2.504,0.058,-0.14,0.054,TILT_LEFT
4085,2224,4095,1.939,9.436,-2.591,0.089,-0.127,0.085,TILT_LEFT
3941,2175,4048,1.942,9.285,-2.492,0.093,-0.105,0.126,TILT_LEFT
4088,2252,4038,2.09,9.096,-2.382,0.09,-0.126,0.127,TILT_LEFT
3967,2182,4067,2.126,9.019,-2.421,0.08,-0.16,0.08,TILT_LEFT
3998,2194,4095,1.973,9.031,-2.574,0.066,-0.146,0.053,TILT_LEFT
4095,2185,4095,1.958,9,-2.643,0.055,-0.069,0.06,TILT_LEFT
4095,2237,3963,2.138,8.892,-2.437,0.023,-0.007,0.057,TILT_LEFT
4091,2240,4051,2.263,8.961,-2.289,-0.019,-0.029,0.051,TILT_LEFT
4095,2257,4095,2.246,9.122,-2.322,-0.034,-0.045,0.056,TILT_LEFT
4067,2247,4095,2.229,9.261,-2.217,-0.036,-0.052,0.098,TILT_LEFT
4052,2226,4079,2.327,9.21,-2.227,-0.023,-0.067,0.112,TILT_LEFT
4095,2223,4095,2.428,9.076,-2.162,-0.002,-0.074,0.083,TILT_LEFT
4092,2261,4095,2.435,9.194,-2.203,0.001,-0.158,0.042,TILT_LEFT
4095,2235,4095,2.073,9.57,-2.495,0.038,-0.181,0.114,TILT_LEFT
4095,2241,4095,1.99,9.606,-2.674,0.064,-0.125,0.292,TILT_LEFT
3985,2213,4095,2.222,9.33,-2.528,0.083,-0.088,0.381,TILT_LEFT
4050,2261,4095,2.454,9.222,-2.411,0.129,-0.141,0.318,TILT_LEFT
3971,2220,4095,2.638,9.313,-2.363,0.203,-0.25,0.183,TILT_LEFT
3847,2418,3583,-3.062,9.395,0.539,0.096,0.047,0.153,TILT_LEFT
3781,2509,3489,-2.883,9.179,0.517,0.106,0.035,0.115,TILT_LEFT
3955,2283,3753,-2.916,9.076,0.285,0.092,0.032,0.045,TILT_LEFT
3875,2348,4095,-2.974,9.096,0.136,0.073,0.064,0.005,TILT_LEFT
4016,2185,4095,-2.868,9.014,0.273,0.048,0.106,-0.001,TILT_LEFT
4008,2737,3744,-2.691,8.942,0.476,-0.021,0.11,-0.035,TILT_LEFT
3599,2347,3760,-2.722,9.033,0.424,-0.086,0.084,-0.091,TILT_LEFT
4095,2259,4095,-2.83,9.256,0.342,-0.116,0.065,-0.122,TILT_LEFT
4095,2365,3403,-2.871,9.392,0.285,-0.109,0.05,-0.116,TILT_LEFT
3548,2339,3959,-2.954,9.5,0.266,-0.068,0.048,-0.072,TILT_LEFT
3723,2467,3867,-2.976,9.491,0.273,-0.023,0.039,0.003,TILT_LEFT
4095,2430,3681,-2.971,9.452,0.28,0.016,0.012,0.078,TILT_LEFT
3574,2235,3723,-2.887,9.349,0.323,0.036,-0.028,0.128,TILT_LEFT
3839,2370,3614,-2.787,9.237,0.345,0.041,-0.1,0.133,TILT_LEFT
3723,2414,4095,-2.859,9.184,0.306,0.049,-0.132,0.083,TILT_LEFT
3673,2283,4095,-2.976,9.206,0.271,0.046,-0.11,0.036,TILT_LEFT
3499,2304,3326,-3.057,9.182,0.417,0.039,-0.082,0.008,TILT_LEFT
3309,2433,3741,-3.091,9.189,0.601,0.029,-0.098,0.024,TILT_LEFT
4095,2115,4095,-3.06,9.088,0.567,0.028,-0.153,0.067,TILT_LEFT
4095,2323,3378,-3.127,9.076,0.414,0.037,-0.18,0.104,TILT_LEFT
3139,2447,4095,-3.144,8.964,0.227,0.024,-0.175,0.122,TILT_LEFT
4006,2071,3825,-3.141,8.863,0.196,-0.003,-0.148,0.079,TILT_LEFT
4083,2336,4095,-3.206,8.863,0.225,-0.053,-0.144,0.046,TILT_LEFT
4095,2211,3713,-3.213,8.942,0.292,-0.094,-0.153,0.035,TILT_LEFT
4095,2302,3494,-3.299,9.122,0.268,-0.109,-0.156,0.05,TILT_LEFT
4053,2183,4026,-3.338,9.21,0.225,-0.099,-0.125,0.092,TILT_LEFT
3862,2181,4095,-3.29,9.17,0.215,-0.09,-0.067,0.102,TILT_LEFT
4095,2503,3774,-3.218,9.153,0.366,-0.101,-0.026,0.085,TILT_LEFT
3275,2553,4095,-3.156,9.201,0.539,-0.121,-0.029,0.076,TILT_LEFT
3741,2178,4095,-3.168,9.316,0.543,-0.126,-0.05,0.084,TILT_LEFT
4095,2448,3321,-3.172,9.448,0.469,-0.119,-0.057,0.128,TILT_LEFT
3414,2339,4095,-3.081,9.328,0.481,-0.111,-0.042,0.139,TILT_LEFT
4095,2063,3696,-2.986,9.313,0.491,-0.098,-0.044,0.121,TILT_LEFT
3949,2307,4095,-2.945,9.395,0.543,-0.099,-0.035,0.095,TILT_LEFT
3088,2111,4095,-2.825,9.34,0.697,-0.12,-0.053,0.05,TILT_LEFT
3933,2165,3399,-2.916,9.5,0.589,-0.119,-0.083,0.03,TILT_LEFT
3280,2467,3614,-2.957,9.567,0.527,-0.094,-0.055,0.048,TILT_LEFT
4064,2178,4095,-2.871,9.44,0.462,-0.056,-0.01,0.058,TILT_LEFT
3328,2166,3633,-2.818,9.306,0.558,-0.051,0.017,0.046,TILT_LEFT
3984,2442,3875,-2.641,9.191,0.702,-0.072,0.002,0.009,TILT_LEFT
3640,2218,4095,-2.614,9.232,0.783,-0.074,-0.066,-0.05,TILT_LEFT
3451,2156,4095,-2.775,9.361,0.651,-0.055,-0.134,-0.05,TILT_LEFT
4063,2620,4095,-2.808,9.278,0.515,-0.028,-0.139,-0.05,TILT_LEFT
3482,2385,4095,-2.842,9.225,0.441,-0.022,-0.12,-0.07,TILT_LEFT
4095,2256,3971,-2.799,9.103,0.668,-0.039,-0.126,-0.099,TILT_LEFT
3793,2247,3325,-2.878,9.11,0.634,-0.05,-0.175,-0.14,TILT_LEFT
3615,2272,3933,-3.103,9.258,0.455,-0.049,-0.173,-0.117,TILT_LEFT
3792,2214,3440,-3.172,9.254,0.414,-0.034,-0.147,-0.052,TILT_LEFT
4095,2547,3789,-3.144,9.163,0.335,-0.02,-0.112,-0.014,TILT_LEFT
3582,2286,4095,-3.048,8.988,0.299,-0.04,-0.088,-0.022,TILT_LEFT
4095,2485,3392,-3.043,8.961,0.215,-0.089,-0.069,-0.063,TILT_LEFT
3515,2189,4095,-3.136,9.098,0.266,-0.128,-0.065,-0.078,TILT_LEFT
3696,2064,3019,-3.172,9.246,0.196,-0.139,-0.05,-0.051,TILT_LEFT
4095,2299,3907,-3.117,9.304,0.259,-0.14,-0.045,-0.005,TILT_LEFT
3274,2005,4095,-3.089,9.328,0.244,-0.137,-0.052,0.02,TILT_LEFT
3935,2365,4095,-3.136,9.385,0.093,-0.139,-0.066,0.048,TILT_LEFT
3519,2358,4047,-3.139,9.347,-0.005,-0.152,-0.044,0.06,TILT_LEFT
4049,2384,4095,-3.062,9.357,-0.108,-0.176,-0.017,0.037,TILT_LEFT
3879,2237,3873,-2.974,9.402,-0.101,-0.21,-0.009,-0.013,TILT_LEFT
4095,2498,3718,-2.957,9.603,-0.005,-0.229,-0.033,-0.066,TILT_LEFT
3419,2046,3748,-3.007,9.871,0.043,-0.219,-0.079,-0.068,TILT_LEFT
4095,2613,3504,-3.112,10.068,-0.005,-0.173,-0.085,-0.027,TILT_LEFT
3885,2369,4095,-3.072,10.108,0.06,-0.119,-0.057,0.02,TILT_LEFT
3983,2064,4093,-2.909,10.008,0.297,-0.082,-0.066,0.03,TILT_LEFT
4095,2610,4095,-2.899,9.96,0.4,-0.042,-0.094,0.018,TILT_LEFT
3387,2240,4095,-2.914,9.91,0.469,0.002,-0.099,0.03,TILT_LEFT
4095,2213,3920,-2.871,9.778,0.596,0.042,-0.111,0.029,TILT_LEFT
3840,2397,3660,-2.962,9.682,0.572,0.083,-0.136,0.049,TILT_LEFT
4033,2324,4095,-2.931,9.462,0.474,0.107,-0.14,0.095,TILT_LEFT
3617,2103,3856,-2.82,9.225,0.548,0.119,-0.142,0.096,TILT_LEFT
3902,2507,3951,-2.801,9.055,0.613,0.107,-0.176,0.062,TILT_LEFT
3537,2174,4095,-2.89,8.928,0.438,0.094,-0.205,0.023,TILT_LEFT
4095,2339,3638,-3.038,8.904,0.28,0.078,-0.192,0.007,TILT_LEFT
3888,2368,4095,-3.112,8.863,0.259,0.046,-0.164,0.013,TILT_LEFT
3717,2226,3600,-3.141,8.88,0.251,0.013,-0.138,0.017,TILT_LEFT
4095,2127,3057,-3.417,7.767,3.766,0.091,-0.424,0.195,TILT_LEFT
4095,1891,4095,-3.381,7.98,3.543,0.029,-0.422,0.241,TILT_LEFT
3829,2518,3504,-3.426,7.968,3.28,-0.031,-0.337,0.191,TILT_LEFT
3139,2701,3760,-3.359,7.977,3.519,-0.139,-0.238,0.06,TILT_LEFT
4095,2267,3600,-3.359,8.009,3.728,-0.27,-0.231,-0.108,TILT_LEFT
3930,2626,2755,-3.761,8.487,3.749,-0.357,-0.207,-0.228,TILT_LEFT
3571,2267,4095,-3.948,8.969,3.941,-0.38,-0.193,-0.189,TILT_LEFT
3574,1831,4043,-4.073,9.153,4.061,-0.329,-0.192,-0.087,TILT_LEFT
3235,2557,4018,-4.101,9.261,4.156,-0.249,-0.17,0.005,TILT_LEFT
3392,2338,4095,-4.053,9.22,4.173,-0.191,-0.131,0.065,TILT_LEFT
4039,2512,2544,-3.998,9.088,4.211,-0.144,-0.095,0.058,TILT_LEFT
3840,2454,4095,-3.948,9.007,4.238,-0.108,-0.083,0.039,TILT_LEFT
4095,1925,4095,-3.967,8.971,4.171,-0.066,-0.087,0.038,TILT_LEFT
4029,2425,3439,-3.934,8.894,4.075,-0.016,-0.072,0.047,TILT_LEFT
3088,2507,4095,-3.96,8.837,4.029,0.027,-0.043,0.052,TILT_LEFT
4095,2234,4095,-3.984,8.662,4.008,0.042,0.006,0.063,TILT_LEFT
3825,2864,2858,-3.773,8.495,4.202,0.026,0.01,0.055,TILT_LEFT
3743,2551,4061,-3.838,8.511,4.087,0.028,0.004,0.044,TILT_LEFT
4095,2130,4095,-3.922,8.593,3.934,0.037,0.062,0.1,TILT_LEFT
3487,2846,4095,-3.67,8.353,3.996,0.034,0.132,0.131,TILT_LEFT
3744,2449,4095,-3.615,8.315,3.977,0.022,0.18,0.118,TILT_LEFT
4095,2384,2721,-3.476,8.279,4.017,0.001,0.208,0.114,TILT_LEFT
3856,2444,4095,-3.476,8.32,4.041,-0.01,0.221,0.115,TILT_LEFT
4095,2109,4095,-3.22,8.327,4.077,-0.036,0.2,0.136,TILT_LEFT
3807,2583,3471,-3.211,8.394,3.907,-0.026,0.177,0.147,TILT_LEFT
3039,2899,3470,-3.127,8.425,3.869,-0.02,0.186,0.152,TILT_LEFT
4095,2333,4055,-2.993,8.373,3.895,-0.027,0.17,0.136,TILT_LEFT
4095,2245,3179,-2.942,8.399,3.888,-0.037,0.15,0.101,TILT_LEFT
3632,2346,4095,-2.854,8.42,3.946,-0.044,0.111,0.056,TILT_LEFT
4032,1967,4095,-2.873,8.523,3.9,-0.034,0.046,0.025,TILT_LEFT
4011,2769,3503,-2.962,8.581,3.749,-0.011,0.001,0.035,TILT_LEFT
2695,2361,3882,-2.95,8.514,3.618,0.002,-0.033,0.029,TILT_LEFT
4095,2417,2745,-2.914,8.507,3.56,-0.02,-0.094,-0.011,TILT_LEFT
4095,2529,4095,-3.077,8.59,3.338,-0.045,-0.153,-0.045,TILT_LEFT
4095,1957,4095,-3.27,8.705,3.175,-0.06,-0.185,-0.049,TILT_LEFT
4035,2411,3307,-3.443,8.868,3.077,-0.073,-0.188,0,TILT_LEFT
3085,2853,3521,-3.558,8.921,3.201,-0.099,-0.164,0.079,TILT_LEFT
4095,2338,4095,-3.469,9.017,3.666,-0.161,-0.172,0.116,TILT_LEFT
4095,2390,3536,-3.642,9.328,3.819,-0.185,-0.132,0.088,TILT_LEFT
3494,2462,4095,-3.771,9.706,3.828,-0.176,-0.022,0.114,TILT_LEFT
4095,1759,3995,-3.582,9.747,3.903,-0.104,0.08,0.184,TILT_LEFT
3898,2709,3312,-3.412,9.613,3.816,0.027,0.119,0.27,TILT_LEFT
2923,2426,4095,-3.148,9.263,3.812,0.138,0.101,0.401,TILT_LEFT
3919,2284,3285,-2.77,8.653,3.876,0.187,0.012,0.439,TILT_LEFT
4039,2480,4095,-2.648,8.272,3.924,0.186,-0.094,0.33,TILT_LEFT
3926,2239,4095,-2.84,8.097,3.958,0.156,-0.167,0.204,TILT_LEFT
3946,2544,3545,-3.139,8.028,3.97,0.139,-0.185,0.103,TILT_LEFT
3149,2774,3656,-3.342,7.913,4.168,0.126,-0.186,0.051,TILT_LEFT
4095,2303,3839,-3.606,7.836,4.381,0.092,-0.202,0.051,TILT_LEFT
4095,2513,2867,-3.795,7.903,4.484,0.048,-0.237,0.143,TILT_LEFT
3403,2550,4095,-3.979,7.949,4.269,0.009,-0.196,0.27,TILT_LEFT
3407,2366,4031,-3.919,7.884,4.037,-0.026,-0.073,0.371,TILT_LEFT
4075,2756,3262,-3.663,7.75,3.919,-0.082,0.074,0.413,TILT_LEFT
3830,2551,4031,-3.287,7.688,3.886,-0.151,0.166,0.415,TILT_LEFT
4095,2379,2665,-2.907,7.772,3.876,-0.206,0.2,0.377,TILT_LEFT
4014,2553,3936,-2.631,7.973,3.812,-0.234,0.205,0.33,TILT_LEFT
3815,2229,4095,-2.512,8.112,3.745,-0.22,0.187,0.301,TILT_LEFT
3937,2400,3411,-2.411,8.193,3.905,-0.212,0.186,0.268,TILT_LEFT
2960,2855,3361,-2.215,8.085,4.487,-0.247,0.081,0.204,TILT_LEFT
4079,2252,4095,-2.413,8.224,4.511,-0.264,-0.129,0.102,TILT_LEFT
4095,2374,2815,-2.794,8.638,4.288,-0.222,-0.202,0.125,TILT_LEFT
3501,2721,3915,-2.969,8.502,4.197,-0.172,-0.165,0.169,TILT_LEFT
3504,2240,4095,-2.971,8.27,4.48,-0.186,-0.1,0.11,TILT_LEFT
4095,2474,3350,-2.964,8.282,4.743,-0.261,-0.095,-0.011,TILT_LEFT
2864,2511,3829,-3.139,8.531,4.8,-0.305,-0.063,-0.152,TILT_LEFT
4095,2384,3395,-3.364,9,4.784,-0.288,-0.022,-0.185,TILT_LEFT
4033,2545,3934,-3.405,9.115,4.752,-0.231,0.061,-0.107,TILT_LEFT
3545,2479,4095,-3.203,9.017,4.846,-0.135,0.125,-0.047,TILT_LEFT
3933,2599,3664,-2.995,8.959,4.896,-0.062,0.128,-0.023,TILT_LEFT
3408,3157,3030,-2.799,8.744,4.875,-0.025,0.084,-0.001,TILT_LEFT
3977,2426,4095,-2.634,8.583,4.707,-0.008,-0.001,0,TILT_LEFT
4095,2135,3154,-2.619,8.547,4.427,0.027,-0.026,-0.009,TILT_LEFT
3607,2682,4027,-2.569,8.42,4.413,0.057,-0.054,0.008,TILT_LEFT
3291,2133,4095,-2.636,8.176,4.386,0.075,-0.062,-0.019,TILT_LEFT
4095,2602,4095,-2.674,8.009,4.549,0.046,-0.081,-0.059,TILT_LEFT
4064,2224,4095,3.108,9.313,3.61,-0.395,0.169,-0.241,TILT_LEFT
4047,2299,4095,3.208,9.29,4.022,-0.35,0.137,-0.182,TILT_LEFT
4080,2206,4095,3.371,9.369,4.35,-0.27,-0.005,-0.18,TILT_LEFT
4095,2261,4095,2.871,10.101,4.192,-0.224,-0.152,-0.005,TILT_LEFT
4095,2254,4095,2.227,11.021,4.199,-0.175,-0.239,0.6,TILT_LEFT
4085,2238,4095,2.631,10.609,4.017,-0.078,-0.269,1.308,TILT_LEFT
4038,2218,4020,3.553,9.371,3.874,0.006,-0.241,1.592,TILT_LEFT
4095,2331,4095,4.259,8.55,3.709,0.059,-0.203,1.376,TILT_LEFT
4095,2223,4095,4.233,8.408,3.314,0.067,-0.116,1.05,TILT_LEFT
4048,2252,4095,4.257,8.317,3.158,0.02,0.057,0.815,TILT_LEFT
3874,2283,4095,4.494,8.083,3.168,-0.051,0.221,0.588,TILT_LEFT
3919,2297,4095,4.791,7.819,3.409,-0.122,0.324,0.266,TILT_LEFT
4095,2326,4095,4.496,8.284,3.582,-0.152,0.399,-0.03,TILT_LEFT
4065,2224,4016,3.972,9.131,3.78,-0.164,0.465,0.061,TILT_LEFT
3934,2294,4095,3.965,9.199,4.101,-0.174,0.465,0.392,TILT_LEFT
4095,2320,4095,4.472,8.622,4.592,-0.163,0.386,0.555,TILT_LEFT
4069,2290,4095,4.757,8.351,4.831,-0.12,0.168,0.475,TILT_LEFT
4022,2261,4095,4.549,8.485,4.539,-0.028,0.021,0.399,TILT_LEFT
4032,2317,4095,4.511,8.308,4.221,0.048,0.014,0.369,TILT_LEFT
3999,2263,4095,4.477,8.028,3.955,0.04,0.088,0.311,TILT_LEFT
4051,2298,4095,4.434,7.728,3.824,0.005,0.201,0.209,TILT_LEFT
4095,2278,4095,4.592,7.477,4.128,-0.074,0.265,0.021,TILT_LEFT
4083,2288,4095,4.695,7.597,4.638,-0.09,0.217,-0.275,TILT_LEFT
4095,2290,4095,4.247,8.442,4.585,-0.056,0.104,-0.33,TILT_LEFT
4095,2294,4095,3.926,8.724,4.501,-0.009,0.06,-0.1,TILT_LEFT
4095,2323,4095,4.089,8.382,4.702,-0.006,0.029,0.125,TILT_LEFT
4095,2320,4095,4.319,7.827,4.827,0.006,-0.042,0.105,TILT_LEFT
4095,2273,4095,4.331,7.451,4.791,-0.002,-0.111,-0.139,TILT_LEFT
4095,2298,4095,3.826,7.918,4.666,-0.004,-0.145,-0.335,TILT_LEFT
4051,2289,4095,3.476,8.226,4.492,0.005,-0.091,-0.238,TILT_LEFT
4072,2265,4095,3.572,7.958,4.721,-0.011,-0.05,-0.134,TILT_LEFT
4095,2241,4095,3.785,7.568,4.975,-0.038,-0.096,-0.206,TILT_LEFT
4026,2270,4086,3.601,7.506,4.872,-0.025,-0.167,-0.393,TILT_LEFT
3984,2273,4095,3.496,7.13,4.697,-0.019,-0.139,-0.647,TILT_LEFT
3919,2257,4011,3.565,6.893,4.767,-0.038,-0.075,-1.056,TILT_LEFT
4074,2251,4095,2.942,7.348,4.523,-0.093,0,-1.333,TILT_LEFT
3984,2230,4095,2.614,7.549,4.549,-0.136,0.125,-1.449,TILT_LEFT
4005,2225,4095,2.073,8.121,5.131,-0.171,0.16,-1.444,TILT_LEFT
3916,2218,4095,1.516,8.935,5.389,-0.224,0.04,-1.067,TILT_LEFT
4095,2224,4095,1.518,9.057,5.49,-0.173,-0.068,-0.585,TILT_LEFT
4095,2245,4095,1.674,8.921,5.514,-0.08,-0.201,-0.213,TILT_LEFT
4095,2209,4079,1.808,8.554,5.176,-0.073,-0.276,0.025,TILT_LEFT
4095,2270,4095,2.045,8.164,4.93,-0.088,-0.22,0.067,TILT_LEFT
4095,2246,4095,2.148,8.143,4.75,-0.124,-0.142,0.017,TILT_LEFT
4095,2237,4095,2.397,8.03,4.788,-0.14,-0.079,-0.082,TILT_LEFT
4095,2257,4095,2.478,8.078,4.81,-0.131,-0.064,-0.244,TILT_LEFT
4095,2260,4095,2.198,8.392,4.834,-0.144,-0.033,-0.334,TILT_LEFT
4037,2253,4095,1.99,8.926,5.021,-0.174,-0.043,-0.216,TILT_LEFT
3920,2215,4095,2.071,8.902,5.136,-0.147,-0.091,-0.018,TILT_LEFT
3881,2235,4095,2.21,8.701,5.265,-0.1,-0.143,0.053,TILT_LEFT
4095,2234,4095,2.284,8.571,5.219,-0.076,-0.2,0.027,TILT_LEFT
4016,2225,4095,2.327,8.511,5.054,-0.074,-0.216,-0.028,TILT_LEFT
3983,2124,4085,2.294,8.442,4.913,-0.077,-0.217,-0.105,TILT_LEFT
3881,2235,4095,2.174,8.456,4.755,-0.068,-0.18,-0.172,TILT_LEFT
3938,2178,4095,2.045,8.581,4.752,-0.063,-0.134,-0.205,TILT_LEFT
4095,2177,4095,2.023,8.521,4.76,-0.066,-0.116,-0.199,TILT_LEFT
4048,2211,4095,2.279,8.42,5.042,-0.031,-0.177,-0.275,TILT_LEFT
4066,2192,4095,2.145,8.461,4.968,0.003,-0.287,-0.346,TILT_LEFT
3986,2224,3991,2.057,8.492,4.772,0.018,-0.358,-0.371,TILT_LEFT
4095,2208,4054,1.906,8.566,4.448,0.041,-0.347,-0.339,TILT_LEFT
4095,2290,4095,2.016,8.284,4.377,0.03,-0.263,-0.341,TILT_LEFT
4083,2240,4095,2.215,8.119,4.513,0.013,-0.261,-0.466,TILT_LEFT
4061,2224,4095,2.018,8.219,4.334,-0.025,-0.285,-0.585,TILT_LEFT
3971,2213,4011,1.844,8.325,4.152,-0.074,-0.232,-0.636,TILT_LEFT
4095,2179,4095,1.903,8.413,4.271,-0.085,-0.167,-0.721,TILT_LEFT
4060,2223,4095,1.59,8.856,4.405,-0.101,-0.118,-0.752,TILT_LEFT
4038,2214,4095,1.544,9.313,4.597,-0.107,-0.035,-0.701,TILT_LEFT
4031,2218,4095,1.621,9.586,4.786,-0.059,0.083,-0.714,TILT_LEFT
4033,2209,4095,1.573,9.632,4.82,0.036,0.236,-0.92,TILT_LEFT
4095,2208,4095,1.235,9.637,4.623,0.155,0.397,-1.213,TILT_LEFT
4065,2160,4082,0.795,9.613,4.417,0.169,0.47,-1.386,TILT_LEFT
4094,2207,4095,0.29,9.907,4.185,0.043,0.429,-1.379,TILT_LEFT
4032,2221,4095,-0.038,10.484,4.013,0,0.334,-1.124,TILT_LEFT
4095,2250,4095,-0.254,10.951,3.651,0.098,0.273,-0.697,TILT_LEFT
4019,2197,4055,-0.005,10.726,3.587,0.174,0.286,-0.286,TILT_LEFT
3635,1958,3183,-1.314,9.052,-1.741,0.19,0.126,0.029,TILT_LEFT
4095,1909,3625,-1.204,9.096,-1.477,0.113,0.182,-0.01,TILT_LEFT
4095,2234,3835,-0.991,9.191,-1.219,0.053,0.13,-0.034,TILT_LEFT
3503,1860,4095,-1.135,9.431,-1.298,0.059,0.083,-0.053,TILT_LEFT
4095,1986,3622,-1.221,9.527,-1.487,0.091,0.055,0.01,TILT_LEFT
3677,2258,4095,-0.809,9.287,-1.369,0.07,0.042,0.087,TILT_LEFT
3695,2047,3552,-0.498,8.837,-1.602,0.009,-0.043,0.095,TILT_LEFT
3791,2346,2943,-0.431,8.918,-1.681,-0.053,-0.09,0.008,TILT_LEFT
3856,2351,4095,-0.541,9.201,-1.697,-0.091,-0.114,-0.012,TILT_LEFT
4095,2005,4095,-0.515,9.323,-1.511,-0.096,-0.155,-0.015,TILT_LEFT
3697,2462,3472,-0.809,9.541,-1.374,-0.069,-0.192,-0.036,TILT_LEFT
3410,2523,4001,-1.056,9.735,-1.346,-0.041,-0.21,-0.014,TILT_LEFT
4095,2090,3207,-0.984,9.39,-1.731,-0.04,-0.163,-0.013,TILT_LEFT
3895,2382,3078,-0.979,9.412,-1.832,-0.049,-0.101,-0.038,TILT_LEFT
3502,2040,4095,-0.943,9.548,-1.726,-0.065,-0.019,0.04,TILT_LEFT
4095,1658,3962,-0.773,9.357,-1.566,-0.067,-0.001,0.041,TILT_LEFT
3642,2430,4095,-0.788,9.404,-1.551,-0.067,0.016,0.001,TILT_LEFT
4016,2189,3827,-0.838,9.61,-1.48,-0.06,0.004,0.044,TILT_LEFT
3861,2245,2739,-0.855,9.455,-1.604,-0.048,0.022,0.049,TILT_LEFT
4082,2235,4095,-0.855,9.45,-1.618,-0.057,0.061,0.057,TILT_LEFT
4095,1713,4095,-0.74,9.357,-1.472,-0.052,0.058,0.021,TILT_LEFT
3903,2233,3283,-0.821,9.51,-1.53,-0.063,0.049,-0.027,TILT_LEFT
3029,2352,4095,-0.922,9.558,-1.64,-0.072,0.061,-0.021,TILT_LEFT
4095,1898,3893,-0.924,9.62,-1.63,-0.095,0.092,0.028,TILT_LEFT
3685,2559,2607,-0.8,9.584,-1.427,-0.102,0.096,0.037,TILT_LEFT
3472,2207,4095,-0.711,9.486,-1.403,-0.118,0.041,0.01,TILT_LEFT
4095,2012,3889,-0.764,9.45,-1.446,-0.144,0.009,-0.018,TILT_LEFT
3671,2313,3883,-0.745,9.438,-1.516,-0.136,-0.015,-0.031,TILT_LEFT
3682,2178,3803,-0.697,9.455,-1.319,-0.136,-0.03,-0.033,TILT_LEFT
4095,2254,2973,-0.646,9.529,-1.211,-0.13,-0.115,-0.027,TILT_LEFT
3872,2283,4095,-0.792,9.558,-1.379,-0.096,-0.166,-0.01,TILT_LEFT
4095,1930,4095,-0.879,9.443,-1.513,-0.073,-0.18,0.018,TILT_LEFT
3959,2405,3577,-1.025,9.325,-1.654,-0.06,-0.164,0.019,TILT_LEFT
3055,2527,3443,-1.135,9.254,-1.659,-0.078,-0.125,0.066,TILT_LEFT
4095,1987,3433,-0.907,9.146,-1.42,-0.109,-0.127,0.057,TILT_LEFT
4095,2133,2559,-0.934,9.278,-1.417,-0.139,-0.196,0.027,TILT_LEFT
3632,2195,4095,-1.104,9.402,-1.645,-0.147,-0.229,0.039,TILT_LEFT
4095,1607,4095,-1.281,9.44,-1.836,-0.137,-0.197,0.064,TILT_LEFT
4091,2452,4095,-0.994,9.491,-1.501,-0.146,-0.198,0.113,TILT_LEFT
2998,2235,3799,-0.879,9.459,-1.616,-0.146,-0.321,0.118,TILT_LEFT
4095,2157,2902,-1.322,9.531,-2.143,-0.132,-0.337,0.109,TILT_LEFT
3944,2279,4095,-1.487,9.596,-2.164,-0.138,-0.226,0.132,TILT_LEFT
4095,1751,4095,-1.257,9.627,-1.664,-0.18,-0.163,0.127,TILT_LEFT
3965,2171,3258,-0.958,9.728,-1.365,-0.219,-0.289,0.074,TILT_LEFT
3310,2611,3659,-1.477,9.998,-1.844,-0.19,-0.3,0.05,TILT_LEFT
4095,2026,4095,-1.539,10.034,-1.784,-0.143,-0.202,0.116,TILT_LEFT
4095,2301,2751,-1.331,9.823,-1.47,-0.111,-0.172,0.127,TILT_LEFT
3728,2269,3749,-1.281,9.809,-1.317,-0.109,-0.2,0.11,TILT_LEFT
3981,1646,4030,-1.283,9.811,-1.425,-0.095,-0.265,0.107,TILT_LEFT
3891,2331,3607,-1.458,9.852,-1.671,-0.059,-0.253,0.12,TILT_LEFT
3063,2186,3754,-1.444,9.728,-1.642,-0.039,-0.218,0.139,TILT_LEFT
4095,2096,3089,-1.453,9.634,-1.511,-0.043,-0.223,0.122,TILT_LEFT
3998,2267,4095,-1.367,9.596,-1.384,-0.061,-0.306,0.092,TILT_LEFT
3952,2010,4095,-1.755,9.615,-1.748,-0.038,-0.344,0.043,TILT_LEFT
4016,2251,3366,-2.207,9.708,-2.09,-0.013,-0.244,0.067,TILT_LEFT
2970,2747,3495,-1.975,9.632,-1.678,-0.044,-0.172,0.129,TILT_LEFT
4095,2054,4095,-1.925,9.56,-1.776,-0.073,-0.195,0.071,TILT_LEFT
4095,2289,3261,-2.169,9.807,-1.982,-0.087,-0.125,0.005,TILT_LEFT
3453,2305,4095,-2.119,9.938,-1.808,-0.086,-0.024,-0.021,TILT_LEFT
3494,2008,4095,-1.966,10.07,-1.544,-0.066,0.02,-0.047,TILT_LEFT
4095,2531,3728,-1.839,10.226,-1.439,-0.014,0.022,-0.03,TILT_LEFT
2807,2274,4080,-1.702,10.187,-1.453,0.06,0.001,0.015,TILT_LEFT
4083,2189,2705,-1.583,9.914,-1.568,0.137,-0.003,0.022,TILT_LEFT
3977,2391,4042,-1.707,9.728,-1.757,0.173,0.042,-0.005,TILT_LEFT
3952,1855,4095,-1.451,9.469,-1.58,0.15,0.058,0.001,TILT_LEFT
3949,2158,3217,-1.393,9.301,-1.669,0.132,-0.01,-0.052,TILT_LEFT
3119,2737,3810,-1.578,9.376,-1.891,0.116,-0.031,-0.03,TILT_LEFT
4048,2078,4074,-1.652,9.203,-2.203,0.12,-0.02,-0.009,TILT_LEFT
4095,2131,2861,-1.678,9.129,-2.286,0.09,0.047,0.007,TILT_LEFT
3379,2273,3932,-1.29,8.88,-2.116,0.019,0.029,-0.068,TILT_LEFT
4095,1575,4069,-1.384,9.084,-2.44,-0.054,-0.039,-0.184,TILT_LEFT
3819,2374,3555,-1.695,9.467,-2.794,-0.092,-0.017,-0.152,TILT_LEFT
2747,2230,3938,-1.635,9.629,-2.746,-0.07,0.062,-0.1,TILT_LEFT
4095,2093,3197,-1.099,9.73,-2.203,-0.05,0.065,-0.061,TILT_LEFT
3840,2321,4095,-0.924,9.835,-2.164,-0.034,-0.074,-0.093,TILT_LEFT
3174,2252,3701,-1.36,8.916,-3.795,0.075,0.101,0.071,TILT_LEFT
3837,1855,4095,-1.252,8.839,-3.771,0.07,0.079,0.002,TILT_LEFT
4095,1565,4015,-1.372,8.885,-3.828,0.051,0.079,-0.047,TILT_LEFT
3696,2109,3696,-1.379,9.108,-3.687,0.057,0.098,-0.048,TILT_LEFT
2938,2065,3671,-1.396,9.127,-3.85,0.103,0.11,-0.016,TILT_LEFT
4095,1885,3313,-1.381,9.048,-3.869,0.141,0.16,0.006,TILT_LEFT
3491,2340,4095,-1.202,8.94,-3.828,0.138,0.169,-0.002,TILT_LEFT
3837,1691,3943,-1.214,8.916,-3.926,0.108,0.151,-0.028,TILT_LEFT
4095,1743,3858,-1.24,9.009,-4.02,0.077,0.174,-0.035,TILT_LEFT
3658,2021,4095,-1.116,9.084,-4.001,0.062,0.206,-0.048,TILT_LEFT
3486,1974,3823,-1.025,9.17,-3.979,0.054,0.232,-0.067,TILT_LEFT
3639,2191,2719,-0.955,9.246,-3.984,0.068,0.269,-0.074,TILT_LEFT
3949,2001,4095,-0.783,9.266,-3.824,0.108,0.283,-0.048,TILT_LEFT
4095,1476,3857,-0.639,9.105,-3.809,0.152,0.223,-0.022,TILT_LEFT
3775,2006,3147,-0.685,9.029,-3.953,0.185,0.199,-0.005,TILT_LEFT
2911,2272,3711,-0.682,8.957,-3.915,0.21,0.213,0.018,TILT_LEFT
4095,1835,3881,-0.642,8.938,-3.847,0.222,0.225,0.049,TILT_LEFT
3458,2461,3015,-0.369,8.787,-3.745,0.229,0.212,0.056,TILT_LEFT
3502,1898,4095,-0.292,8.727,-3.826,0.217,0.169,0.041,TILT_LEFT
4095,1839,3994,-0.362,8.744,-3.898,0.213,0.175,0.039,TILT_LEFT
3503,2060,4095,-0.333,8.803,-3.757,0.224,0.216,0.07,TILT_LEFT
3842,1861,3712,-0.189,8.854,-3.587,0.258,0.191,0.143,TILT_LEFT
4095,2115,2989,-0.067,8.693,-3.658,0.307,0.175,0.18,TILT_LEFT
3761,2013,4095,-0.026,8.595,-3.898,0.319,0.18,0.2,TILT_LEFT
4095,1643,4095,0.232,8.272,-3.924,0.278,0.16,0.182,TILT_LEFT
3859,2208,3296,0.278,8.337,-3.929,0.21,0.097,0.124,TILT_LEFT
3330,2299,4038,0.103,8.42,-4.152,0.172,0.041,0.13,TILT_LEFT
4095,1792,3318,0.048,8.37,-4.214,0.15,0.056,0.15,TILT_LEFT
3835,2233,2802,0.283,8.253,-4.056,0.085,-0.026,0.163,TILT_LEFT
3611,1872,4095,0.163,8.238,-4.331,0.009,-0.095,0.117,TILT_LEFT
4095,1710,4095,0.026,8.248,-4.503,-0.085,-0.06,0.039,TILT_LEFT
3949,2257,4095,0.321,8.258,-4.096,-0.216,-0.079,-0.053,TILT_LEFT
3225,1987,3891,0.141,8.545,-4.063,-0.318,-0.124,-0.133,TILT_LEFT
4095,2022,2954,-0.074,8.837,-4.003,-0.34,-0.108,-0.131,TILT_LEFT
3856,2080,4095,-0.132,8.933,-3.814,-0.295,-0.032,-0.111,TILT_LEFT
4095,1409,4095,0.172,9.057,-3.287,-0.271,-0.052,-0.075,TILT_LEFT
4095,1957,3253,0.328,9.002,-3.124,-0.265,-0.173,-0.024,TILT_LEFT
2879,2249,4095,0.045,8.827,-3.493,-0.257,-0.236,-0.03,TILT_LEFT
4095,1675,3779,-0.06,8.37,-3.723,-0.314,-0.182,-0.044,TILT_LEFT
3831,2402,2386,0.184,7.669,-3.608,-0.484,-0.161,-0.217,TILT_LEFT
3643,1941,3697,0.364,7.049,-3.472,-0.821,-0.233,-0.52,TILT_LEFT
3835,1414,4032,0.273,6.371,-3.51,-1.297,-0.369,-0.931,TILT_LEFT
3760,2102,3753,-0.424,5.744,-3.915,-1.835,-0.375,-1.409,TILT_LEFT
3549,1890,3733,-0.903,5.104,-3.754,-2.458,-0.231,-1.933,TILT_LEFT
4095,1820,3011,-1.03,4.92,-2.672,-3.22,-0.177,-2.461,TILT_LEFT
3874,1973,4095,-1.551,5.461,-1.405,-3.922,-0.255,-2.903,TILT_LEFT
4095,1701,4095,-2.274,5.866,0.072,-4.502,-0.365,-3.208,TILT_LEFT
4057,2099,3332,-3.519,8.583,2.069,-4.706,-0.485,-3.105,TILT_LEFT
3434,2438,4032,-4.001,10.357,3.393,-4.367,-0.57,-2.548,TILT_LEFT
4095,1777,3949,-4.01,10.618,4.238,-3.714,-0.633,-2.142,TILT_LEFT
4095,1818,3836,-5.186,10.75,4.058,-3.061,-0.59,-1.786,TILT_LEFT
3387,2027,4095,-6.275,12.208,4.796,-2.3,-0.424,-0.985,TILT_LEFT
4095,1087,4095,-5.672,12.191,5.76,-1.41,-0.402,-0.074,TILT_LEFT
3985,2217,3820,-5.301,11.492,5.179,-0.478,-0.527,0.412,TILT_LEFT
2605,1991,4095,-5.782,10.657,3.443,0.179,-0.474,0.78,TILT_LEFT
4095,1909,2715,-5.327,9.34,2.567,0.409,-0.283,0.905,TILT_LEFT
4016,2087,4086,-4.499,8.361,2.531,0.293,-0.233,0.759,TILT_LEFT
4078,1734,4095,-3.994,7.408,1.942,-0.038,-0.395,0.35,TILT_LEFT
3984,1983,3138,-4.334,7.07,1.176,-0.444,-0.407,-0.14,TILT_LEFT
3248,2503,3648,-4.539,6.785,1.128,-0.889,-0.252,-0.547,TILT_LEFT
4080,1904,4095,-4.695,7.041,2.107,-1.282,-0.104,-0.823,TILT_LEFT
4095,1775,2929,-4.855,7.745,3.278,-1.446,-0.052,-0.855,TILT_LEFT
3339,2182,3774,-4.745,8.377,4.245,-1.346,-0.091,-0.748,TILT_LEFT
3568,1402,4095,-4.973,8.691,4.503,-1.071,-0.133,-0.535,TILT_LEFT
3965,2187,3529,-5.04,8.808,4.48,-0.778,-0.129,-0.231,TILT_LEFT
2678,1958,3802,-4.937,8.499,4.377,-0.533,-0.104,0.063,TILT_LEFT
3962,1810,3005,-4.616,8.229,4.46,-0.337,-0.11,0.257,TILT_LEFT
3728,2160,4095,-4.178,7.829,4.319,-0.22,-0.261,0.296,TILT_LEFT
3634,1659,4095,-4.647,7.693,3.519,-0.189,-0.337,0.19,TILT_LEFT
4095,2085,3355,-4.956,7.563,3.086,-0.292,-0.31,0.123,TILT_LEFT
3211,2400,3712,-5.157,7.58,2.83,-0.446,-0.222,0.012,TILT_LEFT
3995,1863,4095,-5.499,7.853,3.168,-0.608,-0.076,-0.07,TILT_LEFT
4095,2030,2963,-5.131,8.353,4.14,-0.697,-0.158,-0.103,TILT_LEFT
3435,2186,4095,-5.595,8.854,3.898,-0.643,-0.206,-0.122,TILT_LEFT
4022,2022,4095,-5.942,9.131,3.591,-0.506,-0.088,-0.007,TILT_LEFT
4071,2381,4095,-6.498,4.808,8.064,-0.039,-0.373,0.172,TILT_LEFT
4035,2311,4049,-6.479,5.088,8.305,-0.1,-0.204,0.101,TILT_LEFT
4095,2352,4095,-6.232,5.217,8.526,-0.044,-0.133,0.129,TILT_LEFT
4019,2301,4095,-6.357,5.078,8.162,0.087,0.009,0.206,TILT_LEFT
3880,2337,4050,-5.784,4.901,8.416,0.207,0.151,0.288,TILT_LEFT
3944,2343,4033,-5.176,4.748,8.624,0.276,0.14,0.352,TILT_LEFT
4003,2298,4048,-5.009,4.662,8.114,0.313,0.07,0.393,TILT_LEFT
3856,2288,3967,-4.949,4.518,7.503,0.355,0.065,0.436,TILT_LEFT
3820,2238,3863,-5.006,4.36,7.108,0.385,0.22,0.414,TILT_LEFT
3894,2269,4013,-4.197,4.305,7.949,0.307,0.175,0.417,TILT_LEFT
3875,2279,3987,-4.35,4.36,7.582,0.211,0.007,0.38,TILT_LEFT
3851,2211,3858,-4.518,4.544,7.044,0.159,-0.029,0.381,TILT_LEFT
3871,2239,3853,-4.76,4.448,6.661,0.14,0.153,0.306,TILT_LEFT
3877,2187,3891,-4.396,4.436,7.472,0.061,0.268,0.23,TILT_LEFT
3897,2279,4091,-3.929,4.592,8.193,-0.066,0.048,0.224,TILT_LEFT
3895,2230,4063,-4.465,5.121,7.685,-0.054,-0.112,0.242,TILT_LEFT
4082,2207,4095,-4.956,5.404,7.499,0.078,0.017,0.33,TILT_LEFT
3952,2244,4095,-4.626,5.648,8.382,0.23,0.049,0.457,TILT_LEFT
4071,2224,4079,-4.817,6.158,8.564,0.466,-0.027,0.673,TILT_LEFT
3917,2218,3975,-5.116,6.433,8.346,0.802,0.055,0.902,TILT_LEFT
4029,2270,4095,-4.602,6.395,8.554,1.074,0.029,1.106,TILT_LEFT
4095,2303,4095,-4.503,6.153,7.817,1.259,-0.037,1.193,TILT_LEFT
4095,2301,4095,-4.527,5.954,7.003,1.338,0.013,1.181,TILT_LEFT
3984,2242,4095,-4.326,5.878,6.754,1.333,0.122,1.105,TILT_LEFT
3805,2258,4050,-3.766,5.794,6.919,1.254,0.117,0.966,TILT_LEFT
4013,2278,4095,-3.644,5.954,6.847,1.106,0.033,0.825,TILT_LEFT
3838,2275,4095,-3.594,5.866,6.4,0.948,-0.051,0.693,TILT_LEFT
3913,2233,4095,-3.797,5.835,5.787,0.806,0.046,0.503,TILT_LEFT
3862,2256,3991,-3.591,5.753,5.772,0.613,0.245,0.32,TILT_LEFT
3902,2195,3999,-3.021,5.631,6.371,0.339,0.313,0.177,TILT_LEFT
3819,2221,3873,-2.801,5.559,6.531,0.078,0.183,-0.009,TILT_LEFT
3865,2227,4060,-3.196,6.026,6.347,-0.061,0.138,-0.133,TILT_LEFT
3840,2208,3931,-3.242,6.361,6.493,-0.062,0.165,-0.12,TILT_LEFT
3818,2213,3876,-3.177,6.558,6.644,0.001,0.167,-0.038,TILT_LEFT
3887,2235,3968,-2.904,6.603,7.01,0.073,0.087,0.076,TILT_LEFT
3957,2224,3902,-2.993,6.601,6.713,0.141,0.006,0.171,TILT_LEFT
3986,2207,4095,-3.079,6.493,6.182,0.188,0.031,0.186,TILT_LEFT
3851,2193,4095,-2.851,6.29,6.074,0.162,0.065,0.133,TILT_LEFT
3952,2245,4048,-2.928,6.158,6.062,0.039,0.085,0.026,TILT_LEFT
4036,2226,4049,-2.631,6.282,6.493,-0.104,-0.064,-0.065,TILT_LEFT
3942,2209,4077,-3.213,6.725,6.17,-0.136,-0.146,-0.124,TILT_LEFT
3920,2234,4095,-3.589,6.95,5.976,-0.093,-0.093,-0.078,TILT_LEFT
3904,2211,4095,-3.469,6.917,6.103,-0.048,-0.035,-0.035,TILT_LEFT
3906,2305,4095,-3.567,6.821,6.191,-0.059,0.016,-0.038,TILT_LEFT
3967,2270,4095,-3.081,6.891,6.78,-0.111,-0.079,-0.068,TILT_LEFT
3952,2194,4095,-3.419,7.022,6.433,-0.116,-0.214,-0.111,TILT_LEFT
3867,2160,3984,-3.8,7.173,6.014,-0.08,-0.183,-0.096,TILT_LEFT
3874,2176,4031,-3.63,7.116,6.44,-0.036,-0.1,-0.099,TILT_LEFT
3838,2226,3871,-3.378,7.08,6.718,-0.022,-0.205,-0.095,TILT_LEFT
3994,2247,3980,-3.613,7.123,6.402,0.022,-0.284,-0.108,TILT_LEFT
3899,2231,3945,-4.027,7.111,5.777,0.077,-0.234,-0.101,TILT_LEFT
3962,2211,3911,-4.008,6.979,5.883,0.1,-0.047,-0.083,TILT_LEFT
3951,2206,3899,-3.491,6.771,6.373,0.065,-0.087,-0.094,TILT_LEFT
3810,2218,3815,-3.675,6.773,6.043,0.033,-0.172,-0.13,TILT_LEFT
3920,2224,4022,-3.895,6.912,5.837,0.029,-0.128,-0.141,TILT_LEFT
3962,2245,4095,-3.673,6.864,5.986,0.037,-0.136,-0.134,TILT_LEFT
3968,2243,4046,-3.768,6.914,5.825,0.053,-0.147,-0.142,TILT_LEFT
3874,2244,4095,-3.721,6.835,6.017,0.059,-0.123,-0.144,TILT_LEFT
3891,2206,4095,-3.673,6.871,6.024,0.055,-0.202,-0.147,TILT_LEFT
3772,2263,4095,-3.862,6.9,5.878,0.075,-0.184,-0.129,TILT_LEFT
3839,2224,4095,-3.721,6.819,6.029,0.088,-0.2,-0.109,TILT_LEFT
4055,2225,4095,-3.857,6.728,5.686,0.068,-0.22,-0.118,TILT_LEFT
4041,2225,4095,-4.01,6.792,5.6,0.033,-0.154,-0.117,TILT_LEFT
3924,2222,4095,-3.749,6.9,6.084,0.002,-0.225,-0.064,TILT_LEFT
3936,2207,4095,-4.125,6.979,5.48,0.014,-0.247,-0.018,TILT_LEFT
3982,2180,4095,-4.168,7.025,5.437,0.031,-0.153,0.027,TILT_LEFT
4035,2278,4095,-4.152,6.981,5.547,0.014,-0.131,0.041,TILT_LEFT
4017,2240,4019,-4.154,7.116,5.854,-0.044,-0.157,0.056,TILT_LEFT
3933,2219,4016,-4.238,7.266,5.748,-0.091,-0.253,0.103,TILT_LEFT
3875,2194,3810,-4.513,7.554,5.576,-0.096,-0.218,0.122,TILT_LEFT
4016,2224,3963,-4.594,7.745,5.598,-0.087,-0.169,0.145,TILT_LEFT
3856,2187,3809,-4.712,7.989,5.657,-0.065,-0.119,0.176,TILT_LEFT
3920,2182,3950,-4.549,8.03,5.875,-0.067,-0.115,0.182,TILT_LEFT
3840,2175,3719,-4.652,8.145,5.636,-0.097,-0.103,0.106,TILT_LEFT
3885,2191,4031,-4.506,8.25,5.775,-0.142,-0.09,0.041,TILT_LEFT
2992,2559,3696,2.215,10.597,-0.345,0.06,-0.118,-0.021,TILT_LEFT
3737,2729,3668,2.152,10.4,-0.333,0.134,-0.081,0.056,TILT_LEFT
3779,2075,3714,2.136,10.106,-0.371,0.181,-0.056,0.104,TILT_LEFT
4095,2224,3985,2.071,9.852,-0.244,0.21,-0.005,0.079,TILT_LEFT
3178,2401,4095,2.14,9.996,0.019,0.199,-0.031,0.082,TILT_LEFT
3897,2096,3613,2.124,9.991,-0.105,0.215,-0.066,0.135,TILT_LEFT
4095,2421,2749,2.128,10.046,-0.362,0.237,-0.029,0.197,TILT_LEFT
3843,2202,4095,2.217,9.962,-0.412,0.233,0.063,0.228,TILT_LEFT
4095,1889,4021,2.5,9.946,-0.084,0.183,0.091,0.208,TILT_LEFT
3957,2338,3312,2.526,9.979,-0.163,0.14,0.042,0.178,TILT_LEFT
3117,2432,4095,2.452,10.116,-0.227,0.143,0.058,0.171,TILT_LEFT
4095,2041,3359,2.523,9.979,-0.208,0.159,0.076,0.195,TILT_LEFT
4095,2224,2815,2.557,9.754,-0.079,0.189,0.08,0.191,TILT_LEFT
3787,1927,3991,2.591,9.524,0.158,0.206,0.035,0.183,TILT_LEFT
4095,2293,3836,2.562,9.323,0.299,0.216,-0.053,0.155,TILT_LEFT
3367,2478,4095,2.399,9.136,0.309,0.22,-0.113,0.126,TILT_LEFT
4095,2210,4095,2.217,9.041,0.247,0.217,-0.123,0.1,TILT_LEFT
3947,2384,2881,2.014,8.902,0.237,0.195,-0.091,0.085,TILT_LEFT
4095,2221,4095,1.946,8.808,0.385,0.142,-0.054,0.064,TILT_LEFT
4095,1762,4095,1.932,8.806,0.539,0.074,-0.056,0.043,TILT_LEFT
3899,2288,3376,1.913,8.868,0.634,0.033,-0.066,0.023,TILT_LEFT
3179,2319,3975,1.894,8.95,0.551,0.03,-0.079,0.026,TILT_LEFT
4095,2061,4095,1.686,9.203,0.235,0.028,0.001,0.071,TILT_LEFT
3533,2701,4092,1.753,9.155,0.115,-0.014,0.132,0.141,TILT_LEFT
3662,2063,4095,1.93,9.108,0.06,-0.064,0.241,0.124,TILT_LEFT
4095,1942,3751,2.085,9.184,0.211,-0.109,0.327,0.058,TILT_LEFT
3581,2511,3808,2.492,9.407,0.505,-0.145,0.268,-0.013,TILT_LEFT
4032,2159,3648,2.449,9.814,0.263,-0.135,0.195,-0.049,TILT_LEFT
3952,2368,2906,2.497,10.12,0.113,-0.101,0.186,0.008,TILT_LEFT
4095,2240,4095,2.71,10.139,0.132,-0.062,0.199,0.077,TILT_LEFT
4095,1942,4095,3.1,10.017,0.62,-0.05,0.117,0.068,TILT_LEFT
3946,2400,3448,3.318,9.929,0.56,-0.023,-0.096,-0.009,TILT_LEFT
3475,2619,3791,2.878,9.922,0.072,0.043,-0.176,-0.084,TILT_LEFT
4095,2129,3568,2.538,9.857,-0.045,0.066,-0.148,-0.047,TILT_LEFT
4095,2374,3248,2.528,9.486,0.242,0.049,-0.124,-0.009,TILT_LEFT
3568,2153,4095,2.624,9.246,0.558,0.014,-0.211,-0.026,TILT_LEFT
3719,1653,4093,2.485,9.139,0.532,0.007,-0.286,-0.069,TILT_LEFT
3443,2525,4095,2.2,9.203,0.316,0.017,-0.275,-0.086,TILT_LEFT
3059,2240,4075,2.03,9.134,0.357,0.013,-0.196,-0.04,TILT_LEFT
3920,2305,2798,2.121,8.947,0.596,-0.031,-0.152,0.011,TILT_LEFT
4050,2268,4045,2.313,8.756,0.754,-0.086,-0.189,0.019,TILT_LEFT
4095,1827,4095,2.224,8.808,0.524,-0.106,-0.248,-0.019,TILT_LEFT
4095,2199,3177,2.057,8.83,0.158,-0.125,-0.227,0.01,TILT_LEFT
3042,2455,3789,1.997,8.736,-0.05,-0.166,-0.151,0.033,TILT_LEFT
4095,1948,3959,2.083,8.641,-0.053,-0.233,-0.081,0.003,TILT_LEFT
4095,2532,2768,2.198,8.734,0.041,-0.309,-0.06,-0.092,TILT_LEFT
3477,2348,4095,2.198,9.031,0.089,-0.361,-0.083,-0.182,TILT_LEFT
4095,1699,3760,2.049,9.515,0.041,-0.367,-0.103,-0.209,TILT_LEFT
3728,2331,3664,1.992,9.883,-0.146,-0.359,-0.067,-0.125,TILT_LEFT
3043,2227,3834,2.2,9.943,-0.065,-0.346,0.022,-0.074,TILT_LEFT
4095,2087,3149,2.521,9.991,0.366,-0.345,0.02,-0.132,TILT_LEFT
3936,2235,4095,2.634,10.185,0.563,-0.329,-0.105,-0.223,TILT_LEFT
4095,1970,4095,2.401,10.475,0.294,-0.263,-0.223,-0.243,TILT_LEFT
3863,2256,3583,2.047,10.534,-0.091,-0.17,-0.236,-0.163,TILT_LEFT
3087,2583,3670,2.049,10.18,-0.306,-0.117,-0.168,-0.088,TILT_LEFT
4095,1922,3839,2.198,9.862,-0.146,-0.123,-0.124,-0.114,TILT_LEFT
4095,2151,3109,2.327,9.677,0.136,-0.154,-0.181,-0.195,TILT_LEFT
3457,2196,4095,2.066,9.833,-0.113,-0.149,-0.239,-0.227,TILT_LEFT
3987,2005,4095,1.93,9.787,-0.156,-0.112,-0.178,-0.173,TILT_LEFT
4095,2541,4049,2.025,9.644,-0.045,-0.095,-0.151,-0.135,TILT_LEFT
3034,2221,3883,2.025,9.579,-0.029,-0.101,-0.147,-0.063,TILT_LEFT
4095,2150,2879,2.318,9.452,0.287,-0.114,-0.208,-0.01,TILT_LEFT
4095,2352,3907,2.284,9.392,0.053,-0.117,-0.319,-0.014,TILT_LEFT
4074,1797,4095,2.037,9.416,-0.52,-0.115,-0.303,0.003,TILT_LEFT
4095,2250,3263,1.853,9.392,-0.843,-0.144,-0.154,0.017,TILT_LEFT
3152,2645,3719,1.937,9.304,-0.723,-0.203,0.006,0.006,TILT_LEFT
4095,2032,4095,1.99,9.483,-0.441,-0.281,0.061,-0.052,TILT_LEFT
4095,2201,2855,2.018,9.871,-0.292,-0.334,0.06,-0.055,TILT_LEFT
3617,2393,4095,2.095,10.24,-0.227,-0.332,0.01,-0.014,TILT_LEFT
3995,1751,4077,2.059,10.625,-0.388,-0.273,0.017,0.077,TILT_LEFT
3931,2327,3637,2.186,10.661,-0.414,-0.193,0.087,0.147,TILT_LEFT
2928,2203,4074,2.377,10.647,-0.225,-0.133,0.13,0.139,TILT_LEFT
4095,2047,3221,2.67,10.618,0.204,-0.082,0.051,0.084,TILT_LEFT
4000,2294,4095,2.643,10.733,0.175,0.001,-0.099,0.029,TILT_LEFT
3856,1991,4095,2.27,10.831,-0.297,0.104,-0.185,0.084,TILT_LEFT
3876,2425,3071,-4.743,7.484,1.18,0.274,-0.139,0.133,TILT_LEFT
4095,2090,3531,-4.992,7.786,1.207,0.245,-0.137,0.099,TILT_LEFT
3792,2541,3479,-5.162,7.877,1.156,0.202,-0.158,0.198,TILT_LEFT
3363,2407,3583,-5.152,7.903,1.164,0.165,-0.141,0.325,TILT_LEFT
4095,2263,3505,-4.951,7.736,1.087,0.133,-0.11,0.329,TILT_LEFT
3583,2666,3724,-4.81,7.64,1.056,0.103,-0.045,0.185,TILT_LEFT
3895,2178,3765,-4.779,7.611,1.085,0.065,-0.012,-0.079,TILT_LEFT
4095,2373,3645,-5.011,7.956,1.214,0.022,0.002,-0.251,TILT_LEFT
3147,2455,4095,-5.193,8.337,1.506,-0.041,-0.063,-0.234,TILT_LEFT
3842,2235,3955,-5.27,8.442,1.413,-0.045,-0.184,-0.105,TILT_LEFT
3707,2716,2660,-5.382,8.502,1.183,0.017,-0.188,0.007,TILT_LEFT
4095,2418,4095,-5.205,8.27,1.463,0.08,-0.147,0.059,TILT_LEFT
4095,1980,3867,-5.004,8.2,1.556,0.107,-0.222,0.052,TILT_LEFT
3914,2467,3497,-5.148,8.195,1.19,0.142,-0.253,0.035,TILT_LEFT
3143,2459,4036,-5.243,8.107,0.955,0.152,-0.183,0.078,TILT_LEFT
4095,2170,3907,-5.104,7.973,1.178,0.124,-0.117,0.122,TILT_LEFT
3850,2644,3676,-4.865,7.707,1.353,0.1,-0.112,0.08,TILT_LEFT
3952,2299,4047,-4.731,7.74,1.427,0.059,-0.174,0.002,TILT_LEFT
4095,2397,3622,-4.86,7.767,1.113,0.014,-0.217,-0.026,TILT_LEFT
3429,2624,3990,-4.949,7.769,0.905,-0.015,-0.149,-0.021,TILT_LEFT
3849,2315,3632,-4.875,7.764,1.092,-0.053,-0.076,-0.008,TILT_LEFT
3682,2496,2851,-4.633,7.712,1.384,-0.092,-0.092,-0.006,TILT_LEFT
4031,2375,4095,-4.647,7.76,1.276,-0.087,-0.151,-0.067,TILT_LEFT
4095,1914,3855,-4.815,8.219,1.415,-0.087,-0.201,0.032,TILT_LEFT
3856,2558,3374,-4.662,8.138,1.247,-0.053,-0.274,0.163,TILT_LEFT
2985,2431,3890,-4.702,8.212,0.895,-0.003,-0.252,0.215,TILT_LEFT
4095,2194,3741,-4.628,8.107,0.678,-0.002,-0.169,0.253,TILT_LEFT
3718,2548,2719,-4.386,7.87,0.883,-0.022,-0.122,0.191,TILT_LEFT
3831,2078,4095,-4.575,8.207,1.08,-0.031,-0.161,0.122,TILT_LEFT
4095,2064,3791,-4.678,8.724,1.267,-0.021,-0.268,0.272,TILT_LEFT
3376,2640,4095,-4.525,8.602,1.219,0.04,-0.406,0.377,TILT_LEFT
4009,2272,4095,-4.628,8.648,0.735,0.079,-0.499,0.447,TILT_LEFT
4095,2548,2846,-4.606,8.554,0.752,0.066,-0.478,0.478,TILT_LEFT
3994,2362,4095,-4.365,8.619,0.994,0.002,-0.591,0.451,TILT_LEFT
4095,1915,3789,-4.106,8.38,0.881,-0.046,-0.758,0.358,TILT_LEFT
3922,2445,3309,-4.281,8.305,0.594,-0.092,-0.839,0.133,TILT_LEFT
2938,2479,4002,-4.638,8.626,0.63,-0.218,-0.934,0.079,TILT_LEFT
4095,2321,4095,-4.712,8.593,0.421,-0.298,-0.972,0.112,TILT_LEFT
3619,2816,3260,-4.779,8.581,0.294,-0.248,-0.837,0.014,TILT_LEFT
3659,2439,4095,-4.796,8.705,0.682,-0.196,-0.71,-0.135,TILT_LEFT
4095,2320,3952,-4.724,8.756,0.979,-0.19,-0.725,-0.206,TILT_LEFT
3695,2701,4061,-5.078,8.698,0.666,-0.201,-0.701,-0.254,TILT_LEFT
3728,2350,3751,-5.387,8.894,0.682,-0.193,-0.533,-0.243,TILT_LEFT
3911,2482,2877,-5.224,8.957,1.195,-0.183,-0.43,-0.142,TILT_LEFT
3877,2379,4095,-5.131,8.736,1.262,-0.151,-0.431,-0.132,TILT_LEFT
4095,2091,4095,-5.42,8.983,0.965,-0.12,-0.369,-0.124,TILT_LEFT
3874,2432,3502,-5.468,9.153,0.924,-0.124,-0.274,0.001,TILT_LEFT
2883,2721,3392,-5.215,9.05,1.288,-0.126,-0.236,0.077,TILT_LEFT
4095,2267,3748,-5.148,8.971,1.142,-0.108,-0.273,0.068,TILT_LEFT
4095,2445,2913,-5.313,8.947,0.73,-0.092,-0.2,0.018,TILT_LEFT
3542,2368,4095,-5.385,8.969,0.426,-0.084,-0.029,-0.026,TILT_LEFT
4095,1952,3902,-5.282,9.112,1.051,-0.071,0.101,-0.018,TILT_LEFT
4095,2625,4095,-5.004,9.141,1.413,-0.033,0.025,0.083,TILT_LEFT
3053,2404,3660,-5.045,8.971,0.979,0.042,-0.005,0.141,TILT_LEFT
4095,2437,2718,-5.004,8.784,0.56,0.084,0.11,0.168,TILT_LEFT
3989,2448,4095,-4.671,8.394,0.711,0.103,0.217,0.106,TILT_LEFT
4095,1907,4095,-4.594,8.384,0.855,0.111,0.27,-0.05,TILT_LEFT
3718,2464,3658,-4.554,8.808,1.41,0.07,0.191,-0.014,TILT_LEFT
3057,2757,3872,-4.52,8.547,1.015,0.073,0.034,0.122,TILT_LEFT
4095,2113,4095,-4.712,8.497,0.407,0.149,0.118,0.123,TILT_LEFT
4081,2518,2371,-4.662,8.408,0.615,0.186,0.302,0.083,TILT_LEFT
3535,2394,4095,-4.271,8.66,1.367,0.149,0.223,0.048,TILT_LEFT
4095,2071,3935,-4.441,8.744,0.979,0.089,0.05,0.104,TILT_LEFT
3487,2466,3849,-4.556,8.792,0.783,0.056,0.008,0.122,TILT_LEFT
3005,2309,3783,-4.322,8.708,0.912,0.101,0.007,0.017,TILT_LEFT
4095,2261,3131,-4.432,8.863,0.781,0.29,0.07,-0.318,TILT_LEFT
4055,2450,4095,-5.377,9.773,0.668,0.451,0.222,-0.476,TILT_LEFT
4095,2179,4095,-5.89,10.688,1.094,0.472,0.282,-0.083,TILT_LEFT
4079,2433,3431,-5.701,10.958,1.178,0.475,0.169,0.669,TILT_LEFT
3376,2928,3561,-4.829,9.962,0.828,0.66,0.146,1.106,TILT_LEFT
4095,2163,4095,-4.42,9.431,0.366,0.893,0.208,1.078,TILT_LEFT
4095,2372,3023,-4.31,9.266,-0.081,0.993,0.36,0.991,TILT_LEFT
3682,2454,4095,-3.579,8.734,0.385,0.971,0.342,0.885,TILT_LEFT
3903,2216,4095,-3.529,8.598,0.024,0.885,0.188,0.727,TILT_LEFT
4095,2683,3787,-3.785,8.82,-0.45,0.782,0.154,0.705,TILT_LEFT
3831,2014,4043,-2.959,4.539,7.726,-0.35,0.022,-0.35,TILT_LEFT
3893,2030,4095,-2.545,4.111,8.006,-0.429,-0.209,-0.566,TILT_LEFT
3940,2094,4095,-3.256,4.494,7.549,-0.489,-0.292,-0.714,TILT_LEFT
3814,2118,4095,-3.735,4.815,7.13,-0.489,-0.257,-0.625,TILT_LEFT
3974,2102,4095,-3.864,4.678,7.199,-0.437,-0.121,-0.496,TILT_LEFT
3949,2087,4095,-3.704,4.233,8.353,-0.458,-0.12,-0.476,TILT_LEFT
3933,2045,4080,-3.627,4.444,8.938,-0.499,-0.41,-0.532,TILT_LEFT
3893,2046,4095,-4.42,5.049,8.296,-0.405,-0.538,-0.528,TILT_LEFT
3869,2079,4080,-5.035,5.595,7.573,-0.239,-0.433,-0.377,TILT_LEFT
3915,2078,4061,-4.982,5.315,7.355,-0.104,-0.16,-0.234,TILT_LEFT
3966,2046,3974,-4.257,4.587,8.224,-0.139,-0.059,-0.2,TILT_LEFT
3948,2096,4016,-3.725,4.336,8.602,-0.238,-0.336,-0.426,TILT_LEFT
3855,2105,3930,-4.855,5.136,7.513,-0.23,-0.365,-0.543,TILT_LEFT
3924,2074,3957,-5.356,5.464,7.242,-0.183,-0.089,-0.392,TILT_LEFT
3859,2119,3943,-4.894,5.164,7.942,-0.143,0.128,-0.265,TILT_LEFT
3869,2091,4014,-4.456,4.963,8.629,-0.153,0.151,-0.205,TILT_LEFT
3959,2147,4052,-4.305,5.124,8.581,-0.112,-0.003,-0.193,TILT_LEFT
3801,2113,3953,-4.472,5.497,8.358,-0.031,-0.101,-0.068,TILT_LEFT
3798,2125,4095,-4.597,5.511,7.867,0.083,-0.097,0.115,TILT_LEFT
3794,2097,4095,-4.372,5.219,7.788,0.132,-0.019,0.221,TILT_LEFT
3920,2124,4095,-3.713,4.784,8.198,0.046,-0.077,0.156,TILT_LEFT
3888,2119,4095,-3.972,5.018,7.52,-0.057,-0.183,-0.03,TILT_LEFT
3914,2096,4095,-4.671,5.466,6.943,-0.119,-0.063,-0.095,TILT_LEFT
3969,2110,4095,-4.544,5.428,7.46,-0.191,0.053,-0.047,TILT_LEFT
3981,2083,4095,-4.48,5.519,7.939,-0.215,0.017,-0.017,TILT_LEFT
3969,2108,4095,-4.573,5.878,7.889,-0.153,-0.107,0.075,TILT_LEFT
3885,2112,3984,-4.697,6.009,7.793,-0.054,-0.1,0.197,TILT_LEFT
4005,2117,4086,-4.405,5.816,7.812,-0.016,-0.124,0.232,TILT_LEFT
3944,2106,4095,-4.688,5.784,7.286,0.013,-0.058,0.207,TILT_LEFT
3962,2096,4015,-4.633,5.701,7.501,-0.001,0.046,0.221,TILT_LEFT
3952,2083,4003,-4.482,5.555,7.69,-0.001,0.054,0.196,TILT_LEFT
3879,2147,4018,-4.408,5.715,7.709,0.007,0.006,0.203,TILT_LEFT
3758,2111,3957,-4.379,5.78,7.697,0.049,-0.043,0.265,TILT_LEFT
3920,2094,4095,-4.542,5.837,7.451,0.108,-0.054,0.349,TILT_LEFT
3732,2087,4095,-4.475,5.583,7.381,0.135,0.037,0.434,TILT_LEFT
3777,2028,4048,-3.833,5.188,7.975,0.058,0.023,0.382,TILT_LEFT
3778,2014,4044,-3.934,5.361,7.767,-0.012,-0.043,0.253,TILT_LEFT
3859,2033,4084,-4.329,5.804,7.42,0.008,-0.001,0.276,TILT_LEFT
3925,2038,4095,-4.156,5.648,7.769,0.053,0.107,0.384,TILT_LEFT
3824,1997,4095,-3.785,5.38,8.004,0.074,0.08,0.411,TILT_LEFT
3850,1996,4095,-3.651,5.329,8.143,0.075,0.014,0.411,TILT_LEFT
3839,2000,4016,-3.785,5.344,7.669,0.102,-0.031,0.4,TILT_LEFT
3961,2001,4095,-3.788,5.303,7.527,0.129,0.026,0.435,TILT_LEFT
4015,2029,4080,-3.541,5.04,7.764,0.132,0.063,0.43,TILT_LEFT
3954,1987,4026,-3.218,4.812,8.09,0.112,-0.012,0.355,TILT_LEFT
3956,2000,4095,-3.517,4.899,7.76,0.112,-0.051,0.237,TILT_LEFT
4013,2078,4059,-3.558,4.932,7.894,0.079,-0.045,0.227,TILT_LEFT
3979,2037,4049,-3.649,4.961,7.542,0.085,-0.031,0.183,TILT_LEFT
3873,2063,4091,-3.809,4.973,7.257,0.061,0.075,0.194,TILT_LEFT
4010,2039,4065,-3.575,4.709,7.422,-0.006,0.158,0.191,TILT_LEFT
3875,2005,4059,-3.227,4.475,7.963,-0.082,0.122,0.092,TILT_LEFT
3873,1974,4030,-3.326,4.764,7.86,-0.137,-0.034,0.01,TILT_LEFT
3825,2009,4095,-3.74,5.195,7.594,-0.109,-0.019,0.026,TILT_LEFT
3812,1954,3967,-3.627,5.207,7.781,-0.065,0.012,0.106,TILT_LEFT
3827,1954,3940,-3.498,5.052,8.042,-0.029,0,0.115,TILT_LEFT
3749,1934,3909,-3.493,4.985,8.112,-0.016,-0.068,0.091,TILT_LEFT
3778,1904,3993,-3.716,5.025,7.867,0.012,-0.099,0.084,TILT_LEFT
3856,2001,4095,-3.565,4.939,8.14,0.026,-0.164,0.094,TILT_LEFT
3873,1998,3984,-3.962,5.047,7.604,0.087,-0.163,0.096,TILT_LEFT
3844,2016,4095,-3.97,4.839,7.566,0.086,0.008,0.157,TILT_LEFT
3952,2003,4016,-3.558,4.403,8.028,0.008,0.079,0.088,TILT_LEFT
4053,2017,4095,-3.211,4.386,8.337,-0.096,-0.03,-0.021,TILT_LEFT
4004,2021,4095,-3.654,4.769,7.592,-0.115,-0.055,-0.078,TILT_LEFT
3905,1972,4095,-3.804,4.913,7.468,-0.104,0.107,-0.014,TILT_LEFT
3972,1977,4095,-3.184,4.678,8.143,-0.14,0.124,0.046,TILT_LEFT
3998,2069,4095,-2.993,4.721,8.181,-0.156,-0.018,0.05,TILT_LEFT
3962,1994,4095,-3.132,4.934,7.961,-0.144,-0.089,0.039,TILT_LEFT
3865,2075,4095,-3.093,4.992,7.702,-0.124,-0.115,0.046,TILT_LEFT
3952,2055,4095,-3.366,5.045,7.391,-0.104,-0.037,0.047,TILT_LEFT
3792,2037,4095,-2.794,4.707,8.255,-0.188,-0.048,0.033,TILT_LEFT
3904,2021,4095,-2.851,4.949,8.047,-0.236,-0.268,-0.085,TILT_LEFT
3993,2030,4048,-3.486,5.397,7.302,-0.162,-0.285,-0.083,TILT_LEFT
3957,2054,4075,-3.728,5.265,7.326,-0.127,-0.105,-0.014,TILT_LEFT
3915,2037,4086,-2.931,4.906,8.253,-0.228,-0.198,-0.004,TILT_LEFT
3824,2043,4033,-3.287,4.824,7.688,-0.226,-0.313,-0.172,TILT_LEFT
3717,2180,3269,-1.417,7.829,4.472,0.109,0.052,0.04,TILT_LEFT
4095,2208,3887,-1.477,7.836,4.618,0.048,0.046,-0.019,TILT_LEFT
3518,2751,3824,-1.707,7.985,4.841,-0.006,0.059,-0.004,TILT_LEFT
4095,2068,3600,-1.549,8.095,4.994,-0.042,0.022,0.044,TILT_LEFT
4095,2251,4005,-1.623,8.205,4.918,-0.047,0.046,0.054,TILT_LEFT
3676,2279,4095,-1.602,8.222,4.999,-0.075,0.099,0.052,TILT_LEFT
4095,2222,3363,-1.614,8.351,5.205,-0.1,0.13,0.033,TILT_LEFT
3969,2596,2839,-1.659,8.49,5.255,-0.111,0.12,0.04,TILT_LEFT
3886,2231,4095,-1.776,8.574,5.109,-0.087,0.128,0.063,TILT_LEFT
4095,1767,3911,-1.748,8.588,5.076,-0.051,0.155,0.1,TILT_LEFT
3467,2430,3727,-1.745,8.499,5.092,-0.028,0.16,0.123,TILT_LEFT
3223,2227,4095,-1.748,8.442,5.052,-0.034,0.167,0.132,TILT_LEFT
4080,2217,3702,-1.559,8.296,5.016,-0.054,0.153,0.107,TILT_LEFT
3293,2356,3894,-1.674,8.43,4.894,-0.056,0.171,0.072,TILT_LEFT
3755,1970,3860,-1.652,8.334,4.877,-0.059,0.21,0.078,TILT_LEFT
4095,2194,4010,-1.547,8.267,4.915,-0.072,0.24,0.071,TILT_LEFT
3693,2245,4095,-1.437,8.176,5.03,-0.101,0.256,0.044,TILT_LEFT
4013,2035,3849,-1.322,8.289,5.346,-0.122,0.199,0.034,TILT_LEFT
3729,2651,2619,-1.283,8.334,5.131,-0.119,0.095,0.06,TILT_LEFT
3970,2229,4095,-1.516,8.349,4.69,-0.08,0.128,0.066,TILT_LEFT
4095,1754,3279,-1.499,8.159,4.714,-0.081,0.22,0.059,TILT_LEFT
3856,2240,3389,-1.29,8.028,4.954,-0.123,0.237,0.028,TILT_LEFT
3340,2114,4095,-1.341,8.054,4.958,-0.195,0.209,-0.006,TILT_LEFT
4095,2038,3771,-1.188,8.236,4.975,-0.234,0.13,-0.008,TILT_LEFT
3983,2509,3729,-1.41,8.48,4.705,-0.22,0.123,0.002,TILT_LEFT
3557,2059,3733,-1.381,8.442,4.676,-0.201,0.141,0.037,TILT_LEFT
4095,2180,3934,-1.214,8.387,4.688,-0.211,0.135,0.025,TILT_LEFT
3818,2352,4095,-1.097,8.418,4.858,-0.247,0.067,-0.019,TILT_LEFT
3886,1905,3711,-1.195,8.562,4.657,-0.272,-0.017,-0.039,TILT_LEFT
3998,2330,2733,-1.427,8.72,4.441,-0.256,-0.021,-0.073,TILT_LEFT
3758,2115,4095,-1.544,8.787,4.386,-0.236,0.039,-0.085,TILT_LEFT
4095,1823,3863,-1.437,8.732,4.64,-0.247,0.063,-0.099,TILT_LEFT
3773,2266,3647,-1.36,8.66,4.772,-0.266,0.005,-0.141,TILT_LEFT
3056,2304,3791,-1.53,8.82,4.748,-0.261,-0.032,-0.18,TILT_LEFT
4095,2004,3613,-1.695,8.942,4.695,-0.232,-0.049,-0.145,TILT_LEFT
4095,2487,3343,-1.738,8.88,4.697,-0.183,-0.046,-0.105,TILT_LEFT
3930,2015,3825,-1.662,8.722,4.635,-0.168,-0.04,-0.083,TILT_LEFT
4095,1891,3826,-1.618,8.552,4.669,-0.191,-0.039,-0.107,TILT_LEFT
3283,2302,4095,-1.544,8.622,4.796,-0.22,-0.095,-0.151,TILT_LEFT
3856,2097,3887,-1.851,8.789,4.616,-0.209,-0.1,-0.129,TILT_LEFT
4095,2430,2747,-1.848,8.801,4.702,-0.193,-0.076,-0.058,TILT_LEFT
4080,2238,4095,-1.856,8.722,4.561,-0.187,-0.051,-0.035,TILT_LEFT
4095,1731,3925,-1.796,8.72,4.764,-0.216,-0.01,-0.024,TILT_LEFT
3734,2160,3504,-1.757,8.83,4.793,-0.25,-0.054,-0.018,TILT_LEFT
3093,2250,4095,-1.997,9.064,4.53,-0.24,-0.017,0.001,TILT_LEFT
4095,1934,4087,-1.963,9.139,4.587,-0.234,0.061,0.037,TILT_LEFT
3687,2474,3167,-1.906,9.191,4.688,-0.24,0.077,0.048,TILT_LEFT
3724,2086,3987,-1.951,9.376,4.7,-0.247,0.081,0.072,TILT_LEFT
4095,1903,3777,-1.872,9.527,4.618,-0.223,0.087,0.101,TILT_LEFT
3501,2366,3808,-1.796,9.661,4.642,-0.175,0.089,0.126,TILT_LEFT
3838,2077,3626,-1.686,9.658,4.697,-0.118,0.083,0.138,TILT_LEFT
3897,2215,2923,-1.662,9.689,4.733,-0.072,0.061,0.156,TILT_LEFT
3937,2128,4095,-1.516,9.606,4.764,-0.026,0.016,0.169,TILT_LEFT
4095,1776,4095,-1.614,9.562,4.559,0.041,0.024,0.165,TILT_LEFT
3826,2238,3405,-1.465,9.452,4.829,0.074,0,0.212,TILT_LEFT
3136,2273,3727,-1.393,9.306,4.822,0.109,-0.07,0.256,TILT_LEFT
4095,1966,3915,-1.401,9.177,4.496,0.155,-0.066,0.264,TILT_LEFT
4095,1967,3304,-1.348,8.973,4.532,0.173,-0.029,0.232,TILT_LEFT
3868,1967,4078,-1.279,8.815,4.695,0.151,-0.016,0.204,TILT_LEFT
3696,1984,3955,-1.317,8.679,4.769,0.131,-0.03,0.164,TILT_LEFT
3456,2380,4095,-1.353,8.667,4.8,0.12,-0.039,0.146,TILT_LEFT
3319,2063,4044,-1.288,8.631,4.896,0.114,-0.066,0.164,TILT_LEFT
4095,2200,3041,-1.343,8.662,4.925,0.143,-0.115,0.183,TILT_LEFT
3971,1988,4095,-1.47,8.605,4.817,0.173,-0.133,0.23,TILT_LEFT
4095,1616,4095,-1.369,8.406,4.872,0.188,-0.121,0.228,TILT_LEFT
4015,2112,3381,-1.262,8.236,4.994,0.161,-0.126,0.179,TILT_LEFT
2947,2259,3666,-1.216,8.15,4.973,0.106,-0.196,0.094,TILT_LEFT
4095,2030,4012,-1.635,8.394,4.69,0.099,-0.174,0.051,TILT_LEFT
3989,2046,3440,-1.65,8.337,4.831,0.096,-0.104,0.096,TILT_LEFT
3472,2065,4095,-1.341,8.164,5.042,0.08,-0.1,0.065,TILT_LEFT
4095,1945,3840,-1.525,8.21,5.001,0.044,-0.123,0.009,TILT_LEFT
3758,2245,3657,-1.391,8.31,5.167,0.026,-0.164,-0.014,TILT_LEFT
3389,1954,3734,-1.666,8.456,4.958,0.044,-0.162,-0.027,TILT_LEFT
4095,2027,2995,-1.676,8.459,5.042,0.046,-0.123,0.014,TILT_LEFT
3985,2083,4095,-1.585,8.382,5.15,0.05,-0.124,0.005,TILT_LEFT
4095,2377,4095,0.024,9.457,1.314,-0.034,-0.034,0.076,TILT_LEFT
4095,2303,4032,0.005,9.407,1.322,-0.051,0.008,0.025,TILT_LEFT
3915,2313,3835,-0.043,9.448,1.257,-0.059,0.04,-0.017,TILT_LEFT
3699,2112,4049,0.002,9.474,1.324,-0.06,0.047,-0.034,TILT_LEFT
4095,2256,3731,0.01,9.558,1.295,-0.064,0.04,-0.047,TILT_LEFT
3941,2273,4095,0.022,9.637,1.216,-0.067,0.067,-0.051,TILT_LEFT
3761,2069,4095,0.096,9.644,1.188,-0.061,0.13,-0.063,TILT_LEFT
4095,2241,3050,0.232,9.55,1.216,-0.062,0.189,-0.078,TILT_LEFT
3274,2065,3931,0.364,9.51,1.362,-0.069,0.207,-0.095,TILT_LEFT
3710,1873,3659,0.5,9.527,1.566,-0.079,0.153,-0.08,TILT_LEFT
3984,2167,4095,0.579,9.534,1.408,-0.071,0.088,-0.042,TILT_LEFT
3766,2200,3601,0.649,9.383,1.13,-0.064,0.101,-0.023,TILT_LEFT
4095,2319,4095,0.725,9.124,1.03,-0.087,0.156,-0.057,TILT_LEFT
3824,1981,2990,0.828,9.05,1.188,-0.14,0.186,-0.116,TILT_LEFT
4095,2416,4095,0.886,9.124,1.255,-0.193,0.162,-0.156,TILT_LEFT
3291,1968,3583,0.876,9.304,1.24,-0.22,0.134,-0.162,TILT_LEFT
4095,2243,3922,0.927,9.474,1.302,-0.226,0.099,-0.137,TILT_LEFT
3938,2009,3462,0.95,9.61,1.185,-0.226,0.06,-0.099,TILT_LEFT
4055,2288,4095,1.008,9.625,1.039,-0.231,0.04,-0.067,TILT_LEFT
3655,2035,4095,1.166,9.577,0.958,-0.246,0.021,-0.097,TILT_LEFT
4095,2231,3640,1.113,9.663,0.931,-0.271,-0.009,-0.153,TILT_LEFT
3952,2160,3867,1.044,9.878,0.998,-0.286,-0.077,-0.165,TILT_LEFT
3231,2039,3947,0.979,10.005,0.967,-0.268,-0.139,-0.159,TILT_LEFT
4095,2111,3803,0.86,10.094,0.881,-0.246,-0.168,-0.144,TILT_LEFT
3720,2128,4087,0.833,10.015,0.879,-0.234,-0.185,-0.139,TILT_LEFT
3743,1994,3898,0.752,9.993,0.986,-0.221,-0.211,-0.164,TILT_LEFT
3509,2105,3984,0.735,9.924,1.041,-0.21,-0.261,-0.18,TILT_LEFT
4095,2299,3949,0.579,9.969,0.977,-0.201,-0.301,-0.178,TILT_LEFT
3681,1936,3889,0.484,9.914,0.919,-0.197,-0.302,-0.16,TILT_LEFT
4095,2289,3233,0.46,9.864,1.113,-0.205,-0.28,-0.153,TILT_LEFT
3179,1971,4095,0.488,9.881,1.307,-0.226,-0.339,-0.135,TILT_LEFT
4010,1947,3814,0.34,9.902,1.077,-0.228,-0.351,-0.126,TILT_LEFT
3920,2015,4095,0.208,9.979,0.927,-0.228,-0.274,-0.109,TILT_LEFT
4067,2128,3680,0.254,9.955,0.965,-0.237,-0.176,-0.107,TILT_LEFT
3924,2059,4095,0.383,10.02,1.29,-0.255,-0.147,-0.135,TILT_LEFT
3659,1680,3177,0.256,10.35,1.259,-0.258,-0.205,-0.109,TILT_LEFT
4095,2380,4095,0.093,10.647,1.077,-0.242,-0.224,0.019,TILT_LEFT
3647,2000,3765,0.263,10.63,0.967,-0.219,-0.21,0.135,TILT_LEFT
4095,2178,4095,0.393,10.487,0.771,-0.185,-0.16,0.123,TILT_LEFT
4042,1999,3733,0.421,10.511,0.766,-0.16,-0.075,0.048,TILT_LEFT
3852,2189,3968,0.498,10.666,0.982,-0.142,-0.049,0.005,TILT_LEFT
3691,1982,3792,0.453,10.855,1.085,-0.101,-0.089,0.02,TILT_LEFT
4095,2268,3745,0.292,10.992,0.996,-0.033,-0.091,0.102,TILT_LEFT
4095,2432,4095,0.299,10.86,0.998,0.035,-0.057,0.185,TILT_LEFT
3283,1715,3534,0.414,10.597,1.073,0.08,-0.025,0.199,TILT_LEFT
4095,2284,3639,0.555,10.451,1.269,0.099,-0.037,0.17,TILT_LEFT
3532,2137,4095,0.479,10.408,1.245,0.115,-0.104,0.165,TILT_LEFT
3954,2034,3963,0.345,10.408,1.075,0.155,-0.104,0.209,TILT_LEFT
3441,1691,3723,0.362,10.288,1.063,0.189,-0.054,0.265,TILT_LEFT
4095,2401,4095,0.517,10.072,1.264,0.205,-0.029,0.28,TILT_LEFT
3583,1865,3391,0.587,9.936,1.415,0.209,-0.05,0.258,TILT_LEFT
4095,2319,3326,0.634,9.759,1.458,0.199,-0.109,0.228,TILT_LEFT
3618,2081,3855,0.476,9.831,1.279,0.2,-0.142,0.225,TILT_LEFT
4074,2112,3669,0.29,9.883,1.161,0.216,-0.098,0.288,TILT_LEFT
3843,2109,4095,0.326,9.747,1.223,0.238,-0.036,0.369,TILT_LEFT
4095,2193,3383,0.524,9.462,1.348,0.231,-0.006,0.381,TILT_LEFT
3888,2064,4095,0.781,9.187,1.386,0.186,-0.03,0.297,TILT_LEFT
3920,2095,3314,0.711,9.153,1.216,0.133,-0.047,0.161,TILT_LEFT
3884,2394,4095,0.491,9.373,1.13,0.094,-0.033,0.123,TILT_LEFT
3979,2113,3714,0.402,9.512,1.195,0.083,-0.008,0.175,TILT_LEFT
3968,2055,4068,0.515,9.531,1.353,0.086,-0.005,0.225,TILT_LEFT
4095,2158,3461,0.599,9.436,1.331,0.072,-0.008,0.216,TILT_LEFT
3786,2163,4095,0.682,9.407,1.377,0.045,-0.013,0.15,TILT_LEFT
3659,1923,3987,0.627,9.562,1.403,0.022,-0.031,0.105,TILT_LEFT
4095,2113,3147,0.582,9.68,1.329,0.022,-0.04,0.098,TILT_LEFT
3710,2318,4095,0.594,9.737,1.279,0.029,-0.014,0.097,TILT_LEFT
4095,1918,3600,0.622,9.735,1.326,0.024,-0.008,0.08,TILT_LEFT
4095,2370,3714,0.582,9.807,1.372,0.026,-0.011,0.068,TILT_LEFT
3465,2188,4058,0.613,9.816,1.367,0.026,-0.027,0.08,TILT_LEFT
4095,2404,4095,0.649,9.811,1.35,0.037,-0.058,0.073,TILT_LEFT
3362,1941,3408,0.579,9.886,1.168,0.055,-0.043,0.076,TILT_LEFT
4095,2192,4095,0.625,9.965,1.221,0.072,0.023,0.078,TILT_LEFT
3536,1975,3920,0.766,10.048,1.391,0.09,0.059,0.055,TILT_LEFT
4095,2221,3571,0.728,10.166,1.393,0.12,0.072,0.054,TILT_LEFT
3786,2065,4012,0.788,10.144,1.427,0.155,0.074,0.096,TILT_LEFT
3321,1959,3603,1.168,8.622,-4.396,-0.041,0.072,-0.044,TILT_LEFT
3996,2010,4095,1.101,8.818,-4.164,-0.045,0.132,0.103,TILT_LEFT
4095,1939,4095,1.427,8.744,-3.759,-0.037,0.079,0.233,TILT_LEFT
3986,2071,3566,1.671,8.653,-3.814,0.003,-0.064,0.256,TILT_LEFT
3479,2303,3952,1.559,8.633,-4.252,0.026,-0.115,0.235,TILT_LEFT
3958,2021,4095,1.556,8.423,-4.508,0.007,-0.07,0.2,TILT_LEFT
4095,2010,3391,1.714,8.219,-4.396,-0.023,-0.016,0.076,TILT_LEFT
3754,2192,4049,1.839,8.114,-4.187,-0.065,-0.041,-0.123,TILT_LEFT
3904,1605,4095,1.824,8.205,-4.029,-0.118,-0.142,-0.331,TILT_LEFT
4095,2106,3874,1.568,8.459,-4.08,-0.146,-0.243,-0.45,TILT_LEFT
3676,2130,3755,1.118,8.787,-4.252,-0.152,-0.289,-0.435,TILT_LEFT
4013,2029,3897,0.718,9.124,-4.353,-0.119,-0.22,-0.248,TILT_LEFT
4095,2130,4095,0.73,9.105,-4.24,-0.07,-0.114,-0.016,TILT_LEFT
3662,1854,4095,1.01,8.844,-3.883,-0.034,-0.106,0.092,TILT_LEFT
3951,2075,3655,1.13,8.662,-3.788,-0.028,-0.187,0.074,TILT_LEFT
3395,2368,3405,0.977,8.636,-4.149,-0.028,-0.225,0.027,TILT_LEFT
4087,1984,4095,0.828,8.619,-4.329,-0.027,-0.145,0.013,TILT_LEFT
4095,1824,3603,0.838,8.492,-4.223,-0.031,-0.049,0.011,TILT_LEFT
3427,2231,4095,0.931,8.459,-4.029,-0.024,-0.013,0.003,TILT_LEFT
3120,1968,4095,1.025,8.485,-3.953,-0.029,-0.039,0.014,TILT_LEFT
4095,2119,3477,1.149,8.492,-3.996,-0.052,-0.102,0.049,TILT_LEFT
3277,2047,3690,1.255,8.382,-4.214,-0.063,-0.114,0.057,TILT_LEFT
3802,1865,3446,1.262,8.356,-4.252,-0.079,-0.099,0.015,TILT_LEFT
4095,2097,4078,1.252,8.43,-4.269,-0.106,-0.088,-0.009,TILT_LEFT
3735,2090,4095,1.305,8.449,-4.223,-0.112,-0.097,-0.027,TILT_LEFT
3952,2014,3673,1.3,8.526,-4.319,-0.116,-0.146,-0.049,TILT_LEFT
3474,2347,2967,1.255,8.521,-4.487,-0.122,-0.144,-0.043,TILT_LEFT
3984,2047,4095,1.293,8.571,-4.489,-0.134,-0.147,-0.05,TILT_LEFT
4095,1734,3310,1.267,8.65,-4.508,-0.139,-0.153,-0.05,TILT_LEFT
3743,2261,3506,1.243,8.669,-4.523,-0.122,-0.141,-0.057,TILT_LEFT
3406,1949,4095,1.302,8.66,-4.506,-0.106,-0.136,-0.083,TILT_LEFT
4095,1989,3395,1.288,8.744,-4.413,-0.109,-0.164,-0.076,TILT_LEFT
4095,2103,3884,1.286,8.763,-4.439,-0.103,-0.206,-0.046,TILT_LEFT
4016,1951,3695,1.319,8.72,-4.477,-0.085,-0.216,-0.041,TILT_LEFT
4095,2134,4037,1.202,8.648,-4.618,-0.074,-0.193,-0.061,TILT_LEFT
3650,2073,4095,1.14,8.602,-4.597,-0.072,-0.152,-0.057,TILT_LEFT
4095,2045,3770,1.185,8.519,-4.484,-0.079,-0.161,-0.044,TILT_LEFT
3579,2374,2832,1.183,8.452,-4.487,-0.083,-0.187,-0.055,TILT_LEFT
4016,1978,4095,1.041,8.538,-4.638,-0.086,-0.179,-0.064,TILT_LEFT
4095,1582,3711,0.991,8.576,-4.688,-0.091,-0.142,-0.032,TILT_LEFT
3638,2242,3437,1.08,8.519,-4.585,-0.085,-0.108,-0.031,TILT_LEFT
3021,2109,4095,1.111,8.519,-4.616,-0.088,-0.102,-0.076,TILT_LEFT
4095,2030,3563,1.144,8.511,-4.609,-0.108,-0.123,-0.079,TILT_LEFT
3600,2681,2859,1.087,8.6,-4.697,-0.112,-0.149,-0.095,TILT_LEFT
3681,1847,3877,0.881,8.801,-4.836,-0.104,-0.118,-0.063,TILT_LEFT
4095,1891,3891,0.86,8.83,-4.901,-0.09,-0.041,-0.001,TILT_LEFT
3437,2190,4095,1.018,8.717,-4.75,-0.082,0.013,0.004,TILT_LEFT
3881,2063,3638,1.154,8.756,-4.575,-0.075,-0.022,-0.042,TILT_LEFT
3663,2447,2838,1.087,8.854,-4.611,-0.06,-0.072,-0.051,TILT_LEFT
3830,2141,4095,1.061,8.811,-4.724,-0.043,-0.066,-0.057,TILT_LEFT
4095,1435,3856,1.025,8.799,-4.798,-0.039,-0.031,-0.063,TILT_LEFT
3964,2295,3490,1.085,8.684,-4.693,-0.035,0.001,-0.085,TILT_LEFT
3163,2047,3997,1.058,8.655,-4.535,-0.033,-0.013,-0.135,TILT_LEFT
4095,2064,3983,0.965,8.734,-4.453,-0.04,-0.076,-0.147,TILT_LEFT
3408,2688,3071,0.747,8.851,-4.606,-0.022,-0.102,-0.09,TILT_LEFT
3701,1979,3862,0.613,8.835,-4.738,0.003,-0.032,-0.007,TILT_LEFT
4095,2108,4030,0.725,8.677,-4.573,0.014,0.041,0.05,TILT_LEFT
3697,2191,4095,0.857,8.559,-4.345,0.011,0.07,0.022,TILT_LEFT
4080,2047,3475,0.867,8.595,-4.192,0,0.023,-0.018,TILT_LEFT
4095,2242,2685,0.874,8.595,-4.302,-0.003,-0.017,-0.045,TILT_LEFT
3934,2130,4095,0.785,8.581,-4.487,-0.007,0.007,-0.055,TILT_LEFT
4095,1633,4095,0.737,8.502,-4.484,-0.024,0.057,-0.041,TILT_LEFT
3731,2122,3699,0.788,8.459,-4.324,-0.041,0.086,-0.044,TILT_LEFT
3095,2256,3181,0.881,8.44,-4.111,-0.047,0.07,-0.095,TILT_LEFT
4095,1935,3635,0.895,8.545,-4.128,-0.058,0.003,-0.14,TILT_LEFT
4095,2199,3410,0.694,8.657,-4.35,-0.062,-0.006,-0.135,TILT_LEFT
3603,1823,4083,0.577,8.842,-4.331,-0.062,0.045,-0.049,TILT_LEFT
4095,1782,4095,0.646,8.835,-4.185,-0.046,0.073,0.049,TILT_LEFT
3282,2145,4095,0.804,8.751,-4.065,-0.026,0.056,0.079,TILT_LEFT
3504,1963,4095,0.869,8.684,-3.998,-0.022,-0.008,0.056,TILT_LEFT
4095,2163,2558,0.85,8.65,-4.128,-0.018,-0.08,0.012,TILT_LEFT
4093,2099,4095,0.682,8.669,-4.365,-0.014,-0.092,-0.005,TILT_LEFT
4095,1682,4063,0.608,8.679,-4.35,-0.024,-0.058,0.011,TILT_LEFT
3946,2079,3376,0.718,8.578,-4.168,-0.026,-0.043,-0.007,TILT_LEFT
2994,2352,3906,0.656,8.61,-3.977,-0.032,-0.086,-0.048,TILT_LEFT
