4022,2203,3974,4.219,-8.571,1.779,-0.08,-0.145,0.095,TILT_RIGHT
3955,2196,4095,4.104,-8.566,1.547,-0.1,-0.161,0.096,TILT_RIGHT
3994,2134,4095,4.118,-8.641,1.52,-0.115,-0.134,0.071,TILT_RIGHT
3962,2185,4095,4.085,-8.6,1.551,-0.104,-0.082,0.028,TILT_RIGHT
4049,2209,4095,4.164,-8.665,1.705,-0.092,-0.046,0.01,TILT_RIGHT
3999,2193,4046,4.302,-8.701,1.863,-0.092,-0.055,-0.003,TILT_RIGHT
4063,2167,4095,4.506,-8.77,2.002,-0.083,-0.145,-0.023,TILT_RIGHT
3988,2203,4095,4.53,-8.818,1.733,-0.084,-0.23,-0.024,TILT_RIGHT
3929,2225,4083,4.441,-8.926,1.537,-0.086,-0.185,-0.041,TILT_RIGHT
3920,2273,4095,4.369,-8.94,1.559,-0.078,-0.117,-0.066,TILT_RIGHT
4048,2277,4010,4.3,-8.892,1.678,-0.06,-0.07,-0.073,TILT_RIGHT
3827,2214,4095,4.36,-8.808,1.87,-0.027,-0.097,-0.064,TILT_RIGHT
3937,2246,4095,4.322,-8.748,1.781,0.009,-0.129,-0.014,TILT_RIGHT
3847,2203,4095,4.243,-8.756,1.647,0.048,-0.122,0.038,TILT_RIGHT
3896,2251,4095,4.142,-8.763,1.635,0.06,-0.087,0.106,TILT_RIGHT
3842,2256,4095,4.3,-8.892,1.836,0.081,-0.07,0.15,TILT_RIGHT
3945,2256,4095,4.355,-8.978,1.913,0.107,-0.113,0.144,TILT_RIGHT
3916,2215,4095,4.226,-8.93,1.848,0.121,-0.138,0.14,TILT_RIGHT
3905,2185,4033,4.137,-8.842,1.741,0.135,-0.117,0.165,TILT_RIGHT
3876,2215,4095,4.053,-8.825,1.717,0.139,-0.082,0.2,TILT_RIGHT
3993,2161,4095,4.022,-8.866,1.729,0.107,-0.072,0.228,TILT_RIGHT
4001,2229,4095,4.025,-9.012,1.829,0.082,-0.048,0.228,TILT_RIGHT
4060,2213,4095,4.164,-9.093,2.035,0.087,-0.074,0.144,TILT_RIGHT
4018,2214,4070,4.053,-8.969,1.937,0.103,-0.112,0.043,TILT_RIGHT
4039,2192,4095,3.84,-8.792,1.899,0.114,-0.08,0.043,TILT_RIGHT
4063,2224,4095,3.847,-8.885,1.937,0.096,-0.025,0.137,TILT_RIGHT
4055,2234,4095,4.082,-9.165,2.124,0.057,-0.001,0.156,TILT_RIGHT
3901,2252,4095,4.185,-9.227,2.344,0.014,-0.059,0.065,TILT_RIGHT
3691,2242,4095,4.082,-8.961,2.229,0.01,-0.127,-0.017,TILT_RIGHT
3838,2208,4085,3.876,-8.681,2.009,0.021,-0.108,0.002,TILT_RIGHT
3831,2219,4095,3.819,-8.677,1.978,0.014,-0.037,0.107,TILT_RIGHT
3933,2226,4095,3.955,-8.88,2.157,-0.006,0.009,0.17,TILT_RIGHT
3668,2275,4095,4.128,-8.988,2.363,-0.028,-0.045,0.14,TILT_RIGHT
3890,2220,4077,4.166,-8.988,2.382,-0.029,-0.133,0.041,TILT_RIGHT
3825,2199,4046,3.905,-8.768,2.121,-0.031,-0.168,-0.018,TILT_RIGHT
3894,2226,4011,3.737,-8.662,1.954,-0.051,-0.12,0.025,TILT_RIGHT
4016,2207,4095,3.701,-8.799,2.069,-0.076,-0.045,0.078,TILT_RIGHT
3963,2228,4054,3.855,-8.938,2.277,-0.113,-0.038,0.078,TILT_RIGHT
4025,2290,4032,3.977,-8.964,2.33,-0.125,-0.091,0.025,TILT_RIGHT
4091,2271,4071,3.9,-8.827,2.251,-0.108,-0.123,-0.034,TILT_RIGHT
4094,2273,4095,3.795,-8.729,2.073,-0.089,-0.098,-0.026,TILT_RIGHT
4001,2304,4052,3.747,-8.806,1.994,-0.084,-0.037,0.027,TILT_RIGHT
4049,2345,4079,3.804,-8.969,2.093,-0.096,0.009,0.052,TILT_RIGHT
4075,2317,4095,4.01,-9.108,2.33,-0.096,-0.019,0.007,TILT_RIGHT
4095,2278,4095,3.948,-8.993,2.239,-0.065,-0.074,-0.068,TILT_RIGHT
4042,2277,4095,3.742,-8.78,2.033,-0.04,-0.067,-0.059,TILT_RIGHT
3975,2305,4095,3.716,-8.772,1.968,-0.036,-0.005,0.034,TILT_RIGHT
3911,2266,4095,3.919,-8.988,2.131,-0.033,0.021,0.055,TILT_RIGHT
3904,2301,4095,3.95,-8.978,2.09,-0.043,0.003,0.016,TILT_RIGHT
3949,2283,4095,3.938,-8.959,2.116,-0.046,-0.002,-0.027,TILT_RIGHT
3950,2293,4095,3.926,-8.823,2.121,-0.033,-0.021,-0.038,TILT_RIGHT
3954,2288,4095,3.84,-8.784,2.021,-0.026,-0.008,0.007,TILT_RIGHT
3865,2270,4095,3.915,-8.878,2.155,-0.024,0.005,0.062,TILT_RIGHT
3943,2271,4095,3.962,-9.036,2.105,-0.05,-0.031,0.08,TILT_RIGHT
3901,2304,4095,3.991,-9.122,2.09,-0.061,-0.033,0.03,TILT_RIGHT
3971,2278,4047,3.955,-9.043,2.107,-0.055,-0.019,-0.032,TILT_RIGHT
3953,2266,3939,3.91,-8.911,2.121,-0.05,-0.022,-0.044,TILT_RIGHT
4095,2293,4039,3.85,-8.847,2.114,-0.054,-0.029,-0.006,TILT_RIGHT
4050,2303,4095,3.962,-8.89,2.224,-0.072,-0.052,0.05,TILT_RIGHT
3997,2274,4066,4.056,-8.997,2.157,-0.083,-0.104,0.069,TILT_RIGHT
4032,2257,4095,3.953,-9,1.966,-0.084,-0.091,0.048,TILT_RIGHT
3838,2247,4053,3.888,-8.978,1.923,-0.094,-0.048,0.033,TILT_RIGHT
4011,2273,4095,3.867,-8.921,2.002,-0.101,-0.01,0.021,TILT_RIGHT
3916,2241,4095,3.847,-8.856,2.085,-0.104,-0.001,0.023,TILT_RIGHT
3869,2240,4095,3.869,-8.837,2.255,-0.107,-0.006,0.042,TILT_RIGHT
3911,2343,4095,4.075,-8.873,2.406,-0.075,-0.102,0.014,TILT_RIGHT
4049,2299,4095,4.068,-8.808,2.169,-0.058,-0.192,-0.007,TILT_RIGHT
3856,2255,4095,3.831,-8.787,1.82,-0.054,-0.156,0.007,TILT_RIGHT
3850,2199,4095,3.797,-8.847,1.827,-0.065,-0.056,0.037,TILT_RIGHT
3985,2239,4095,3.826,-8.942,2.097,-0.065,0.002,0.029,TILT_RIGHT
3933,2235,4079,3.886,-8.954,2.31,-0.064,-0.019,-0.001,TILT_RIGHT
3972,2250,4095,3.893,-8.902,2.255,-0.06,-0.084,-0.013,TILT_RIGHT
3920,2210,4095,3.816,-8.815,2.1,-0.058,-0.097,0.009,TILT_RIGHT
4013,2254,4070,3.912,-8.885,2.105,-0.062,-0.074,0.042,TILT_RIGHT
3981,2288,4017,3.97,-8.988,2.116,-0.062,-0.047,0.02,TILT_RIGHT
4095,2288,4095,4.068,-8.581,2.971,-0.244,0.058,-0.123,TILT_RIGHT
4095,2362,3694,3.989,-8.43,2.904,-0.247,0.039,-0.179,TILT_RIGHT
3391,2063,3911,3.929,-8.31,2.713,-0.243,0.017,-0.19,TILT_RIGHT
4095,2294,3807,3.958,-8.238,2.612,-0.234,-0.002,-0.185,TILT_RIGHT
3972,2772,4095,4.037,-8.15,2.466,-0.225,0.002,-0.184,TILT_RIGHT
4095,2009,3632,4.231,-8.102,2.401,-0.205,0.023,-0.2,TILT_RIGHT
3713,2170,3885,4.456,-8.061,2.416,-0.167,0.037,-0.242,TILT_RIGHT
2607,2195,4095,4.606,-7.961,2.459,-0.137,-0.001,-0.236,TILT_RIGHT
3987,2535,4095,4.762,-7.906,2.545,-0.099,-0.059,-0.184,TILT_RIGHT
3922,2274,4095,4.882,-7.989,2.646,-0.047,-0.067,-0.115,TILT_RIGHT
4095,2399,3967,5.064,-8.179,2.923,-0.008,-0.086,-0.078,TILT_RIGHT
4095,2192,3291,5.207,-8.327,3.141,0.036,-0.14,-0.119,TILT_RIGHT
3761,2281,4095,5.124,-8.301,3.194,0.07,-0.213,-0.165,TILT_RIGHT
4095,2082,4095,4.985,-8.217,3.273,0.086,-0.285,-0.13,TILT_RIGHT
4095,2438,4095,4.899,-8.277,3.232,0.094,-0.311,-0.035,TILT_RIGHT
3662,2363,4095,4.846,-8.48,3.23,0.099,-0.281,0.041,TILT_RIGHT
3693,2099,3831,4.824,-8.677,3.393,0.092,-0.245,0.064,TILT_RIGHT
3163,1943,4095,4.76,-8.799,3.51,0.08,-0.235,0.047,TILT_RIGHT
3165,2047,4079,4.652,-8.847,3.536,0.068,-0.232,0.023,TILT_RIGHT
3549,2416,4095,4.513,-8.784,3.433,0.047,-0.198,0.028,TILT_RIGHT
4006,2338,4095,4.456,-8.746,3.44,0.015,-0.128,0.071,TILT_RIGHT
4095,2547,4095,4.477,-8.722,3.448,-0.027,-0.058,0.113,TILT_RIGHT
4095,2335,3762,4.503,-8.717,3.39,-0.065,-0.001,0.107,TILT_RIGHT
3631,2089,4095,4.578,-8.588,3.479,-0.095,0.025,0.065,TILT_RIGHT
3395,2150,4095,4.573,-8.344,3.4,-0.115,0.009,0.043,TILT_RIGHT
3568,2289,3757,4.578,-8.174,3.263,-0.131,0.016,0.055,TILT_RIGHT
3952,2156,4095,4.602,-8.054,3.163,-0.141,0.053,0.066,TILT_RIGHT
4095,1835,3824,4.7,-8.006,3.148,-0.144,0.085,0.064,TILT_RIGHT
3339,2231,3687,4.678,-7.977,3.213,-0.151,0.093,0.053,TILT_RIGHT
3792,2251,3321,4.681,-7.977,3.235,-0.152,0.08,0.055,TILT_RIGHT
4095,2137,3815,4.693,-8.045,3.213,-0.157,0.057,0.065,TILT_RIGHT
4095,2307,4095,4.752,-8.121,3.259,-0.154,0.031,0.041,TILT_RIGHT
3696,2192,4086,4.685,-8.147,3.211,-0.149,0.017,0.015,TILT_RIGHT
4095,2211,3915,4.633,-8.207,3.177,-0.156,0.038,0.017,TILT_RIGHT
3778,2186,4095,4.618,-8.361,3.227,-0.164,0.052,0.013,TILT_RIGHT
4095,2171,3383,4.53,-8.411,3.261,-0.168,0.049,-0.019,TILT_RIGHT
3970,2314,3595,4.441,-8.358,3.261,-0.167,0.031,-0.044,TILT_RIGHT
3717,2339,4095,4.353,-8.353,3.103,-0.146,0.035,-0.039,TILT_RIGHT
4095,1943,4095,4.369,-8.416,3.045,-0.127,0.06,-0.026,TILT_RIGHT
3885,2245,3904,4.374,-8.473,2.938,-0.118,0.083,-0.024,TILT_RIGHT
4000,2289,4080,4.401,-8.521,2.926,-0.107,0.106,-0.038,TILT_RIGHT
3990,2025,4095,4.439,-8.531,2.964,-0.102,0.128,-0.05,TILT_RIGHT
4095,1915,4095,4.511,-8.523,3.05,-0.104,0.116,-0.05,TILT_RIGHT
3654,2214,4095,4.527,-8.574,3.036,-0.1,0.072,-0.048,TILT_RIGHT
3967,2309,3984,4.549,-8.571,2.94,-0.089,0.039,-0.059,TILT_RIGHT
4095,2179,4095,4.513,-8.552,2.911,-0.08,0.03,-0.054,TILT_RIGHT
4095,2141,2743,4.604,-8.54,2.856,-0.078,0.018,-0.034,TILT_RIGHT
3824,2098,3845,4.673,-8.54,2.83,-0.07,0.009,-0.03,TILT_RIGHT
3807,1863,4095,4.69,-8.468,2.868,-0.056,0.005,-0.033,TILT_RIGHT
3726,2170,4095,4.731,-8.404,2.895,-0.041,-0.014,-0.025,TILT_RIGHT
3541,2164,3614,4.76,-8.349,2.916,-0.029,-0.053,-0.019,TILT_RIGHT
3867,2454,3558,4.786,-8.25,2.916,-0.012,-0.113,-0.029,TILT_RIGHT
4095,2127,4095,4.726,-8.131,2.813,0.007,-0.15,-0.031,TILT_RIGHT
4095,1897,3534,4.729,-8.104,2.782,0.021,-0.155,-0.012,TILT_RIGHT
3693,2245,4071,4.757,-8.135,2.835,0.037,-0.163,-0.008,TILT_RIGHT
3354,2172,3825,4.798,-8.066,3.01,0.066,-0.198,-0.021,TILT_RIGHT
4095,2220,3985,4.733,-8.088,3.057,0.102,-0.248,-0.001,TILT_RIGHT
3637,2320,4095,4.741,-8.246,3.007,0.122,-0.274,0.044,TILT_RIGHT
4061,1998,4026,4.755,-8.43,3.038,0.133,-0.268,0.049,TILT_RIGHT
3843,1469,4063,4.745,-8.538,3.12,0.148,-0.26,0.007,TILT_RIGHT
3842,2258,4095,4.65,-8.528,3.242,0.168,-0.259,-0.029,TILT_RIGHT
3403,2167,3889,4.597,-8.571,3.347,0.193,-0.23,-0.031,TILT_RIGHT
3521,2325,3270,4.606,-8.684,3.457,0.201,-0.219,-0.018,TILT_RIGHT
3902,2146,4095,4.583,-8.679,3.522,0.199,-0.245,-0.02,TILT_RIGHT
4095,2019,4095,4.53,-8.629,3.405,0.196,-0.26,-0.018,TILT_RIGHT
3850,2224,3765,4.456,-8.521,3.23,0.181,-0.244,0.008,TILT_RIGHT
3377,2259,4095,4.46,-8.42,3.12,0.176,-0.193,0.048,TILT_RIGHT
4095,2098,4014,4.532,-8.363,3.045,0.158,-0.156,0.083,TILT_RIGHT
3601,2599,3505,4.7,-8.298,3.065,0.13,-0.143,0.102,TILT_RIGHT
3858,2084,3943,4.81,-8.212,3.141,0.107,-0.145,0.093,TILT_RIGHT
4095,1953,3890,4.913,-8.078,3.251,0.088,-0.16,0.067,TILT_RIGHT
3511,2215,4095,4.985,-7.994,3.328,0.068,-0.185,0.056,TILT_RIGHT
3594,2128,4066,5.006,-7.906,3.428,0.046,-0.215,0.046,TILT_RIGHT
3863,2378,3242,4.975,-7.822,3.558,0.027,-0.258,0.035,TILT_RIGHT
3847,2158,4095,4.99,-7.798,3.606,0.021,-0.312,0.039,TILT_RIGHT
3998,2096,4095,4.532,-7.436,5.057,-0.045,-0.017,0.042,TILT_RIGHT
3725,2023,4095,4.489,-7.472,5.095,-0.053,-0.01,0.022,TILT_RIGHT
3773,2063,4073,4.475,-7.499,5.181,-0.058,-0.003,-0.006,TILT_RIGHT
3844,2045,4095,4.422,-7.499,5.157,-0.071,-0.02,-0.023,TILT_RIGHT
3903,2089,4095,4.405,-7.52,5.006,-0.087,-0.011,-0.017,TILT_RIGHT
3952,2100,4001,4.444,-7.58,4.987,-0.111,0.032,-0.017,TILT_RIGHT
3997,2112,4095,4.506,-7.585,5.021,-0.135,0.053,-0.051,TILT_RIGHT
3933,2107,4045,4.503,-7.46,5.009,-0.145,0.059,-0.087,TILT_RIGHT
4043,2096,4027,4.501,-7.355,5.059,-0.155,0.067,-0.084,TILT_RIGHT
3940,2103,4080,4.559,-7.362,5.107,-0.161,0.049,-0.057,TILT_RIGHT
4017,2161,4095,4.671,-7.384,5.066,-0.157,0.034,-0.062,TILT_RIGHT
4011,2167,4095,4.664,-7.362,5.021,-0.151,0.039,-0.095,TILT_RIGHT
4047,2090,4095,4.59,-7.288,5.037,-0.136,0.058,-0.119,TILT_RIGHT
3991,2093,4095,4.642,-7.276,5.08,-0.124,0.056,-0.118,TILT_RIGHT
3975,2137,4095,4.664,-7.29,5.078,-0.112,0.026,-0.123,TILT_RIGHT
3936,2096,4095,4.604,-7.264,5.057,-0.09,0.044,-0.127,TILT_RIGHT
3870,2105,4095,4.59,-7.326,4.999,-0.081,0.075,-0.112,TILT_RIGHT
3957,2127,4095,4.626,-7.417,5.092,-0.086,0.097,-0.113,TILT_RIGHT
4025,2128,4087,4.633,-7.484,5.176,-0.076,0.099,-0.143,TILT_RIGHT
3839,2095,4095,4.614,-7.518,5.152,-0.078,0.096,-0.159,TILT_RIGHT
3811,2123,4095,4.626,-7.573,5.092,-0.095,0.1,-0.153,TILT_RIGHT
3933,2135,4095,4.638,-7.578,5.028,-0.109,0.116,-0.161,TILT_RIGHT
4055,2119,4095,4.594,-7.58,5.004,-0.111,0.141,-0.182,TILT_RIGHT
3948,2109,4095,4.527,-7.535,4.906,-0.119,0.172,-0.182,TILT_RIGHT
3889,2064,4019,4.583,-7.52,4.882,-0.141,0.196,-0.157,TILT_RIGHT
3917,2141,4095,4.676,-7.523,4.918,-0.157,0.19,-0.13,TILT_RIGHT
4095,2145,4095,4.786,-7.542,4.865,-0.162,0.185,-0.137,TILT_RIGHT
3922,2101,4009,4.863,-7.532,4.764,-0.168,0.186,-0.174,TILT_RIGHT
4095,2116,4095,4.855,-7.453,4.8,-0.174,0.19,-0.192,TILT_RIGHT
3979,2114,4095,4.887,-7.391,4.891,-0.18,0.18,-0.162,TILT_RIGHT
3919,2115,4095,4.98,-7.472,4.887,-0.189,0.134,-0.128,TILT_RIGHT
3899,2143,4095,4.999,-7.489,4.805,-0.196,0.091,-0.115,TILT_RIGHT
4016,2101,4095,5.009,-7.501,4.817,-0.204,0.081,-0.109,TILT_RIGHT
3962,2113,4095,4.992,-7.499,4.891,-0.193,0.07,-0.12,TILT_RIGHT
4016,2108,4095,4.908,-7.484,4.824,-0.188,0.051,-0.112,TILT_RIGHT
3855,2034,4095,4.906,-7.503,4.855,-0.188,0.018,-0.103,TILT_RIGHT
3922,2077,4095,4.855,-7.513,4.76,-0.182,-0.003,-0.1,TILT_RIGHT
3903,2080,4095,4.769,-7.489,4.63,-0.183,0.017,-0.095,TILT_RIGHT
4005,2047,3975,4.752,-7.465,4.633,-0.178,0.055,-0.081,TILT_RIGHT
4014,2155,3885,4.81,-7.436,4.707,-0.165,0.076,-0.069,TILT_RIGHT
3964,2128,4095,4.896,-7.446,4.752,-0.148,0.054,-0.067,TILT_RIGHT
3920,2113,4095,4.93,-7.4,4.81,-0.137,0.024,-0.046,TILT_RIGHT
3822,2095,4039,4.958,-7.412,4.788,-0.126,0.008,-0.018,TILT_RIGHT
3907,2119,4016,4.985,-7.506,4.743,-0.122,0.018,-0.009,TILT_RIGHT
3849,2113,4048,4.994,-7.551,4.803,-0.114,0.027,-0.027,TILT_RIGHT
3951,2128,4053,4.946,-7.506,4.808,-0.102,0.019,-0.042,TILT_RIGHT
3952,2096,4095,4.884,-7.465,4.872,-0.091,0.002,-0.027,TILT_RIGHT
3779,2064,4095,4.934,-7.472,4.846,-0.075,-0.03,-0.005,TILT_RIGHT
3890,2112,4095,4.932,-7.463,4.781,-0.068,-0.048,0.002,TILT_RIGHT
3998,2127,4095,4.855,-7.482,4.738,-0.065,-0.04,0.009,TILT_RIGHT
3952,2064,4095,4.81,-7.472,4.779,-0.059,-0.029,0.023,TILT_RIGHT
3989,2119,4095,4.82,-7.479,4.805,-0.059,-0.051,0.033,TILT_RIGHT
4087,2085,4095,4.808,-7.441,4.743,-0.05,-0.069,0.029,TILT_RIGHT
4041,2109,4095,4.803,-7.384,4.769,-0.032,-0.07,0.022,TILT_RIGHT
4007,2134,4095,4.784,-7.35,4.767,-0.024,-0.07,0.045,TILT_RIGHT
3977,2079,4095,4.791,-7.408,4.741,-0.018,-0.06,0.067,TILT_RIGHT
4079,2127,4080,4.796,-7.458,4.805,-0.015,-0.051,0.068,TILT_RIGHT
3991,2092,4026,4.829,-7.496,4.867,-0.015,-0.063,0.05,TILT_RIGHT
3927,2129,4030,4.808,-7.422,4.815,-0.013,-0.084,0.03,TILT_RIGHT
4092,2106,4095,4.8,-7.384,4.848,-0.023,-0.062,0.042,TILT_RIGHT
3887,2146,4095,4.805,-7.405,4.922,-0.029,-0.043,0.048,TILT_RIGHT
3999,2101,4095,4.853,-7.451,4.975,-0.028,-0.055,0.035,TILT_RIGHT
3955,2160,4071,4.863,-7.403,5.097,-0.025,-0.067,0.025,TILT_RIGHT
3805,2120,4095,4.855,-7.379,5.186,-0.017,-0.091,0.05,TILT_RIGHT
3852,2121,4095,4.879,-7.465,5.121,-0.011,-0.113,0.075,TILT_RIGHT
3863,2113,4095,4.855,-7.518,5.069,-0.014,-0.099,0.068,TILT_RIGHT
3853,2043,4095,4.774,-7.479,5.152,-0.01,-0.069,0.055,TILT_RIGHT
3950,2147,4095,4.693,-7.436,5.21,-0.014,-0.065,0.071,TILT_RIGHT
3967,2032,4095,4.669,-7.472,5.279,-0.018,-0.082,0.083,TILT_RIGHT
3851,2102,4095,4.669,-7.429,5.267,-0.005,-0.111,0.063,TILT_RIGHT
3984,2067,4095,4.547,-7.333,5.092,0.011,-0.104,0.032,TILT_RIGHT
4062,2157,4095,4.487,-7.336,5.028,0.018,-0.063,0.04,TILT_RIGHT
4095,2164,4069,4.494,-7.398,5.08,0.015,-0.031,0.043,TILT_RIGHT
3994,2083,3965,4.492,-7.362,5.167,0.007,-0.017,0.054,TILT_RIGHT
4095,2091,4095,4.638,-7.429,5.222,-0.001,-0.038,0.043,TILT_RIGHT
3833,2017,3901,5.279,-7.468,4.599,0.07,-0.169,0.209,TILT_RIGHT
4095,2043,4095,5.255,-7.523,4.573,0.059,-0.183,0.241,TILT_RIGHT
4095,1906,3111,5.265,-7.578,4.587,0.045,-0.206,0.241,TILT_RIGHT
3718,2288,3856,5.212,-7.523,4.568,0.047,-0.193,0.216,TILT_RIGHT
3792,1643,4095,5.107,-7.412,4.532,0.056,-0.167,0.228,TILT_RIGHT
4095,2077,3223,5.107,-7.448,4.52,0.054,-0.153,0.263,TILT_RIGHT
2865,2087,4095,5.157,-7.42,4.671,0.063,-0.183,0.267,TILT_RIGHT
4095,1979,3627,5.167,-7.381,4.69,0.091,-0.238,0.245,TILT_RIGHT
4038,2117,4095,5.136,-7.343,4.547,0.132,-0.258,0.232,TILT_RIGHT
3838,1861,4095,5.095,-7.314,4.389,0.16,-0.247,0.235,TILT_RIGHT
4027,1999,3559,5.121,-7.377,4.29,0.157,-0.21,0.248,TILT_RIGHT
3274,2384,3205,5.205,-7.475,4.405,0.145,-0.188,0.224,TILT_RIGHT
4033,1971,4095,5.258,-7.427,4.424,0.137,-0.203,0.188,TILT_RIGHT
4095,1738,3271,5.25,-7.276,4.484,0.14,-0.224,0.172,TILT_RIGHT
3486,2231,4000,5.236,-7.259,4.441,0.151,-0.221,0.191,TILT_RIGHT
3312,1969,4095,5.262,-7.393,4.465,0.151,-0.219,0.21,TILT_RIGHT
4095,2118,3291,5.279,-7.52,4.482,0.137,-0.228,0.201,TILT_RIGHT
3563,2614,3887,5.215,-7.479,4.427,0.131,-0.229,0.181,TILT_RIGHT
3920,1787,3223,5.21,-7.475,4.492,0.145,-0.22,0.166,TILT_RIGHT
4095,2167,4095,5.133,-7.477,4.444,0.161,-0.211,0.165,TILT_RIGHT
3540,2093,4095,5.116,-7.439,4.367,0.162,-0.224,0.179,TILT_RIGHT
3898,1971,3827,5.049,-7.46,4.269,0.171,-0.229,0.195,TILT_RIGHT
3344,2411,2595,5.061,-7.456,4.137,0.161,-0.193,0.214,TILT_RIGHT
4095,2101,4095,5.08,-7.453,4.161,0.165,-0.16,0.209,TILT_RIGHT
4095,1806,3235,5.085,-7.36,4.118,0.185,-0.159,0.197,TILT_RIGHT
3555,2256,3754,5.092,-7.3,4.056,0.192,-0.15,0.215,TILT_RIGHT
3262,1911,4095,5.119,-7.24,4.118,0.206,-0.128,0.244,TILT_RIGHT
4095,2037,3312,5.183,-7.408,4.149,0.233,-0.11,0.249,TILT_RIGHT
3271,2631,4007,5.217,-7.494,4.195,0.266,-0.101,0.207,TILT_RIGHT
4095,1895,3531,5.203,-7.427,4.295,0.308,-0.106,0.156,TILT_RIGHT
4095,2066,4095,5.181,-7.408,4.326,0.349,-0.124,0.141,TILT_RIGHT
3665,2147,4095,5.136,-7.458,4.413,0.38,-0.137,0.143,TILT_RIGHT
3981,2023,3696,5.083,-7.489,4.369,0.418,-0.097,0.153,TILT_RIGHT
3583,2371,2862,5.136,-7.621,4.41,0.425,-0.041,0.161,TILT_RIGHT
4061,2015,4095,5.183,-7.669,4.559,0.395,-0.045,0.131,TILT_RIGHT
4095,1589,4064,5.155,-7.527,4.638,0.399,-0.074,0.085,TILT_RIGHT
3728,2309,3538,4.985,-7.329,4.563,0.418,-0.05,0.104,TILT_RIGHT
3232,2140,4095,4.968,-7.331,4.52,0.426,0.017,0.179,TILT_RIGHT
4095,2063,3246,5.052,-7.336,4.707,0.416,0.063,0.228,TILT_RIGHT
3312,2455,4064,5.16,-7.393,4.903,0.416,0.065,0.192,TILT_RIGHT
3922,1827,3822,5.09,-7.228,5.042,0.435,0.021,0.116,TILT_RIGHT
4095,2080,4095,4.843,-6.996,4.97,0.469,0.01,0.099,TILT_RIGHT
3623,2171,4095,4.614,-6.819,4.954,0.513,0.043,0.118,TILT_RIGHT
3922,2137,3997,4.446,-6.711,5.133,0.582,0.116,0.161,TILT_RIGHT
3655,2450,2864,4.477,-6.917,5.234,0.644,0.181,0.229,TILT_RIGHT
3739,2116,4095,4.726,-7.23,5.349,0.682,0.212,0.22,TILT_RIGHT
4095,1520,3809,4.76,-7.29,5.466,0.683,0.223,0.174,TILT_RIGHT
3957,2303,3476,4.848,-7.252,5.528,0.668,0.241,0.165,TILT_RIGHT
3265,2117,4095,4.903,-7.274,5.662,0.637,0.231,0.168,TILT_RIGHT
4095,1962,4095,4.855,-7.228,5.734,0.592,0.192,0.161,TILT_RIGHT
3375,2672,3906,4.855,-7.19,5.787,0.538,0.143,0.187,TILT_RIGHT
3823,1968,4033,4.887,-7.254,5.851,0.474,0.105,0.238,TILT_RIGHT
4095,2115,4095,4.978,-7.348,5.878,0.405,0.074,0.239,TILT_RIGHT
3583,2227,4095,4.925,-7.341,5.942,0.325,0.027,0.175,TILT_RIGHT
4055,2074,3830,4.743,-7.132,5.926,0.239,-0.016,0.12,TILT_RIGHT
4095,2370,2790,4.575,-6.962,6.012,0.151,-0.056,0.121,TILT_RIGHT
3773,2114,4095,4.549,-6.977,6.014,0.026,-0.117,0.184,TILT_RIGHT
4095,1479,4095,4.628,-7.123,5.964,-0.057,-0.131,0.173,TILT_RIGHT
3920,2217,3814,4.599,-7.068,5.997,-0.1,-0.111,0.092,TILT_RIGHT
3232,2271,4095,4.494,-6.962,6.1,-0.174,-0.101,0.075,TILT_RIGHT
4095,1873,3519,4.599,-7.034,6.294,-0.245,-0.122,0.085,TILT_RIGHT
3751,2422,3477,4.647,-7.003,6.297,-0.316,-0.186,0.058,TILT_RIGHT
3686,1803,3951,4.597,-6.895,6.251,-0.366,-0.226,0.024,TILT_RIGHT
4095,1902,4095,4.492,-6.73,6.187,-0.388,-0.209,0.001,TILT_RIGHT
3308,2199,4095,4.396,-6.701,6.27,-0.411,-0.194,0.028,TILT_RIGHT
4086,1953,3847,4.393,-6.905,6.235,-0.471,-0.209,0.102,TILT_RIGHT
3837,2424,2480,4.482,-7.144,6.299,-0.483,-0.209,0.1,TILT_RIGHT
3887,2128,4095,4.362,-7.092,6.22,-0.476,-0.195,0.049,TILT_RIGHT
4095,1510,4095,4.259,-7.022,6.079,-0.467,-0.152,0.035,TILT_RIGHT
3915,2064,3458,4.221,-7.065,5.945,-0.473,-0.107,0.045,TILT_RIGHT
2958,2271,3747,4.223,-7.202,5.93,-0.499,-0.097,0.088,TILT_RIGHT
4095,1929,3875,4.343,-7.374,5.856,-0.544,-0.093,0.145,TILT_RIGHT
3600,2740,3110,4.441,-7.515,5.789,-0.57,-0.083,0.113,TILT_RIGHT
3571,2097,4095,4.389,-7.408,5.595,-0.576,-0.068,0.037,TILT_RIGHT
4095,1910,4095,4.286,-7.178,5.456,-0.586,-0.026,0.006,TILT_RIGHT
3655,1936,3661,5.006,-7.286,4.841,0.196,0.007,0.02,TILT_RIGHT
4095,2493,4095,4.841,-7.286,4.705,0.274,-0.071,0.05,TILT_RIGHT
3453,1820,4095,4.705,-7.333,4.678,0.325,-0.063,0.117,TILT_RIGHT
4095,2469,3932,4.729,-7.523,4.772,0.35,-0.041,0.188,TILT_RIGHT
3397,1975,4076,4.745,-7.671,4.877,0.357,-0.039,0.2,TILT_RIGHT
4095,2397,4095,4.733,-7.669,4.973,0.36,-0.079,0.164,TILT_RIGHT
3986,2181,3346,4.578,-7.544,5.018,0.354,-0.084,0.152,TILT_RIGHT
4095,2410,4095,4.503,-7.465,5.049,0.334,-0.058,0.19,TILT_RIGHT
3583,1893,3446,4.508,-7.549,5.013,0.291,-0.025,0.248,TILT_RIGHT
4095,2471,3853,4.587,-7.673,5.078,0.233,-0.002,0.265,TILT_RIGHT
3482,2151,3995,4.626,-7.714,5.131,0.171,-0.003,0.234,TILT_RIGHT
4095,2371,3725,4.573,-7.678,5.193,0.11,-0.02,0.176,TILT_RIGHT
3871,2171,3879,4.494,-7.578,5.121,0.054,-0.042,0.131,TILT_RIGHT
4095,2306,2845,4.42,-7.503,4.968,-0.003,-0.013,0.104,TILT_RIGHT
3886,2238,4095,4.472,-7.436,4.982,-0.055,0.025,0.088,TILT_RIGHT
3776,2285,3737,4.518,-7.405,5.049,-0.087,-0.003,0.066,TILT_RIGHT
4095,2448,4095,4.539,-7.365,5.095,-0.091,-0.049,0.04,TILT_RIGHT
4095,2352,3902,4.523,-7.3,5.042,-0.081,-0.079,0.037,TILT_RIGHT
3562,2186,4095,4.53,-7.396,5.076,-0.075,-0.087,0.065,TILT_RIGHT
4095,2039,3775,4.594,-7.556,5.035,-0.075,-0.116,0.076,TILT_RIGHT
4095,2392,4095,4.566,-7.652,5.035,-0.076,-0.138,0.049,TILT_RIGHT
3895,2236,3871,4.489,-7.616,5.066,-0.071,-0.136,0.033,TILT_RIGHT
4095,2282,3530,4.48,-7.654,5.018,-0.065,-0.124,0.052,TILT_RIGHT
4027,2480,4095,4.535,-7.781,4.848,-0.084,-0.133,0.07,TILT_RIGHT
3663,1957,3188,4.484,-7.863,4.724,-0.111,-0.128,0.057,TILT_RIGHT
4095,2243,4095,4.439,-7.851,4.575,-0.149,-0.105,0.048,TILT_RIGHT
3088,2253,3680,4.424,-7.872,4.472,-0.197,-0.081,0.053,TILT_RIGHT
4095,2339,4095,4.489,-7.834,4.405,-0.237,-0.084,0.032,TILT_RIGHT
3315,1997,3443,4.429,-7.669,4.254,-0.268,-0.09,0.013,TILT_RIGHT
4095,2374,4095,4.379,-7.587,4.135,-0.294,-0.079,0.048,TILT_RIGHT
3746,1935,2907,4.401,-7.604,4.041,-0.331,-0.052,0.099,TILT_RIGHT
4095,2544,4095,4.477,-7.638,4.142,-0.349,-0.049,0.121,TILT_RIGHT
3565,2138,4095,4.537,-7.661,4.278,-0.33,-0.073,0.096,TILT_RIGHT
4095,2350,3750,4.525,-7.594,4.216,-0.305,-0.087,0.075,TILT_RIGHT
3431,2073,4095,4.432,-7.468,4.221,-0.285,-0.059,0.116,TILT_RIGHT
3922,2134,3376,4.357,-7.372,4.345,-0.249,-0.02,0.204,TILT_RIGHT
4095,2155,4095,4.379,-7.42,4.523,-0.192,-0.032,0.29,TILT_RIGHT
3551,2107,3234,4.243,-7.295,4.597,-0.111,-0.063,0.36,TILT_RIGHT
4095,2399,4095,3.883,-6.926,4.597,-0.023,-0.041,0.535,TILT_RIGHT
4095,2193,3920,3.728,-6.855,4.939,0.067,0.019,0.816,TILT_RIGHT
4095,2157,4095,3.972,-7.393,5.569,0.224,-0.012,0.868,TILT_RIGHT
4095,2099,3454,3.867,-7.939,5.681,0.422,-0.137,0.645,TILT_RIGHT
3984,2383,4095,3.431,-8.119,5.152,0.547,-0.208,0.41,TILT_RIGHT
3646,1968,3616,3.144,-8.203,4.853,0.593,-0.13,0.3,TILT_RIGHT
4095,2480,3891,3.232,-8.356,4.961,0.606,0.015,0.248,TILT_RIGHT
3534,2223,4095,3.388,-8.574,5.464,0.598,0.102,0.157,TILT_RIGHT
4095,2096,3261,3.445,-8.696,5.765,0.562,0.08,0.077,TILT_RIGHT
4095,2627,4095,3.455,-8.696,5.794,0.464,-0.003,0.066,TILT_RIGHT
3918,2218,3671,3.531,-8.674,5.859,0.36,-0.076,0.068,TILT_RIGHT
4063,2099,4095,3.519,-8.523,5.796,0.275,-0.132,0.05,TILT_RIGHT
3807,1911,3781,3.481,-8.289,5.715,0.188,-0.157,0.042,TILT_RIGHT
4095,2167,4095,3.383,-7.93,5.689,0.104,-0.176,0.062,TILT_RIGHT
3569,2081,3441,3.347,-7.575,5.674,0.042,-0.181,0.111,TILT_RIGHT
4095,2358,4095,3.45,-7.42,6.024,0.034,-0.191,0.165,TILT_RIGHT
3774,1978,3837,3.591,-7.458,6.27,0.048,-0.244,0.204,TILT_RIGHT
4095,2363,3474,3.704,-7.561,6.333,0.024,-0.317,0.206,TILT_RIGHT
3679,2100,4095,3.651,-7.515,6.352,-0.012,-0.371,0.163,TILT_RIGHT
4095,2123,3235,3.443,-7.257,6.409,-0.054,-0.377,0.152,TILT_RIGHT
3723,2320,4095,3.376,-7.226,6.685,-0.09,-0.345,0.208,TILT_RIGHT
3287,1695,3263,3.421,-7.336,6.78,-0.129,-0.308,0.221,TILT_RIGHT
4095,2258,4095,3.385,-7.293,6.95,-0.164,-0.283,0.168,TILT_RIGHT
3568,2144,4095,3.294,-7.106,7.111,-0.165,-0.277,0.098,TILT_RIGHT
4095,2098,4095,3.172,-6.996,7.025,-0.146,-0.254,0.05,TILT_RIGHT
4095,2198,3625,3.012,-6.984,6.792,-0.144,-0.207,0.031,TILT_RIGHT
4032,2271,4095,2.863,-6.974,6.534,-0.177,-0.128,0.038,TILT_RIGHT
3763,2041,3451,2.856,-7.013,6.469,-0.204,-0.037,0.029,TILT_RIGHT
4095,2485,3933,2.914,-7.13,6.381,-0.208,0.018,-0.039,TILT_RIGHT
3285,2037,4095,2.933,-7.154,6.146,-0.215,0.049,-0.117,TILT_RIGHT
3974,2256,3478,2.902,-7.108,6.067,-0.233,0.065,-0.134,TILT_RIGHT
3659,2160,4095,2.976,-7.214,5.861,-0.267,0.114,-0.1,TILT_RIGHT
3897,2096,3179,3.249,-7.456,5.775,-0.304,0.156,-0.119,TILT_RIGHT
4095,2528,4095,3.436,-7.537,5.763,-0.336,0.159,-0.216,TILT_RIGHT
2822,2260,4095,3.479,-7.412,5.72,-0.34,0.127,-0.306,TILT_RIGHT
4095,2062,4077,3.484,-7.295,5.574,-0.327,0.1,-0.32,TILT_RIGHT
3250,2075,3408,3.531,-7.252,5.437,-0.32,0.099,-0.282,TILT_RIGHT
3984,2133,4095,4.207,-6.589,5.229,0.029,-0.224,0.14,TILT_RIGHT
4095,2171,4095,4.178,-6.725,5.188,0.111,-0.187,0.132,TILT_RIGHT
4051,2195,4095,4.13,-6.938,5.052,0.157,-0.146,0.147,TILT_RIGHT
3984,2165,4095,4.209,-7.204,5.138,0.133,-0.145,0.183,TILT_RIGHT
3969,2199,4095,4.365,-7.333,5.301,0.109,-0.219,0.234,TILT_RIGHT
4053,2173,4095,4.422,-7.573,5.308,0.098,-0.291,0.285,TILT_RIGHT
3949,2191,4095,4.446,-7.81,5.138,0.135,-0.251,0.32,TILT_RIGHT
3914,2191,4095,4.432,-8.028,4.896,0.079,-0.15,0.399,TILT_RIGHT
3887,2216,4095,4.496,-8.411,5.155,-0.059,-0.103,0.468,TILT_RIGHT
3993,2171,4095,4.599,-8.861,5.456,-0.181,-0.169,0.486,TILT_RIGHT
4053,2167,4095,4.518,-9.117,5.373,-0.304,-0.256,0.488,TILT_RIGHT
4066,2128,4095,4.47,-9.256,5.1,-0.399,-0.274,0.456,TILT_RIGHT
4061,2142,4095,4.432,-9.239,4.841,-0.499,-0.206,0.388,TILT_RIGHT
3920,2139,4095,4.36,-9.16,4.743,-0.598,-0.12,0.315,TILT_RIGHT
4095,2183,4095,4.243,-8.95,4.748,-0.725,-0.082,0.295,TILT_RIGHT
4038,2192,4095,4.199,-8.736,4.793,-0.864,-0.112,0.372,TILT_RIGHT
4095,2192,4095,4.209,-8.578,4.757,-0.903,-0.169,0.41,TILT_RIGHT
4095,2179,4095,4.197,-8.358,4.396,-0.888,-0.203,0.387,TILT_RIGHT
3978,2186,4095,4.128,-8.1,4.015,-0.865,-0.187,0.33,TILT_RIGHT
4054,2174,4095,4.058,-7.81,3.706,-0.85,-0.17,0.275,TILT_RIGHT
4095,2203,4095,3.986,-7.537,3.546,-0.805,-0.154,0.237,TILT_RIGHT
4016,2203,4095,3.967,-7.329,3.405,-0.698,-0.133,0.197,TILT_RIGHT
3863,2176,4049,3.986,-7.077,3.299,-0.537,-0.135,0.163,TILT_RIGHT
4043,2138,4095,4.013,-6.96,3.302,-0.35,-0.151,0.128,TILT_RIGHT
3760,2111,4095,3.965,-6.991,3.053,-0.178,-0.165,0.097,TILT_RIGHT
3957,2133,4095,3.929,-7.128,2.854,-0.063,-0.161,0.071,TILT_RIGHT
3939,2125,4049,3.893,-7.247,2.873,0.062,-0.155,0.012,TILT_RIGHT
3967,2159,4095,3.826,-7.377,2.722,0.214,-0.144,-0.055,TILT_RIGHT
4054,2182,4095,3.879,-7.633,2.646,0.312,-0.103,-0.091,TILT_RIGHT
4023,2109,4095,3.991,-7.927,2.698,0.39,-0.088,-0.142,TILT_RIGHT
4071,2169,4095,4.027,-8.08,2.691,0.447,-0.069,-0.191,TILT_RIGHT
4051,2160,4095,4.058,-8.274,2.818,0.441,-0.035,-0.179,TILT_RIGHT
4095,2215,4095,4.286,-8.655,2.981,0.402,-0.024,-0.162,TILT_RIGHT
4095,2181,4095,4.446,-8.88,3.17,0.371,-0.033,-0.188,TILT_RIGHT
4095,2150,4095,4.63,-9.21,3.285,0.377,-0.045,-0.311,TILT_RIGHT
4083,2192,4095,4.338,-8.806,3.122,0.252,-0.054,-0.236,TILT_RIGHT
4095,2181,4095,4.341,-8.909,3.29,0.144,-0.023,-0.059,TILT_RIGHT
4095,2193,4095,4.7,-9.404,3.472,0.104,-0.012,-0.053,TILT_RIGHT
4018,2166,4095,4.743,-9.325,3.555,0.09,-0.045,-0.212,TILT_RIGHT
3983,2126,4095,4.415,-8.71,3.438,0.023,-0.087,-0.208,TILT_RIGHT
4016,2128,4095,4.391,-8.554,3.436,-0.031,-0.074,-0.067,TILT_RIGHT
4033,2179,4095,4.597,-8.801,3.508,-0.052,-0.068,-0.024,TILT_RIGHT
4015,2196,4095,4.515,-8.624,3.431,-0.087,-0.062,-0.056,TILT_RIGHT
4054,2123,4095,4.403,-8.361,3.419,-0.111,-0.039,-0.016,TILT_RIGHT
4067,2148,4095,4.52,-8.337,3.498,-0.123,-0.026,0.048,TILT_RIGHT
4067,2103,4095,4.685,-8.483,3.51,-0.134,-0.044,0.044,TILT_RIGHT
3933,2156,4095,4.645,-8.461,3.553,-0.174,-0.075,0.008,TILT_RIGHT
3968,2157,4095,4.511,-8.215,3.51,-0.187,-0.075,0.006,TILT_RIGHT
4009,2160,4095,4.482,-8.171,3.486,-0.195,-0.062,0.047,TILT_RIGHT
4095,2135,4095,4.583,-8.274,3.5,-0.193,-0.061,0.048,TILT_RIGHT
4095,2146,4095,4.566,-8.303,3.575,-0.207,-0.086,-0.002,TILT_RIGHT
4026,2161,4095,4.451,-8.167,3.625,-0.219,-0.128,-0.007,TILT_RIGHT
4095,2160,4095,4.415,-8.164,3.622,-0.222,-0.161,0.032,TILT_RIGHT
3962,2160,4095,4.465,-8.279,3.694,-0.235,-0.201,0.075,TILT_RIGHT
4095,2127,4095,4.59,-8.483,3.737,-0.257,-0.289,0.105,TILT_RIGHT
4067,2102,4095,4.654,-8.677,3.603,-0.327,-0.378,0.123,TILT_RIGHT
4032,2145,4095,4.659,-8.796,3.476,-0.449,-0.441,0.111,TILT_RIGHT
4074,2175,4095,4.489,-8.815,3.464,-0.535,-0.458,0.115,TILT_RIGHT
4093,2173,4095,4.386,-8.669,3.352,-0.564,-0.433,0.129,TILT_RIGHT
4051,2149,4095,4.326,-8.636,3.373,-0.59,-0.408,0.16,TILT_RIGHT
3925,2176,4095,4.175,-8.487,3.321,-0.625,-0.408,0.182,TILT_RIGHT
4026,2094,4095,4.14,-8.444,3.187,-0.581,-0.391,0.217,TILT_RIGHT
3917,2160,4095,4.096,-8.475,3.072,-0.508,-0.346,0.223,TILT_RIGHT
4066,2139,4095,4.106,-8.516,3.077,-0.449,-0.295,0.237,TILT_RIGHT
4077,2139,4095,4.061,-8.456,3,-0.414,-0.261,0.235,TILT_RIGHT
4002,2135,4095,4.029,-8.406,2.952,-0.372,-0.206,0.21,TILT_RIGHT
4067,2181,4001,3.905,-8.308,2.976,-0.333,-0.141,0.208,TILT_RIGHT
4009,2180,4095,3.924,-8.274,3.117,-0.297,-0.122,0.225,TILT_RIGHT
4079,2153,4095,3.855,-8.215,3.127,-0.246,-0.129,0.236,TILT_RIGHT
4095,2209,4095,3.847,-8.181,3.112,-0.192,-0.138,0.221,TILT_RIGHT
4095,2192,4095,3.833,-8.226,3.019,-0.153,-0.153,0.176,TILT_RIGHT
4095,2235,4095,3.663,-8.294,3.179,-0.086,-0.129,0.167,TILT_RIGHT
4042,2208,4095,3.577,-8.301,3.117,0.001,-0.064,0.143,TILT_RIGHT
4095,2205,4095,3.639,-8.298,3.275,0.079,0.003,0.137,TILT_RIGHT
4043,2181,4095,3.749,-8.425,3.519,0.162,0.035,0.132,TILT_RIGHT
3966,2129,4095,3.922,-8.035,4.355,-0.274,-0.129,0.121,TILT_RIGHT
4007,2117,4095,3.998,-8.186,4.281,-0.319,-0.121,0.072,TILT_RIGHT
4054,2140,4095,4.061,-8.143,4.271,-0.381,-0.131,0.016,TILT_RIGHT
3961,2140,4095,4.077,-7.975,4.343,-0.386,-0.142,0.001,TILT_RIGHT
4059,2160,4095,4.161,-7.922,4.429,-0.37,-0.173,0.049,TILT_RIGHT
4011,2174,4095,4.235,-8.035,4.468,-0.341,-0.185,0.094,TILT_RIGHT
4095,2195,4095,4.293,-8.131,4.511,-0.309,-0.182,0.076,TILT_RIGHT
4095,2224,4095,4.197,-8.068,4.527,-0.304,-0.179,0.043,TILT_RIGHT
4095,2129,4095,4.219,-7.992,4.611,-0.337,-0.209,0.067,TILT_RIGHT
4095,2178,4095,4.324,-8.025,4.724,-0.345,-0.261,0.095,TILT_RIGHT
4095,2223,4095,4.329,-8.088,4.628,-0.309,-0.29,0.063,TILT_RIGHT
4095,2179,4095,4.152,-7.987,4.618,-0.284,-0.284,0.024,TILT_RIGHT
4095,2201,4095,3.97,-7.894,4.609,-0.253,-0.265,0.022,TILT_RIGHT
4095,2160,4095,3.864,-7.922,4.511,-0.246,-0.266,0.037,TILT_RIGHT
4054,2183,4095,3.778,-7.973,4.484,-0.234,-0.257,0.013,TILT_RIGHT
4094,2181,4095,3.718,-7.915,4.448,-0.218,-0.214,-0.011,TILT_RIGHT
3969,2192,4095,3.733,-7.896,4.465,-0.209,-0.173,-0.018,TILT_RIGHT
3986,2146,4095,3.759,-7.891,4.444,-0.205,-0.157,-0.028,TILT_RIGHT
4048,2130,4095,3.709,-7.872,4.434,-0.2,-0.127,-0.044,TILT_RIGHT
3932,2159,4095,3.785,-7.925,4.444,-0.193,-0.09,-0.05,TILT_RIGHT
4001,2135,4095,3.852,-7.999,4.47,-0.184,-0.066,-0.068,TILT_RIGHT
3947,2129,4095,3.874,-8.04,4.456,-0.183,-0.061,-0.098,TILT_RIGHT
4043,2112,4095,3.857,-7.999,4.451,-0.182,-0.042,-0.131,TILT_RIGHT
4095,2208,4095,3.833,-7.977,4.453,-0.18,-0.011,-0.128,TILT_RIGHT
4095,2191,4095,3.836,-8.018,4.537,-0.191,0.018,-0.122,TILT_RIGHT
4016,2164,4030,3.895,-8.064,4.587,-0.196,0.013,-0.145,TILT_RIGHT
4095,2165,4095,3.871,-8.001,4.616,-0.193,0.011,-0.167,TILT_RIGHT
4055,2182,4095,3.938,-7.958,4.642,-0.191,0.01,-0.157,TILT_RIGHT
3995,2195,4095,4.003,-7.944,4.609,-0.182,0.016,-0.172,TILT_RIGHT
4095,2175,4095,4.003,-7.877,4.671,-0.164,0.037,-0.19,TILT_RIGHT
4075,2192,4095,4.039,-7.891,4.779,-0.139,0.06,-0.185,TILT_RIGHT
4095,2179,4095,4.053,-7.915,4.86,-0.118,0.062,-0.195,TILT_RIGHT
4057,2160,4095,4.02,-7.865,4.949,-0.111,0.017,-0.181,TILT_RIGHT
3979,2160,4095,4.015,-7.822,4.884,-0.087,-0.035,-0.153,TILT_RIGHT
3920,2187,4095,4.022,-7.86,4.817,-0.056,-0.027,-0.133,TILT_RIGHT
4019,2160,4095,4.01,-7.875,4.812,-0.028,0.01,-0.128,TILT_RIGHT
4095,2160,4095,3.996,-7.894,4.865,-0.007,0.027,-0.119,TILT_RIGHT
4031,2153,4095,3.984,-7.925,4.932,-0.002,0.011,-0.084,TILT_RIGHT
4048,2160,4095,4.073,-8.025,4.968,0.006,-0.021,-0.056,TILT_RIGHT
3952,2142,4095,4.108,-8.097,4.913,0.014,-0.044,-0.05,TILT_RIGHT
4095,2188,4095,4.092,-8.092,4.846,0.019,-0.035,-0.061,TILT_RIGHT
4027,2164,4095,4.08,-8.073,4.824,0.026,-0.02,-0.056,TILT_RIGHT
4095,2166,4095,4.137,-8.061,4.87,0.019,-0.017,-0.023,TILT_RIGHT
4095,2218,4095,4.286,-8.104,5.004,0.015,-0.043,0.005,TILT_RIGHT
4054,2191,4095,4.35,-8.128,4.966,0.004,-0.094,0.009,TILT_RIGHT
4093,2234,4095,4.377,-8.078,4.903,-0.006,-0.127,-0.008,TILT_RIGHT
4095,2204,4095,4.283,-7.999,4.87,-0.015,-0.133,-0.015,TILT_RIGHT
4095,2224,4095,4.226,-7.958,4.879,-0.043,-0.141,0.009,TILT_RIGHT
4017,2176,4095,4.209,-7.925,4.908,-0.069,-0.163,0.044,TILT_RIGHT
4087,2209,4095,4.231,-7.903,4.843,-0.082,-0.197,0.064,TILT_RIGHT
4095,2206,4095,4.197,-7.901,4.808,-0.095,-0.21,0.064,TILT_RIGHT
4095,2160,4095,4.149,-7.822,4.729,-0.101,-0.195,0.045,TILT_RIGHT
4095,2173,4095,4.087,-7.733,4.676,-0.106,-0.177,0.029,TILT_RIGHT
3995,2154,4095,4.125,-7.676,4.652,-0.111,-0.181,0.022,TILT_RIGHT
4095,2182,4095,4.197,-7.628,4.549,-0.111,-0.193,0.026,TILT_RIGHT
4093,2110,3619,4.336,-7.702,4.441,-0.114,-0.169,0.02,TILT_RIGHT
3093,2467,3002,4.47,-7.76,4.568,-0.119,-0.102,-0.034,TILT_RIGHT
4095,2093,4095,4.547,-7.709,4.738,-0.104,-0.073,-0.094,TILT_RIGHT
4095,1821,3051,4.477,-7.611,4.69,-0.086,-0.088,-0.122,TILT_RIGHT
3373,2355,4018,4.415,-7.604,4.549,-0.055,-0.114,-0.103,TILT_RIGHT
3565,1827,4095,4.408,-7.669,4.283,-0.036,-0.112,-0.06,TILT_RIGHT
4095,2320,3159,4.484,-7.848,4.142,-0.028,-0.086,-0.049,TILT_RIGHT
3163,2447,3961,4.489,-7.97,4.003,-0.018,-0.05,-0.096,TILT_RIGHT
3702,1918,3039,4.441,-7.93,3.802,-0.009,-0.008,-0.138,TILT_RIGHT
4095,2256,4095,4.463,-7.851,3.675,0.003,0.027,-0.121,TILT_RIGHT
3562,2119,4095,4.532,-7.956,3.658,0.012,0.04,-0.059,TILT_RIGHT
3766,2118,3763,4.705,-8.145,3.68,0.03,0.037,-0.035,TILT_RIGHT
3171,2559,3013,4.853,-8.32,3.579,0.038,0.033,-0.094,TILT_RIGHT
4095,2195,4095,4.899,-8.294,3.575,0.035,-0.007,-0.159,TILT_RIGHT
4095,1895,3142,4.93,-8.145,3.543,0.05,-0.075,-0.163,TILT_RIGHT
3632,2436,3633,4.963,-8.054,3.361,0.067,-0.128,-0.108,TILT_RIGHT
3553,1627,4095,5.016,-8.08,3.213,0.092,-0.128,-0.048,TILT_RIGHT
4095,2121,3281,5.116,-8.088,3.223,0.122,-0.118,-0.009,TILT_RIGHT
3720,2251,4019,5.239,-8.059,3.345,0.162,-0.131,0.035,TILT_RIGHT
4095,1999,2987,5.296,-8.071,3.419,0.196,-0.171,0.121,TILT_RIGHT
4095,2378,4095,4.204,-6.026,7.003,0.131,-0.075,0.241,TILT_RIGHT
4095,2089,3888,3.977,-5.875,6.881,0.127,-0.087,0.158,TILT_RIGHT
4095,2397,4095,3.639,-5.511,6.826,0.122,-0.072,0.128,TILT_RIGHT
3908,2067,3515,3.512,-5.514,6.95,0.139,-0.03,0.17,TILT_RIGHT
4095,2665,4095,3.594,-5.748,6.74,0.139,-0.021,0.217,TILT_RIGHT
3435,1968,3443,3.778,-5.997,6.601,0.097,-0.008,0.206,TILT_RIGHT
4095,2247,4095,3.816,-6.012,6.938,0.086,0.047,0.124,TILT_RIGHT
3275,2175,3771,3.79,-5.918,7.247,0.086,0.102,0.113,TILT_RIGHT
4020,2292,4095,4.017,-6.002,7.398,0.071,0.105,0.137,TILT_RIGHT
3847,1968,4095,4.298,-6.067,7.659,0.054,0.007,0.081,TILT_RIGHT
4095,2400,3920,4.18,-5.849,7.889,0.058,-0.143,-0.008,TILT_RIGHT
3614,2030,3978,3.9,-5.765,7.702,0.087,-0.203,-0.005,TILT_RIGHT
4055,2126,3946,3.627,-5.787,7.628,0.086,-0.158,0.091,TILT_RIGHT
3999,2499,4091,3.661,-6.069,7.582,0.076,-0.12,0.161,TILT_RIGHT
3303,1819,4095,3.694,-6.268,7.537,0.053,-0.109,0.118,TILT_RIGHT
3947,2175,3619,3.553,-6.191,7.525,-0.003,-0.103,0.045,TILT_RIGHT
4068,2189,4064,3.424,-6.172,7.427,-0.055,-0.091,0.039,TILT_RIGHT
4095,2137,4095,3.524,-6.369,7.403,-0.134,-0.076,0.067,TILT_RIGHT
3438,2114,3605,3.661,-6.5,7.427,-0.198,-0.029,0.023,TILT_RIGHT
4095,2389,4095,3.733,-6.476,7.439,-0.268,-0.002,-0.056,TILT_RIGHT
3361,1860,3450,3.668,-6.249,7.448,-0.338,-0.005,-0.149,TILT_RIGHT
4095,2403,3825,3.498,-5.959,7.453,-0.37,-0.008,-0.17,TILT_RIGHT
3648,2157,4095,3.412,-5.883,7.389,-0.381,0.01,-0.099,TILT_RIGHT
3871,2029,3493,3.656,-6.165,7.453,-0.404,-0.011,-0.048,TILT_RIGHT
3730,2107,4095,3.754,-6.182,7.436,-0.415,-0.027,-0.107,TILT_RIGHT
3901,2118,3137,3.651,-5.995,7.271,-0.419,0.003,-0.148,TILT_RIGHT
3792,2257,4095,3.646,-5.974,7.319,-0.43,0.064,-0.118,TILT_RIGHT
3235,2199,3697,3.716,-6.041,7.544,-0.433,0.106,-0.106,TILT_RIGHT
4031,2453,4095,3.78,-6.053,7.776,-0.404,0.067,-0.116,TILT_RIGHT
3665,2141,3799,3.776,-6.055,7.63,-0.365,0.007,-0.114,TILT_RIGHT
3778,2156,4095,3.694,-6.014,7.544,-0.338,-0.002,-0.094,TILT_RIGHT
4095,2069,3406,3.62,-6.244,7.434,-0.333,0.033,-0.071,TILT_RIGHT
4095,2335,3874,3.642,-6.414,7.374,-0.38,0.061,-0.067,TILT_RIGHT
3902,2145,4095,3.654,-6.337,7.482,-0.402,0.04,-0.111,TILT_RIGHT
4047,2041,3175,3.508,-6.175,7.283,-0.382,0.017,-0.147,TILT_RIGHT
3700,2302,4095,3.323,-6.036,7.14,-0.367,0.035,-0.139,TILT_RIGHT
3462,1617,4095,3.206,-5.921,7.082,-0.367,0.088,-0.084,TILT_RIGHT
4095,2311,3499,3.294,-6.021,6.974,-0.354,0.148,-0.079,TILT_RIGHT
3715,1953,3969,3.385,-6.057,7.101,-0.331,0.177,-0.15,TILT_RIGHT
3779,2167,4095,3.371,-5.997,7.123,-0.286,0.165,-0.185,TILT_RIGHT
3614,2100,3511,3.431,-6.11,6.926,-0.268,0.169,-0.163,TILT_RIGHT
4007,2324,4095,3.524,-6.237,6.926,-0.277,0.193,-0.172,TILT_RIGHT
3689,1941,3472,3.531,-6.254,7.017,-0.281,0.201,-0.213,TILT_RIGHT
4095,2384,4095,3.484,-6.187,7.02,-0.284,0.199,-0.23,TILT_RIGHT
3844,2125,4095,3.491,-6.153,7.051,-0.3,0.164,-0.207,TILT_RIGHT
4095,2239,3773,3.498,-6.22,7.068,-0.315,0.096,-0.183,TILT_RIGHT
3872,2127,4095,3.519,-6.39,6.955,-0.286,0.07,-0.171,TILT_RIGHT
4029,2147,4095,3.553,-6.642,6.721,-0.274,0.099,-0.178,TILT_RIGHT
4095,2488,4095,3.661,-6.73,6.685,-0.312,0.141,-0.183,TILT_RIGHT
3601,2149,3215,3.778,-6.713,6.931,-0.342,0.163,-0.211,TILT_RIGHT
4095,2286,4095,3.886,-6.486,7.235,-0.331,0.14,-0.229,TILT_RIGHT
3934,2270,3911,3.97,-6.33,7.389,-0.302,0.073,-0.201,TILT_RIGHT
3825,2152,4095,3.974,-6.304,7.472,-0.28,0.002,-0.161,TILT_RIGHT
4095,2055,3606,3.96,-6.29,7.618,-0.25,-0.048,-0.153,TILT_RIGHT
4095,2310,4095,3.843,-6.227,7.685,-0.192,-0.098,-0.175,TILT_RIGHT
3783,1939,4095,3.666,-6.1,7.63,-0.144,-0.151,-0.179,TILT_RIGHT
4095,2192,3673,3.45,-6.065,7.604,-0.094,-0.156,-0.158,TILT_RIGHT
4071,2228,4095,3.275,-6.055,7.489,-0.051,-0.103,-0.097,TILT_RIGHT
3713,1845,3641,3.273,-6.191,7.494,-0.06,-0.037,0.002,TILT_RIGHT
4095,2357,4095,3.452,-6.361,7.664,-0.071,-0.032,0.015,TILT_RIGHT
3474,2158,3703,3.448,-6.297,7.621,-0.044,-0.057,-0.059,TILT_RIGHT
4095,2063,4095,3.309,-6.026,7.468,-0.016,-0.023,-0.103,TILT_RIGHT
3945,2154,3795,3.213,-5.859,7.379,-0.011,0.05,-0.042,TILT_RIGHT
4095,2162,4095,3.333,-5.88,7.384,-0.022,0.106,0.034,TILT_RIGHT
3787,1979,3726,3.541,-5.957,7.47,-0.024,0.114,0.031,TILT_RIGHT
4095,2339,4095,3.661,-5.866,7.573,-0.011,0.077,-0.03,TILT_RIGHT
3826,2009,3655,3.682,-5.772,7.544,0.015,0.037,-0.09,TILT_RIGHT
4095,2224,3959,3.651,-5.756,7.535,0.038,0.017,-0.134,TILT_RIGHT
3568,2113,4095,3.575,-5.739,7.503,0.05,0.017,-0.135,TILT_RIGHT
4095,2171,3059,3.613,-5.897,7.544,0.035,0.003,-0.106,TILT_RIGHT
4095,2624,4095,3.651,-5.997,7.582,0.011,-0.036,-0.127,TILT_RIGHT
3327,1835,3887,3.603,-6.036,7.566,-0.005,-0.073,-0.161,TILT_RIGHT
4061,2161,4004,3.512,-6.021,7.42,-0.023,-0.084,-0.182,TILT_RIGHT
3407,2352,3617,3.419,-5.897,7.338,-0.046,-0.068,-0.172,TILT_RIGHT
4095,2300,4095,3.472,-5.856,7.398,-0.053,-0.054,-0.127,TILT_RIGHT
4035,2094,4095,3.024,-5.612,8.001,-0.272,-0.176,-0.119,TILT_RIGHT
4095,2113,4095,2.849,-5.569,7.968,-0.245,-0.174,-0.137,TILT_RIGHT
4090,2071,4095,2.753,-5.715,7.865,-0.246,-0.173,-0.101,TILT_RIGHT
4095,2032,4095,2.799,-5.933,7.76,-0.24,-0.167,-0.092,TILT_RIGHT
4095,2062,4095,2.737,-6.12,7.436,-0.207,-0.127,-0.151,TILT_RIGHT
4074,2074,4095,2.667,-6.242,7.101,-0.191,-0.064,-0.196,TILT_RIGHT
4031,2096,4095,2.722,-6.438,6.97,-0.19,-0.006,-0.228,TILT_RIGHT
4095,2047,4095,2.77,-6.56,6.833,-0.19,0.032,-0.244,TILT_RIGHT
4095,2068,4064,2.854,-6.661,6.653,-0.202,0.048,-0.224,TILT_RIGHT
4095,2025,4095,2.95,-6.732,6.697,-0.22,0.034,-0.188,TILT_RIGHT
4095,2103,4095,3.074,-6.895,6.704,-0.207,0.017,-0.153,TILT_RIGHT
4095,2039,4095,3.239,-7.132,6.57,-0.182,0.02,-0.161,TILT_RIGHT
4095,2074,4095,3.302,-7.276,6.45,-0.176,0.03,-0.205,TILT_RIGHT
4095,2046,4095,3.309,-7.197,6.515,-0.168,0.032,-0.24,TILT_RIGHT
4095,2071,4095,3.314,-7.12,6.529,-0.132,0.024,-0.209,TILT_RIGHT
4089,2055,4095,3.397,-7.125,6.467,-0.112,-0.011,-0.126,TILT_RIGHT
4074,2025,4095,3.474,-7.183,6.491,-0.1,-0.042,-0.05,TILT_RIGHT
3960,2070,4095,3.531,-7.209,6.445,-0.066,-0.05,-0.016,TILT_RIGHT
4095,2039,4095,3.553,-7.252,6.445,-0.028,-0.052,-0.021,TILT_RIGHT
4065,2065,4095,3.62,-7.221,6.507,0,-0.061,-0.038,TILT_RIGHT
4080,2085,4095,3.539,-7.125,6.472,0.018,-0.081,-0.043,TILT_RIGHT
4095,2054,4095,3.462,-7.087,6.455,0.036,-0.108,-0.031,TILT_RIGHT
4095,2039,4095,3.488,-7.08,6.395,0.043,-0.13,-0.011,TILT_RIGHT
3898,2047,4095,3.491,-7.077,6.364,0.032,-0.126,-0.01,TILT_RIGHT
4094,2044,4095,3.479,-6.919,6.416,0.016,-0.112,-0.003,TILT_RIGHT
4095,2086,4095,3.493,-6.845,6.527,0.006,-0.078,0.035,TILT_RIGHT
4095,2023,4095,3.613,-6.919,6.656,-0.007,-0.06,0.069,TILT_RIGHT
4095,2071,4095,3.675,-6.965,6.838,-0.024,-0.099,0.081,TILT_RIGHT
4080,2047,4095,3.67,-6.991,6.883,-0.026,-0.156,0.068,TILT_RIGHT
4037,2066,4095,3.615,-7.037,6.84,-0.028,-0.179,0.054,TILT_RIGHT
4095,2096,4095,3.587,-7.104,6.737,-0.049,-0.167,0.029,TILT_RIGHT
4093,2055,4095,3.565,-7.101,6.835,-0.072,-0.154,-0.007,TILT_RIGHT
3984,2107,4095,3.464,-7.044,6.78,-0.086,-0.163,-0.036,TILT_RIGHT
4043,2046,4095,3.397,-6.962,6.618,-0.116,-0.134,-0.023,TILT_RIGHT
4074,2085,4095,3.311,-6.931,6.63,-0.155,-0.079,0.024,TILT_RIGHT
4032,2029,4095,3.349,-6.943,6.673,-0.177,-0.048,0.062,TILT_RIGHT
4095,2054,4095,3.421,-7.017,6.783,-0.184,-0.054,0.065,TILT_RIGHT
4095,2047,4095,3.467,-7.046,6.835,-0.165,-0.09,0.031,TILT_RIGHT
4084,2064,4095,3.414,-7.065,6.737,-0.141,-0.097,-0.001,TILT_RIGHT
4095,2060,4095,3.352,-6.998,6.579,-0.143,-0.076,0.005,TILT_RIGHT
4095,2046,4095,3.381,-7.008,6.531,-0.149,-0.05,0.035,TILT_RIGHT
4095,2070,4095,3.445,-7.044,6.503,-0.144,-0.034,0.046,TILT_RIGHT
4095,2058,4095,3.472,-7.108,6.483,-0.145,-0.035,0.037,TILT_RIGHT
3970,2018,4095,3.498,-7.068,6.452,-0.159,-0.052,0.051,TILT_RIGHT
4095,2081,4095,3.567,-7.087,6.474,-0.179,-0.07,0.104,TILT_RIGHT
4095,2096,4095,3.658,-7.168,6.534,-0.193,-0.095,0.141,TILT_RIGHT
4085,2064,4095,3.699,-7.175,6.56,-0.21,-0.115,0.164,TILT_RIGHT
4095,2119,4039,3.651,-7.118,6.62,-0.227,-0.118,0.209,TILT_RIGHT
4073,2112,4095,3.632,-7.147,6.732,-0.243,-0.123,0.251,TILT_RIGHT
4027,2039,4095,3.577,-7.118,6.797,-0.251,-0.16,0.286,TILT_RIGHT
3959,2068,4095,3.409,-6.941,6.692,-0.259,-0.199,0.343,TILT_RIGHT
3982,2090,4095,3.146,-6.682,6.519,-0.291,-0.206,0.49,TILT_RIGHT
3933,2093,4095,2.976,-6.445,6.115,-0.307,-0.176,0.73,TILT_RIGHT
4050,2047,4095,2.875,-6.218,5.619,-0.272,-0.078,0.995,TILT_RIGHT
3920,2027,4095,2.887,-6.009,5.318,-0.203,0.078,1.366,TILT_RIGHT
4095,2061,4095,3.254,-6.182,5.315,-0.101,0.216,1.594,TILT_RIGHT
4095,2081,4095,3.476,-6.16,5.839,0.058,0.188,1.439,TILT_RIGHT
4095,2085,4095,3.215,-5.669,6.402,0.38,-0.039,1.003,TILT_RIGHT
4095,2081,4095,2.272,-4.633,6.804,0.767,-0.311,0.615,TILT_RIGHT
4095,2096,4095,1.302,-4.001,7.24,1.148,-0.458,0.474,TILT_RIGHT
4075,2126,4095,0.876,-4.204,7.566,1.48,-0.437,0.481,TILT_RIGHT
4095,2153,4095,0.941,-4.951,7.788,1.673,-0.267,0.463,TILT_RIGHT
4095,2142,4095,1.223,-5.669,8.425,1.726,-0.087,0.331,TILT_RIGHT
4095,2144,4095,1.484,-6.091,8.952,1.698,-0.032,0.078,TILT_RIGHT
4095,2139,4095,1.484,-6.062,9.546,1.649,-0.074,-0.165,TILT_RIGHT
4025,2110,4095,1.336,-6.103,9.708,1.593,-0.086,-0.238,TILT_RIGHT
4048,2076,4095,1.482,-6.333,9.728,1.458,-0.035,-0.209,TILT_RIGHT
3980,2071,4095,1.822,-6.701,9.474,1.226,0.022,-0.218,TILT_RIGHT
4095,2073,4095,2.169,-6.704,9.222,0.902,0.065,-0.31,TILT_RIGHT
3985,2086,4095,2.413,-6.371,9.369,0.584,0.1,-0.424,TILT_RIGHT
4095,2078,4095,2.514,-5.816,9.493,0.357,0.14,-0.439,TILT_RIGHT
4013,2083,4095,2.693,-5.363,9.421,0.222,0.101,-0.425,TILT_RIGHT
4001,2096,4095,2.739,-4.99,9.448,0.169,0.055,-0.36,TILT_RIGHT
4032,2055,4095,2.631,-4.664,9.713,0.15,-0.017,-0.252,TILT_RIGHT
4095,2025,4095,2.497,-4.662,9.804,0.177,-0.105,-0.109,TILT_RIGHT
4065,2097,4095,3.584,-5.832,8.068,-0.053,-0.385,0.124,TILT_RIGHT
4095,2115,4095,3.347,-5.672,7.992,-0.076,-0.323,0.113,TILT_RIGHT
4095,2098,4095,3.074,-5.612,7.781,-0.1,-0.254,0.125,TILT_RIGHT
4095,2159,4095,2.935,-5.571,7.724,-0.149,-0.187,0.15,TILT_RIGHT
4047,2160,4095,2.842,-5.492,7.609,-0.177,-0.116,0.157,TILT_RIGHT
4093,2144,4095,2.911,-5.437,7.456,-0.202,-0.059,0.144,TILT_RIGHT
4018,2160,4095,2.931,-5.274,7.446,-0.237,0.008,0.131,TILT_RIGHT
4095,2131,4095,2.945,-5.174,7.475,-0.273,0.044,0.119,TILT_RIGHT
4011,2133,4095,2.844,-5.092,7.276,-0.294,0.055,0.116,TILT_RIGHT
4095,2122,4095,3.029,-5.083,7.262,-0.264,0.108,0.092,TILT_RIGHT
4020,2129,4095,3.338,-5.289,7.429,-0.157,0.145,-0.062,TILT_RIGHT
4095,2121,4095,3.522,-5.1,7.35,-0.078,0.137,-0.216,TILT_RIGHT
4095,2128,4095,3.529,-4.939,7.149,-0.056,0.15,-0.281,TILT_RIGHT
4067,2068,4095,3.74,-4.752,7.204,-0.019,0.294,-0.257,TILT_RIGHT
4095,2107,4095,4.13,-4.781,7.463,0.033,0.467,-0.17,TILT_RIGHT
4095,2134,4095,4.571,-5.152,7.827,0.081,0.538,-0.134,TILT_RIGHT
4086,2106,4095,4.843,-5.365,8.315,0.113,0.487,-0.208,TILT_RIGHT
4095,2112,4095,4.999,-5.413,8.748,0.159,0.27,-0.304,TILT_RIGHT
4095,2114,4095,5.071,-5.629,8.799,0.241,-0.089,-0.399,TILT_RIGHT
4085,2128,4095,5.001,-5.878,8.253,0.31,-0.45,-0.514,TILT_RIGHT
4081,2135,4095,4.774,-5.995,7.494,0.327,-0.628,-0.649,TILT_RIGHT
4095,2173,4095,4.47,-5.816,7.07,0.284,-0.608,-0.7,TILT_RIGHT
4095,2117,4095,4.231,-5.655,6.912,0.254,-0.512,-0.618,TILT_RIGHT
4037,2123,4095,4.19,-5.653,6.888,0.243,-0.447,-0.448,TILT_RIGHT
3975,2128,4061,4.3,-5.741,6.776,0.222,-0.422,-0.263,TILT_RIGHT
4080,2118,4095,4.413,-5.839,6.728,0.211,-0.367,-0.095,TILT_RIGHT
3999,2116,4095,4.58,-5.997,6.85,0.213,-0.256,0.021,TILT_RIGHT
4095,2117,4095,4.815,-6.187,6.962,0.207,-0.141,0.063,TILT_RIGHT
3999,2187,4095,4.956,-6.237,7.147,0.184,-0.077,0.062,TILT_RIGHT
4083,2110,4095,5.085,-6.122,7.357,0.166,-0.062,0.049,TILT_RIGHT
4095,2160,4095,5.112,-5.959,7.52,0.147,-0.062,0.043,TILT_RIGHT
4095,2096,4095,5.353,-5.895,7.535,0.108,-0.066,0.033,TILT_RIGHT
4095,2198,4095,5.444,-5.796,7.594,0.043,-0.096,-0.008,TILT_RIGHT
4095,2160,4095,5.416,-5.578,7.494,-0.021,-0.149,-0.034,TILT_RIGHT
4095,2250,4095,5.284,-5.413,7.365,-0.118,-0.191,-0.039,TILT_RIGHT
4095,2224,4095,5.164,-5.162,7.377,-0.235,-0.201,-0.003,TILT_RIGHT
4095,2251,4095,5.169,-4.997,7.46,-0.311,-0.197,0.057,TILT_RIGHT
4095,2279,4095,5.109,-4.925,7.594,-0.333,-0.192,0.101,TILT_RIGHT
4031,2290,4095,5.035,-4.927,7.69,-0.298,-0.189,0.084,TILT_RIGHT
4043,2272,4095,4.851,-4.92,7.573,-0.226,-0.166,0.039,TILT_RIGHT
4095,2173,4095,4.729,-4.911,7.501,-0.151,-0.109,0.015,TILT_RIGHT
3984,2247,4095,4.614,-4.944,7.578,-0.075,-0.044,0.009,TILT_RIGHT
3933,2213,4095,4.628,-4.99,7.647,0.056,0.033,0.004,TILT_RIGHT
4016,2251,4095,4.642,-5.136,7.53,0.189,0.111,-0.04,TILT_RIGHT
3945,2240,4095,4.65,-5.464,7.396,0.205,0.151,-0.089,TILT_RIGHT
3917,2211,4095,4.671,-5.648,7.403,0.134,0.149,-0.147,TILT_RIGHT
4095,2224,4095,4.602,-5.6,7.453,0.06,0.137,-0.161,TILT_RIGHT
3977,2225,4095,4.583,-5.547,7.405,-0.026,0.118,-0.139,TILT_RIGHT
3974,2254,4095,4.597,-5.459,7.381,-0.103,0.12,-0.091,TILT_RIGHT
4080,2191,4095,4.647,-5.476,7.386,-0.166,0.147,-0.05,TILT_RIGHT
4095,2246,4095,4.676,-5.528,7.262,-0.218,0.161,-0.057,TILT_RIGHT
4095,2211,4095,4.685,-5.523,7.259,-0.271,0.156,-0.093,TILT_RIGHT
4095,2206,4095,4.611,-5.356,7.24,-0.325,0.153,-0.11,TILT_RIGHT
4095,2221,4095,4.64,-5.219,7.417,-0.361,0.146,-0.098,TILT_RIGHT
4095,2217,4079,4.755,-5.229,7.527,-0.365,0.1,-0.084,TILT_RIGHT
4095,2240,4095,4.76,-5.279,7.4,-0.35,0.035,-0.089,TILT_RIGHT
4095,2240,4095,4.714,-5.229,7.333,-0.339,0.01,-0.091,TILT_RIGHT
4095,2270,4095,4.681,-5.212,7.326,-0.326,0.025,-0.064,TILT_RIGHT
4095,2217,4095,4.702,-5.274,7.384,-0.307,0.044,-0.036,TILT_RIGHT
3977,2222,4095,4.803,-5.382,7.465,-0.296,0.029,-0.031,TILT_RIGHT
4095,2260,4095,4.762,-5.313,7.659,-0.286,-0.013,-0.026,TILT_RIGHT
4095,2306,4095,4.695,-5.231,7.76,-0.265,-0.058,0.025,TILT_RIGHT
4024,2204,4095,4.65,-5.301,7.772,-0.238,-0.085,0.105,TILT_RIGHT
4059,2228,4095,4.657,-5.382,7.745,-0.214,-0.095,0.141,TILT_RIGHT
4095,2242,4095,4.566,-5.327,7.669,-0.199,-0.083,0.144,TILT_RIGHT
3903,2219,4095,4.496,-5.2,7.621,-0.196,-0.036,0.169,TILT_RIGHT
4004,2224,4095,4.492,-5.145,7.623,-0.211,-0.006,0.217,TILT_RIGHT
4095,2262,4095,4.48,-5.049,7.733,-0.248,-0.01,0.258,TILT_RIGHT
4095,2243,4095,4.465,-4.913,7.712,-0.278,-0.038,0.294,TILT_RIGHT
4090,2231,4095,4.465,-4.808,7.76,-0.302,-0.075,0.313,TILT_RIGHT
4011,2256,4095,4.427,-4.719,7.702,-0.339,-0.12,0.309,TILT_RIGHT
4048,2269,4095,4.343,-4.717,7.695,-0.373,-0.178,0.264,TILT_RIGHT
4095,2247,4095,4.29,-4.628,7.669,-0.414,-0.218,0.194,TILT_RIGHT
4095,2243,4095,4.199,-4.515,7.683,-0.452,-0.228,0.138,TILT_RIGHT
3941,2259,4095,3.917,-4.341,7.939,-0.471,-0.234,0.125,TILT_RIGHT
4003,2160,4095,2.691,-4.259,9.23,-0.122,-0.011,0.18,TILT_RIGHT
4065,2112,4095,2.761,-4.264,9.254,-0.148,-0.115,0.176,TILT_RIGHT
4095,2126,4095,2.77,-4.413,9.175,-0.174,-0.171,0.153,TILT_RIGHT
4047,2099,4095,2.782,-4.554,8.957,-0.235,-0.181,0.093,TILT_RIGHT
4095,2147,4095,2.739,-4.513,8.871,-0.33,-0.172,0.018,TILT_RIGHT
4095,2094,4095,2.741,-4.355,8.863,-0.421,-0.144,-0.031,TILT_RIGHT
4095,2162,4095,2.77,-4.286,8.993,-0.488,-0.12,-0.052,TILT_RIGHT
4095,2124,4095,2.861,-4.319,9.096,-0.517,-0.132,-0.098,TILT_RIGHT
4080,2128,4095,2.832,-4.36,9.203,-0.506,-0.206,-0.18,TILT_RIGHT
4095,2128,4095,2.658,-4.424,8.938,-0.462,-0.28,-0.263,TILT_RIGHT
4095,2094,4053,2.593,-4.568,8.387,-0.427,-0.274,-0.329,TILT_RIGHT
4095,2074,4095,2.555,-4.717,7.98,-0.42,-0.175,-0.378,TILT_RIGHT
4095,2155,4095,2.634,-4.664,7.719,-0.449,-0.041,-0.379,TILT_RIGHT
4095,2146,4095,2.794,-4.741,7.628,-0.462,0.073,-0.374,TILT_RIGHT
4095,2156,4095,3.048,-4.934,7.7,-0.422,0.135,-0.422,TILT_RIGHT
4095,2199,4095,3.28,-5.128,7.606,-0.357,0.161,-0.509,TILT_RIGHT
4095,2144,4095,3.388,-5.15,7.465,-0.297,0.162,-0.574,TILT_RIGHT
3876,2115,4095,3.498,-5.066,7.472,-0.28,0.155,-0.542,TILT_RIGHT
4095,2092,4095,3.816,-5.327,7.628,-0.227,0.147,-0.512,TILT_RIGHT
4005,2112,4095,3.78,-5.128,7.626,-0.227,0.11,-0.391,TILT_RIGHT
4095,2128,4095,3.96,-5.528,7.657,-0.192,0.075,-0.305,TILT_RIGHT
4091,2103,4095,4.099,-5.768,7.764,-0.142,-0.019,-0.319,TILT_RIGHT
4095,2080,4095,3.996,-5.77,7.728,-0.086,-0.114,-0.357,TILT_RIGHT
4095,2078,4095,3.9,-5.753,7.53,-0.039,-0.162,-0.35,TILT_RIGHT
4048,2132,4095,3.797,-5.693,7.362,-0.013,-0.156,-0.273,TILT_RIGHT
4095,2113,4095,3.828,-5.708,7.192,-0.01,-0.118,-0.136,TILT_RIGHT
4052,2101,4095,4.02,-5.878,7.207,-0.039,-0.083,-0.001,TILT_RIGHT
4095,2106,4095,4.322,-6.208,7.324,-0.05,-0.067,0.009,TILT_RIGHT
4095,2154,4095,4.446,-6.244,7.446,-0.063,-0.099,-0.09,TILT_RIGHT
4055,2112,4095,4.422,-5.966,7.52,-0.088,-0.142,-0.16,TILT_RIGHT
4016,2133,4095,4.413,-5.643,7.671,-0.113,-0.179,-0.151,TILT_RIGHT
4095,2132,4095,4.42,-5.492,7.807,-0.112,-0.228,-0.109,TILT_RIGHT
4095,2096,4095,4.432,-5.44,7.87,-0.088,-0.272,-0.093,TILT_RIGHT
4095,2130,4095,4.398,-5.361,7.87,-0.057,-0.317,-0.096,TILT_RIGHT
3915,2091,4095,4.283,-5.229,7.788,-0.018,-0.352,-0.09,TILT_RIGHT
3942,2131,4095,4.195,-5.078,7.714,0.014,-0.346,-0.046,TILT_RIGHT
4095,2096,4095,4.171,-5.097,7.681,0.028,-0.3,0.042,TILT_RIGHT
4006,2098,4095,4.259,-5.334,7.745,0.029,-0.262,0.104,TILT_RIGHT
4043,2086,4095,4.362,-5.588,7.836,0.03,-0.256,0.087,TILT_RIGHT
4085,2099,4095,4.305,-5.61,7.848,0.038,-0.256,0.011,TILT_RIGHT
4087,2085,4095,4.219,-5.583,7.796,0.051,-0.242,-0.033,TILT_RIGHT
4049,2102,4095,4.164,-5.634,7.676,0.047,-0.215,-0.046,TILT_RIGHT
4095,2155,4095,4.154,-5.686,7.63,0.03,-0.18,-0.049,TILT_RIGHT
4095,2122,4095,4.123,-5.693,7.556,0.003,-0.146,-0.048,TILT_RIGHT
4095,2158,4095,4.104,-5.734,7.429,-0.022,-0.118,-0.047,TILT_RIGHT
4095,2144,4095,4.168,-5.748,7.331,-0.053,-0.066,-0.064,TILT_RIGHT
4095,2111,4095,4.254,-5.698,7.355,-0.079,-0.006,-0.094,TILT_RIGHT
4095,2167,4095,4.343,-5.61,7.415,-0.102,0.032,-0.102,TILT_RIGHT
4095,2182,4095,4.518,-5.626,7.527,-0.124,0.051,-0.097,TILT_RIGHT
4079,2129,4095,4.611,-5.545,7.609,-0.152,0.048,-0.082,TILT_RIGHT
4065,2130,4095,4.685,-5.485,7.709,-0.18,0.026,-0.054,TILT_RIGHT
4090,2089,4095,4.709,-5.392,7.812,-0.195,-0.022,-0.018,TILT_RIGHT
4080,2145,4095,4.738,-5.32,7.798,-0.194,-0.067,0.012,TILT_RIGHT
4017,2160,4095,4.683,-5.315,7.796,-0.191,-0.104,0.026,TILT_RIGHT
4095,2096,4095,4.657,-5.368,7.772,-0.177,-0.138,0.022,TILT_RIGHT
4062,2103,4095,4.549,-5.349,7.726,-0.16,-0.169,0.003,TILT_RIGHT
3994,2094,4095,4.386,-5.313,7.659,-0.143,-0.191,0.002,TILT_RIGHT
4030,2122,4095,4.245,-5.315,7.544,-0.132,-0.182,0.033,TILT_RIGHT
4031,2106,4095,4.211,-5.411,7.547,-0.133,-0.158,0.068,TILT_RIGHT
4095,2112,4095,4.147,-5.497,7.618,-0.126,-0.133,0.094,TILT_RIGHT
4068,2122,4095,4.075,-5.545,7.575,-0.119,-0.104,0.101,TILT_RIGHT
4095,2144,4095,4.008,-5.559,7.585,-0.102,-0.068,0.095,TILT_RIGHT
4095,2147,4095,4.015,-5.569,7.671,-0.081,-0.017,0.093,TILT_RIGHT
4095,2187,4095,4.039,-5.559,7.757,-0.06,0.019,0.103,TILT_RIGHT
4067,2177,4095,4.003,-5.514,7.798,-0.048,0.035,0.129,TILT_RIGHT
4095,2229,4095,3.926,-5.471,7.805,-0.032,0.067,0.16,TILT_RIGHT
4071,2219,4095,3.984,-5.461,7.884,-0.023,0.094,0.185,TILT_RIGHT
4057,2157,4095,4.053,-5.48,7.937,0.01,0.125,0.168,TILT_RIGHT
4095,2199,4095,4.101,-5.452,7.958,0.051,0.141,0.123,TILT_RIGHT
4095,2160,4095,3.989,-5.327,7.934,0.064,0.125,0.105,TILT_RIGHT
4095,2130,4095,3.891,-5.186,7.898,0.04,0.094,0.147,TILT_RIGHT
4048,2161,4095,3.802,-5.104,7.86,0.015,0.083,0.184,TILT_RIGHT
4095,2179,4095,3.807,-5.114,7.901,0.005,0.106,0.174,TILT_RIGHT
4063,2192,4095,3.797,-5.176,7.97,0.01,0.115,0.126,TILT_RIGHT
4095,2170,4095,3.73,-5.078,7.939,-0.004,0.101,0.072,TILT_RIGHT
4095,2131,4095,7.537,-5.509,3.84,-0.068,0.051,-0.191,TILT_RIGHT
4042,2129,4095,7.587,-5.442,3.977,-0.072,0.051,-0.238,TILT_RIGHT
4095,2155,4095,7.649,-5.363,4.166,-0.072,0.045,-0.248,TILT_RIGHT
4095,2110,4095,7.705,-5.349,4.377,-0.07,0.017,-0.239,TILT_RIGHT
4095,2112,4095,7.731,-5.385,4.444,-0.052,-0.019,-0.234,TILT_RIGHT
4011,2141,4095,7.728,-5.416,4.506,-0.031,-0.023,-0.234,TILT_RIGHT
4095,2149,4095,7.717,-5.531,4.796,0.003,-0.005,-0.227,TILT_RIGHT
4083,2134,4095,7.719,-5.691,4.954,0.038,-0.003,-0.228,TILT_RIGHT
4095,2112,4095,7.676,-5.732,5.018,0.055,-0.009,-0.224,TILT_RIGHT
3941,2091,4095,7.558,-5.65,5.203,0.063,0.011,-0.19,TILT_RIGHT
3989,2085,4095,7.472,-5.55,5.294,0.078,0.041,-0.104,TILT_RIGHT
4029,2093,4095,7.436,-5.648,5.519,0.103,0.082,0.008,TILT_RIGHT
3938,2098,4095,7.458,-5.885,5.555,0.109,0.112,0.085,TILT_RIGHT
4095,2094,4095,7.451,-6.002,5.607,0.079,0.11,0.108,TILT_RIGHT
4081,2091,4095,7.307,-5.906,5.602,0.037,0.089,0.119,TILT_RIGHT
4095,2114,4095,7.14,-5.72,5.593,-0.002,0.075,0.147,TILT_RIGHT
4095,2182,4095,7.029,-5.672,5.48,-0.036,0.088,0.188,TILT_RIGHT
4095,2163,4095,6.996,-5.667,5.394,-0.075,0.102,0.207,TILT_RIGHT
4095,2112,4095,6.936,-5.578,5.332,-0.115,0.104,0.2,TILT_RIGHT
4095,2133,4095,6.891,-5.478,5.353,-0.144,0.11,0.18,TILT_RIGHT
4095,2112,4095,6.881,-5.44,5.356,-0.161,0.107,0.156,TILT_RIGHT
4095,2151,4095,6.876,-5.349,5.389,-0.161,0.083,0.116,TILT_RIGHT
4095,2151,4095,6.812,-5.361,5.341,-0.143,0.058,0.064,TILT_RIGHT
4095,2096,4095,6.704,-5.356,5.181,-0.12,0.032,0.006,TILT_RIGHT
4095,2128,4095,6.637,-5.325,4.97,-0.1,0.017,-0.026,TILT_RIGHT
4095,2112,4095,6.56,-5.363,4.805,-0.082,0.023,-0.037,TILT_RIGHT
4050,2098,4095,6.603,-5.444,4.75,-0.053,0.034,-0.062,TILT_RIGHT
3984,2114,4095,6.732,-5.473,4.611,-0.034,0.042,-0.064,TILT_RIGHT
4095,2102,4095,6.919,-5.514,4.503,-0.029,0.075,-0.047,TILT_RIGHT
4095,2134,4095,7.214,-5.54,4.597,-0.015,0.123,-0.035,TILT_RIGHT
4042,2129,4095,7.573,-5.547,4.657,0.005,0.172,-0.005,TILT_RIGHT
4050,2105,4095,8.03,-5.533,4.568,-0.023,0.259,0.057,TILT_RIGHT
4057,2094,4095,8.504,-5.535,4.769,-0.092,0.339,0.162,TILT_RIGHT
4095,2131,4095,8.899,-5.689,5.32,-0.163,0.321,0.24,TILT_RIGHT
4095,2126,4095,9.167,-5.957,5.892,-0.186,0.09,0.226,TILT_RIGHT
4095,2151,4095,8.947,-6.024,5.753,-0.154,-0.299,0.102,TILT_RIGHT
4095,2150,4095,8.25,-5.677,5.071,-0.162,-0.636,0.044,TILT_RIGHT
4095,2119,4095,7.554,-5.358,4.286,-0.216,-0.778,0.105,TILT_RIGHT
4095,2165,4095,7.027,-5.298,3.766,-0.277,-0.784,0.189,TILT_RIGHT
4075,2122,4095,6.687,-5.284,3.239,-0.324,-0.742,0.222,TILT_RIGHT
4095,2166,4095,6.455,-5.207,2.89,-0.363,-0.67,0.183,TILT_RIGHT
4095,2114,4095,6.239,-5.016,2.591,-0.376,-0.564,0.13,TILT_RIGHT
4078,2131,4095,6.124,-4.86,2.375,-0.365,-0.433,0.102,TILT_RIGHT
4012,2128,4095,6.194,-4.908,2.373,-0.342,-0.309,0.088,TILT_RIGHT
4095,2137,4095,6.371,-5.009,2.507,-0.31,-0.23,0.052,TILT_RIGHT
4095,2108,4095,6.732,-5.435,2.777,-0.234,-0.161,-0.046,TILT_RIGHT
4095,2097,4095,7.061,-5.796,2.971,-0.152,-0.091,-0.226,TILT_RIGHT
4095,2064,4095,7.259,-5.99,3.108,-0.11,-0.018,-0.4,TILT_RIGHT
4095,2007,4095,7.309,-5.945,3.316,-0.104,0.05,-0.478,TILT_RIGHT
4071,2093,4095,7.434,-5.861,3.424,-0.102,0.107,-0.45,TILT_RIGHT
4095,2113,4095,7.642,-5.847,3.546,-0.085,0.136,-0.379,TILT_RIGHT
4095,2136,4095,7.848,-5.753,3.567,-0.04,0.138,-0.308,TILT_RIGHT
4095,2160,4095,7.954,-5.725,3.409,0.022,0.178,-0.249,TILT_RIGHT
4082,2130,4095,8.006,-5.693,3.345,0.07,0.261,-0.191,TILT_RIGHT
4095,2148,4095,8.1,-5.686,3.371,0.089,0.337,-0.12,TILT_RIGHT
4095,2082,4095,8.191,-5.686,3.371,0.076,0.363,-0.053,TILT_RIGHT
4095,2224,4095,8.203,-5.59,3.484,0.037,0.321,0.018,TILT_RIGHT
4095,2146,4095,8.282,-5.444,3.546,-0.008,0.213,0.097,TILT_RIGHT
4095,2147,4095,8.238,-5.401,3.402,-0.049,0.104,0.162,TILT_RIGHT
4095,2102,4095,8.147,-5.375,3.211,-0.089,0.051,0.179,TILT_RIGHT
4095,2128,4095,8.052,-5.349,3.093,-0.118,0.036,0.132,TILT_RIGHT
4095,2129,4095,7.973,-5.15,2.993,-0.133,0.014,0.073,TILT_RIGHT
4095,2108,4095,7.894,-5.009,2.952,-0.129,-0.002,0.025,TILT_RIGHT
4095,2096,4095,7.891,-4.958,3,-0.103,-0.021,-0.025,TILT_RIGHT
4069,2085,4095,8.006,-4.997,3.072,-0.062,-0.054,-0.093,TILT_RIGHT
4075,2091,4095,8.047,-4.982,3.12,-0.006,-0.11,-0.168,TILT_RIGHT
4071,2089,4095,8.054,-4.922,3.127,0.033,-0.152,-0.192,TILT_RIGHT
4095,2107,4095,8.023,-4.915,3.196,0.059,-0.171,-0.175,TILT_RIGHT
4095,2107,4095,8.009,-4.93,3.251,0.085,-0.174,-0.135,TILT_RIGHT
4095,2128,4095,8.023,-4.942,3.342,0.117,-0.167,-0.089,TILT_RIGHT
4095,2162,4095,8.061,-4.992,3.503,0.15,-0.156,-0.031,TILT_RIGHT
4090,2138,4095,8.128,-5.145,3.742,0.185,-0.157,0.022,TILT_RIGHT
4095,2116,4095,8.181,-5.243,3.977,0.216,-0.193,0.048,TILT_RIGHT
4095,2112,4095,8.133,-5.306,4.065,0.245,-0.236,0.068,TILT_RIGHT
4095,2161,4095,8.088,-5.404,4.104,0.262,-0.258,0.092,TILT_RIGHT
4086,2115,4095,5.313,-4.949,7.925,-0.209,-0.089,-0.062,TILT_RIGHT
4000,2064,4095,5.234,-4.86,7.985,-0.176,-0.103,-0.029,TILT_RIGHT
4040,2078,4095,5.109,-4.846,8.102,-0.146,-0.113,0.019,TILT_RIGHT
3991,2107,4095,5.023,-4.937,8.037,-0.12,-0.123,0.049,TILT_RIGHT
3913,2096,4095,4.903,-4.944,8.004,-0.103,-0.127,0.044,TILT_RIGHT
4039,2081,4095,4.75,-4.841,7.898,-0.077,-0.113,0.026,TILT_RIGHT
4054,2097,4095,4.58,-4.764,7.829,-0.056,-0.078,0.017,TILT_RIGHT
4095,2064,4095,4.458,-4.695,7.666,-0.056,-0.039,0.032,TILT_RIGHT
4095,2096,4095,4.422,-4.685,7.547,-0.059,0.016,0.048,TILT_RIGHT
4029,2118,4095,4.484,-4.618,7.52,-0.04,0.066,0.041,TILT_RIGHT
4095,2127,4095,4.453,-4.532,7.527,0.002,0.11,0.056,TILT_RIGHT
4095,2096,4095,4.444,-4.525,7.52,0.035,0.144,0.109,TILT_RIGHT
4095,2098,4095,4.487,-4.678,7.496,0.056,0.171,0.169,TILT_RIGHT
4094,2102,4095,4.614,-4.867,7.587,0.077,0.197,0.187,TILT_RIGHT
4095,2128,4095,4.527,-4.829,7.752,0.088,0.201,0.205,TILT_RIGHT
4095,2141,4095,4.408,-4.743,7.846,0.091,0.192,0.294,TILT_RIGHT
4095,2119,4095,4.374,-4.791,7.865,0.077,0.188,0.45,TILT_RIGHT
4030,2078,4095,4.468,-5.112,7.743,0.064,0.196,0.586,TILT_RIGHT
4095,2073,4095,4.53,-5.444,7.645,0.034,0.229,0.641,TILT_RIGHT
4049,2055,4095,4.561,-5.641,7.659,-0.063,0.284,0.657,TILT_RIGHT
3950,2111,4095,4.695,-5.844,7.937,-0.15,0.273,0.592,TILT_RIGHT
4095,2101,4095,4.525,-5.669,8.09,-0.152,0.182,0.438,TILT_RIGHT
4049,2021,4095,4.307,-5.442,7.855,-0.107,0.083,0.35,TILT_RIGHT
4095,2032,4095,4.247,-5.492,7.439,-0.049,0.017,0.297,TILT_RIGHT
4043,2070,4095,4.216,-5.49,7.003,-0.047,0.003,0.261,TILT_RIGHT
4095,2083,4095,4.264,-5.638,6.905,-0.053,0.007,0.191,TILT_RIGHT
4095,2090,4095,4.286,-5.701,6.883,-0.015,0.021,0.033,TILT_RIGHT
4095,2107,4095,4.192,-5.576,6.744,0.025,0.049,-0.115,TILT_RIGHT
4055,2091,4095,4.211,-5.49,6.768,0.059,0.053,-0.203,TILT_RIGHT
4095,2167,4095,4.221,-5.468,6.776,0.111,0.036,-0.272,TILT_RIGHT
4095,2122,4095,4.195,-5.452,6.711,0.132,0.043,-0.259,TILT_RIGHT
4095,2090,4095,4.252,-5.638,6.742,0.12,0.082,-0.213,TILT_RIGHT
4095,2103,4095,4.446,-5.732,6.931,0.075,0.116,-0.177,TILT_RIGHT
4095,2123,4095,4.513,-5.667,7.302,0.041,0.126,-0.174,TILT_RIGHT
4095,2130,4095,4.575,-5.559,7.683,0.027,0.059,-0.114,TILT_RIGHT
4095,2096,4095,4.697,-5.665,7.822,0.07,-0.046,-0.039,TILT_RIGHT
4095,2123,4095,4.733,-5.933,7.714,0.124,-0.115,-0.059,TILT_RIGHT
4065,2122,4095,4.508,-5.813,7.523,0.146,-0.131,-0.096,TILT_RIGHT
4095,2101,4095,4.319,-5.794,7.331,0.147,-0.115,-0.082,TILT_RIGHT
4095,2091,4095,4.269,-5.82,7.183,0.151,-0.095,-0.063,TILT_RIGHT
4065,2032,4095,4.29,-5.808,7.015,0.171,-0.066,-0.086,TILT_RIGHT
4053,2101,4095,4.302,-5.638,6.943,0.171,-0.03,-0.088,TILT_RIGHT
4065,2078,4095,4.527,-5.586,7.123,0.17,0,-0.068,TILT_RIGHT
4090,2118,4095,4.724,-5.595,7.331,0.184,-0.006,-0.089,TILT_RIGHT
4095,2075,4031,4.831,-5.571,7.511,0.19,-0.046,-0.114,TILT_RIGHT
4095,2073,4095,4.879,-5.437,7.633,0.174,-0.094,-0.118,TILT_RIGHT
4095,2151,4095,4.879,-5.358,7.839,0.16,-0.157,-0.105,TILT_RIGHT
4037,2091,4095,4.788,-5.186,7.819,0.154,-0.211,-0.076,TILT_RIGHT
4095,2098,4095,4.729,-5.155,7.815,0.14,-0.22,-0.029,TILT_RIGHT
4095,2094,4095,4.729,-5.241,7.755,0.134,-0.208,-0.028,TILT_RIGHT
4095,2058,4091,4.745,-5.31,7.733,0.135,-0.195,-0.08,TILT_RIGHT
4016,2092,4095,4.592,-5.145,7.508,0.116,-0.19,-0.122,TILT_RIGHT
4095,1895,4080,4.638,-5.035,7.535,0.059,-0.16,-0.098,TILT_RIGHT
3505,2376,2990,4.609,-5.308,7.647,0.029,-0.132,-0.1,TILT_RIGHT
3408,2075,4095,4.58,-5.301,7.788,0.034,-0.113,-0.163,TILT_RIGHT
3735,2080,4095,4.575,-5.191,7.697,0.027,-0.124,-0.213,TILT_RIGHT
4095,2338,4095,4.539,-4.97,7.762,0.007,-0.145,-0.195,TILT_RIGHT
3824,2045,3694,4.618,-4.867,7.769,-0.017,-0.165,-0.103,TILT_RIGHT
4095,2080,2770,4.846,-4.963,7.709,-0.029,-0.165,-0.052,TILT_RIGHT
4095,2155,4095,4.875,-5.071,7.618,-0.02,-0.141,-0.103,TILT_RIGHT
4095,1608,4095,4.865,-5.148,7.561,-0.027,-0.116,-0.195,TILT_RIGHT
3813,2042,3506,4.791,-5.042,7.597,-0.005,-0.095,-0.268,TILT_RIGHT
2937,2487,3492,4.652,-4.877,7.547,-0.007,-0.046,-0.251,TILT_RIGHT
4095,1820,4002,-4.602,1.226,0,0,0,0,TILT_RIGHT
3763,2004,3942,5.049,-4.899,7.707,-0.042,-0.041,-0.1,TILT_RIGHT
3813,2281,2875,4.951,-4.863,7.721,-0.047,-0.022,-0.119,TILT_RIGHT
3824,2210,4095,4.884,-4.743,7.819,-0.075,-0.017,-0.059,TILT_RIGHT
4095,1535,4095,5.045,-4.781,7.903,-0.095,-0.086,0.014,TILT_RIGHT
4095,2113,3554,5.013,-4.769,7.86,-0.089,-0.151,0.031,TILT_RIGHT
2911,2255,3639,4.956,-4.678,7.755,-0.083,-0.178,0.051,TILT_RIGHT
4095,1946,4095,4.92,-4.796,7.575,-0.055,-0.163,0.028,TILT_RIGHT
4081,2288,2599,4.87,-4.791,7.491,-0.021,-0.132,-0.048,TILT_RIGHT
3467,2158,4095,4.779,-4.604,7.456,0.017,-0.098,-0.1,TILT_RIGHT
4095,1409,4095,4.721,-4.405,7.427,0.055,-0.067,-0.101,TILT_RIGHT
3900,2285,4073,4.542,-4.221,7.379,0.063,-0.031,-0.018,TILT_RIGHT
4095,2150,4095,5.32,-7.415,3.931,-0.043,0.067,-0.133,TILT_RIGHT
3935,1835,3296,5.306,-7.362,3.936,-0.069,0.079,-0.126,TILT_RIGHT
4095,2357,3846,5.344,-7.317,4.032,-0.099,0.072,-0.081,TILT_RIGHT
3199,2064,3664,5.435,-7.381,4.07,-0.102,0.061,-0.051,TILT_RIGHT
4095,2213,4095,5.502,-7.441,4.08,-0.086,0.057,-0.075,TILT_RIGHT
3760,1863,3511,5.511,-7.377,4.02,-0.099,0.033,-0.088,TILT_RIGHT
4095,2211,4095,5.476,-7.288,4.049,-0.14,0.003,-0.024,TILT_RIGHT
3603,1840,3341,5.576,-7.408,4.149,-0.124,-0.015,0.051,TILT_RIGHT
4095,2291,4095,5.672,-7.681,4.094,-0.07,0.011,0.051,TILT_RIGHT
3967,1936,4095,5.691,-7.824,4.147,-0.024,0.046,-0.019,TILT_RIGHT
4095,2270,4095,5.619,-7.796,4.207,-0.016,0.043,-0.077,TILT_RIGHT
3564,2016,3842,5.538,-7.683,4.195,-0.016,0.014,-0.083,TILT_RIGHT
4095,2245,3811,5.514,-7.63,4.161,-0.02,-0.011,-0.065,TILT_RIGHT
3885,1968,3958,5.514,-7.582,4.209,-0.038,-0.021,-0.036,TILT_RIGHT
3408,2085,3991,5.499,-7.52,4.247,-0.069,-0.045,0.003,TILT_RIGHT
4095,2161,3938,5.452,-7.475,4.326,-0.089,-0.076,0.025,TILT_RIGHT
4095,2270,3986,5.447,-7.46,4.338,-0.085,-0.1,0.011,TILT_RIGHT
3998,1953,4095,5.334,-7.353,4.293,-0.077,-0.108,-0.029,TILT_RIGHT
4095,1971,3685,5.236,-7.24,4.266,-0.072,-0.107,-0.062,TILT_RIGHT
4095,2169,4095,5.126,-7.058,4.235,-0.074,-0.114,-0.056,TILT_RIGHT
3436,1787,3751,5.102,-6.996,4.173,-0.08,-0.128,-0.009,TILT_RIGHT
4095,2278,3649,5.131,-7.008,4.14,-0.076,-0.125,0.025,TILT_RIGHT
3772,2240,4095,5.181,-7.02,4.128,-0.071,-0.091,0.034,TILT_RIGHT
4095,2037,3312,5.246,-7.096,4.156,-0.055,-0.042,0.01,TILT_RIGHT
4095,2192,4095,5.26,-7.089,4.211,-0.042,-0.015,-0.02,TILT_RIGHT
4003,1919,4048,5.279,-7.104,4.278,-0.038,-0.008,0,TILT_RIGHT
4008,2298,4095,5.349,-7.266,4.274,-0.048,-0.008,0.035,TILT_RIGHT
4016,1573,3489,5.502,-7.403,4.329,-0.054,-0.005,0.047,TILT_RIGHT
3915,2224,4095,5.535,-7.458,4.381,-0.05,-0.022,0.043,TILT_RIGHT
3696,2010,3714,5.468,-7.331,4.405,-0.058,-0.045,0.077,TILT_RIGHT
4010,2039,4095,5.349,-7.247,4.372,-0.076,-0.074,0.218,TILT_RIGHT
4067,2028,3819,5.346,-7.343,4.377,-0.102,-0.091,0.411,TILT_RIGHT
4095,2358,4095,5.265,-7.329,4.408,-0.119,-0.102,0.576,TILT_RIGHT
3623,1803,3639,4.982,-6.778,4.547,-0.142,-0.134,0.859,TILT_RIGHT
4095,2124,3578,5.023,-6.103,5.21,-0.083,-0.295,1.428,TILT_RIGHT
4095,2238,4095,5.655,-6.618,5.653,0.187,-0.639,1.86,TILT_RIGHT
3562,2033,3969,5.93,-7.551,5.394,0.6,-0.924,1.672,TILT_RIGHT
4095,2358,3702,5.476,-7.755,5.006,1.009,-0.992,1.064,TILT_RIGHT
3482,2179,4095,5.155,-7.695,4.86,1.383,-0.93,0.382,TILT_RIGHT
4095,1967,4034,4.374,-7.08,4.827,1.654,-0.829,-0.102,TILT_RIGHT
3551,2102,3730,3.692,-6.723,4.638,1.766,-0.65,-0.213,TILT_RIGHT
4095,2273,4095,3.244,-6.601,4.748,1.708,-0.438,-0.044,TILT_RIGHT
3535,1823,3705,3.146,-6.759,5.219,1.587,-0.227,0.171,TILT_RIGHT
4095,2286,3809,3.163,-6.977,5.708,1.489,-0.031,0.292,TILT_RIGHT
3376,1973,4095,3.371,-7.199,6.443,1.396,0.135,0.292,TILT_RIGHT
4095,2099,3390,3.577,-7.353,6.9,1.31,0.195,0.227,TILT_RIGHT
3882,2185,4095,3.713,-7.432,6.905,1.181,0.227,0.213,TILT_RIGHT
3923,1771,3806,3.953,-7.594,7.101,1.035,0.267,0.225,TILT_RIGHT
4095,1985,4069,4.156,-7.609,7.221,0.936,0.34,0.11,TILT_RIGHT
3311,2070,3175,4.355,-7.458,7.719,0.906,0.353,-0.077,TILT_RIGHT
4095,2201,4095,4.518,-7.405,7.714,0.927,0.274,-0.232,TILT_RIGHT
3271,2033,3079,4.46,-7.027,7.46,0.843,0.192,-0.228,TILT_RIGHT
4095,2312,4095,4.511,-6.752,7.566,0.649,0.146,-0.052,TILT_RIGHT
3794,1837,3478,4.662,-6.807,7.757,0.478,0.073,0.098,TILT_RIGHT
4095,2448,3886,4.678,-6.871,7.815,0.369,-0.044,0.148,TILT_RIGHT
3505,1801,4095,4.527,-6.783,7.891,0.264,-0.169,0.107,TILT_RIGHT
4095,2081,3396,4.269,-6.491,7.767,0.127,-0.316,0.111,TILT_RIGHT
3828,2118,4095,4.065,-6.239,7.499,0,-0.42,0.141,TILT_RIGHT
3889,1948,4095,3.859,-5.976,7.293,-0.108,-0.436,0.147,TILT_RIGHT
4095,2453,4095,3.713,-5.739,7.254,-0.184,-0.359,0.16,TILT_RIGHT
2907,1803,4095,3.735,-5.607,7.151,-0.224,-0.24,0.154,TILT_RIGHT
4095,1963,4095,3.788,-5.476,7.142,-0.25,-0.129,0.119,TILT_RIGHT
4095,2246,3583,3.843,-5.337,7.379,-0.255,-0.051,0.07,TILT_RIGHT
3915,2032,4095,4.032,-5.258,7.75,-0.233,-0.074,0.039,TILT_RIGHT
4095,1805,3433,4.063,-5.157,7.836,-0.221,-0.183,0.055,TILT_RIGHT
4095,2273,4095,4.116,-5.085,7.683,-0.197,-0.254,0.08,TILT_RIGHT
3601,1866,3833,4.113,-5.08,7.506,-0.155,-0.249,0.067,TILT_RIGHT
4095,2231,3676,4.082,-5.114,7.568,-0.11,-0.21,0.037,TILT_RIGHT
3906,2069,4095,4.125,-5.298,7.604,-0.052,-0.18,-0.01,TILT_RIGHT
4017,1898,3302,4.231,-5.636,7.506,0.03,-0.179,-0.11,TILT_RIGHT
4095,2319,4095,4.092,-5.734,7.29,0.112,-0.179,-0.257,TILT_RIGHT
3567,1785,4095,4.07,-5.796,7.041,0.16,-0.172,-0.35,TILT_RIGHT
4095,2128,4095,3.991,-5.643,6.821,0.157,-0.182,-0.362,TILT_RIGHT
3425,2166,3955,3.898,-5.583,6.555,0.134,-0.173,-0.277,TILT_RIGHT
3664,2010,4095,4.044,-5.799,6.397,0.116,-0.153,-0.163,TILT_RIGHT
4095,2038,4095,4.848,-5.229,7.652,-0.127,-0.213,-0.266,TILT_RIGHT
4095,2112,4095,4.606,-5.258,7.558,-0.154,-0.195,-0.341,TILT_RIGHT
4095,2098,4095,4.357,-5.155,7.42,-0.186,-0.149,-0.376,TILT_RIGHT
4023,2089,4095,4.13,-4.987,7.357,-0.232,-0.072,-0.367,TILT_RIGHT
4095,2112,4095,3.996,-4.968,7.494,-0.261,0.026,-0.304,TILT_RIGHT
4095,2103,4095,4.104,-5.212,7.463,-0.262,0.119,-0.275,TILT_RIGHT
4073,2038,4095,4.254,-5.363,7.475,-0.276,0.195,-0.338,TILT_RIGHT
4095,2092,4095,4.187,-5.162,7.489,-0.317,0.257,-0.392,TILT_RIGHT
4095,2097,4095,4.156,-4.903,7.645,-0.368,0.317,-0.347,TILT_RIGHT
4095,2119,4095,4.374,-4.994,7.786,-0.386,0.366,-0.289,TILT_RIGHT
4095,2128,4095,4.623,-5.145,7.968,-0.391,0.377,-0.309,TILT_RIGHT
4095,2097,4095,4.76,-5.164,8.023,-0.406,0.348,-0.365,TILT_RIGHT
4095,2109,4095,4.762,-5.009,8.174,-0.43,0.29,-0.393,TILT_RIGHT
4095,2095,4095,4.724,-4.915,8.284,-0.452,0.228,-0.358,TILT_RIGHT
4095,2099,4095,4.748,-5.045,8.38,-0.457,0.193,-0.326,TILT_RIGHT
4095,2156,4095,4.709,-5.138,8.38,-0.442,0.179,-0.365,TILT_RIGHT
4095,2111,4095,4.492,-5.023,8.389,-0.404,0.168,-0.419,TILT_RIGHT
4095,2102,4095,4.192,-4.762,8.377,-0.356,0.159,-0.403,TILT_RIGHT
4095,2093,4095,3.95,-4.666,8.487,-0.29,0.171,-0.301,TILT_RIGHT
3999,2078,4095,3.824,-4.743,8.751,-0.207,0.167,-0.186,TILT_RIGHT
4095,2096,4095,3.768,-4.968,8.643,-0.112,0.114,-0.098,TILT_RIGHT
4095,2033,4095,3.67,-5.023,8.358,-0.069,0.045,-0.001,TILT_RIGHT
4051,2026,4095,3.452,-4.867,8.025,-0.091,-0.002,0.17,TILT_RIGHT
4018,2026,4095,3.421,-4.685,7.796,-0.125,0.04,0.398,TILT_RIGHT
4055,2101,4095,3.551,-4.666,7.786,-0.138,0.105,0.613,TILT_RIGHT
4095,2110,4095,3.788,-4.875,7.8,-0.097,0.122,0.724,TILT_RIGHT
4095,2112,4070,3.989,-4.946,7.669,-0.018,0.104,0.719,TILT_RIGHT
4095,2091,4095,3.958,-4.865,7.87,0.073,0.08,0.683,TILT_RIGHT
4058,2121,4095,3.821,-4.75,7.901,0.154,0.051,0.726,TILT_RIGHT
4095,2059,4095,3.768,-4.822,7.769,0.197,0.034,0.828,TILT_RIGHT
4095,2075,4095,3.668,-4.956,7.848,0.178,0.017,0.911,TILT_RIGHT
4095,2143,4095,3.505,-5.095,8.229,0.174,-0.039,0.988,TILT_RIGHT
4095,2101,4095,3.572,-5.466,8.267,0.215,-0.086,1.003,TILT_RIGHT
4095,2091,4095,3.56,-5.648,8.143,0.213,-0.115,0.956,TILT_RIGHT
4095,2112,4095,3.565,-5.866,8.056,0.163,-0.135,0.833,TILT_RIGHT
4095,2103,4095,3.536,-6.041,8.231,0.157,-0.18,0.584,TILT_RIGHT
4095,2112,4095,3.306,-5.758,8.248,0.184,-0.232,0.299,TILT_RIGHT
4095,2081,4095,3.026,-5.313,8.195,0.181,-0.273,0.157,TILT_RIGHT
4095,2096,4095,2.945,-5.116,8.181,0.16,-0.281,0.168,TILT_RIGHT
4095,2081,4095,3.033,-5.318,8.112,0.128,-0.269,0.207,TILT_RIGHT
4095,2071,4095,3.163,-5.509,8.337,0.045,-0.284,0.189,TILT_RIGHT
4095,2080,4095,3.077,-5.423,8.823,-0.04,-0.347,0.136,TILT_RIGHT
4095,2099,4095,2.94,-5.169,9.098,-0.06,-0.411,0.136,TILT_RIGHT
4095,2136,4095,2.878,-5.066,9.041,-0.057,-0.449,0.203,TILT_RIGHT
4095,2126,4095,2.907,-5.179,9.041,-0.07,-0.444,0.263,TILT_RIGHT
4095,2074,4095,2.873,-5.303,9.266,-0.072,-0.439,0.26,TILT_RIGHT
4095,2198,4095,2.753,-5.358,8.969,-0.033,-0.468,0.234,TILT_RIGHT
4095,2125,4095,2.789,-5.454,8.502,0.001,-0.447,0.203,TILT_RIGHT
4095,2121,4095,2.859,-5.38,8.337,-0.038,-0.32,0.164,TILT_RIGHT
4095,2160,4095,2.931,-5.198,8.576,-0.111,-0.177,0.171,TILT_RIGHT
4095,2090,4095,3.158,-5.167,8.399,-0.161,-0.108,0.217,TILT_RIGHT
4083,2119,4095,3.503,-5.471,8.088,-0.189,-0.106,0.175,TILT_RIGHT
4095,2139,4095,3.699,-5.626,8.236,-0.22,-0.114,-0.003,TILT_RIGHT
4031,2160,4095,3.598,-5.353,8.377,-0.272,-0.119,-0.208,TILT_RIGHT
4095,2149,4095,3.366,-4.99,8.191,-0.295,-0.178,-0.311,TILT_RIGHT
4095,2136,4095,3.302,-4.925,7.611,-0.259,-0.275,-0.372,TILT_RIGHT
4095,2135,4095,3.235,-4.951,7.096,-0.211,-0.326,-0.48,TILT_RIGHT
4078,2128,4095,3.227,-5.023,6.531,-0.175,-0.291,-0.563,TILT_RIGHT
4095,2112,4095,3.376,-5.217,6.002,-0.21,-0.151,-0.582,TILT_RIGHT
4095,2094,4095,3.668,-5.432,5.945,-0.316,0.003,-0.585,TILT_RIGHT
4095,2064,4093,4.07,-5.672,6.275,-0.37,0.095,-0.606,TILT_RIGHT
4095,2069,4095,4.599,-5.971,6.563,-0.325,0.076,-0.665,TILT_RIGHT
4095,2126,4095,4.98,-6.187,6.61,-0.272,0.019,-0.728,TILT_RIGHT
4095,2081,4095,5.203,-6.29,6.685,-0.271,-0.01,-0.736,TILT_RIGHT
4095,2159,4095,5.195,-6.146,6.78,-0.313,0.001,-0.623,TILT_RIGHT
4095,2098,4095,5.31,-5.971,6.998,-0.394,0.05,-0.382,TILT_RIGHT
4095,2031,4095,5.602,-5.976,7.558,-0.403,0.099,-0.164,TILT_RIGHT
4048,2041,4095,5.78,-5.959,8.119,-0.265,0.059,-0.023,TILT_RIGHT
4032,2087,4095,5.696,-6.009,8.246,-0.04,-0.067,0.043,TILT_RIGHT
4069,2127,4095,5.406,-5.966,7.93,0.149,-0.218,0.144,TILT_RIGHT
4095,2064,4095,5.138,-6.266,7.412,0.247,-0.309,0.212,TILT_RIGHT
4095,2124,4095,4.796,-6.388,6.986,0.266,-0.326,0.222,TILT_RIGHT
4095,2064,4095,4.568,-6.366,6.709,0.233,-0.287,0.193,TILT_RIGHT
4095,2126,4095,4.451,-6.414,6.563,0.163,-0.242,0.137,TILT_RIGHT
4095,2114,4095,4.41,-6.342,6.493,0.062,-0.246,0.061,TILT_RIGHT
4095,2038,4095,2.935,-8.514,4.762,-0.326,-0.369,0.445,TILT_RIGHT
4095,2015,4095,2.722,-8.624,4.317,-0.324,-0.508,0.545,TILT_RIGHT
4095,2085,4095,2.763,-8.689,4.049,-0.274,-0.584,0.608,TILT_RIGHT
4095,2018,4095,2.923,-8.691,4.075,-0.158,-0.668,0.615,TILT_RIGHT
4095,2074,4095,2.976,-8.715,4.015,0.014,-0.743,0.566,TILT_RIGHT
4095,2106,4095,3.079,-8.832,3.345,0.018,-0.739,0.506,TILT_RIGHT
4095,2059,4095,3.072,-8.847,2.938,-0.121,-0.657,0.444,TILT_RIGHT
4095,2068,4095,2.981,-8.643,3.098,-0.199,-0.553,0.448,TILT_RIGHT
4095,2083,4095,3.096,-8.305,3.112,-0.216,-0.441,0.541,TILT_RIGHT
4095,2128,4095,3.457,-8.425,3.316,-0.16,-0.341,0.531,TILT_RIGHT
4095,2080,4095,3.666,-8.361,3.491,-0.098,-0.337,0.377,TILT_RIGHT
4095,2096,4095,3.577,-8.035,3.539,-0.068,-0.386,0.26,TILT_RIGHT
4095,2135,4095,3.383,-7.63,3.517,-0.051,-0.406,0.293,TILT_RIGHT
4095,2077,4095,3.481,-7.63,3.634,0.018,-0.413,0.376,TILT_RIGHT
4080,2045,4095,3.517,-8.064,4.125,0.155,-0.468,0.291,TILT_RIGHT
4095,2039,4095,3.244,-7.999,4.087,0.25,-0.596,0.071,TILT_RIGHT
3941,2067,4095,2.727,-7.752,3.802,0.248,-0.675,0.015,TILT_RIGHT
4062,2025,4095,2.397,-7.786,3.728,0.201,-0.626,0.111,TILT_RIGHT
4095,2042,4095,2.782,-8.021,3.869,0.168,-0.512,0.213,TILT_RIGHT
4095,2033,4095,3.163,-8.322,3.852,0.177,-0.407,0.19,TILT_RIGHT
4095,2019,4095,3.244,-8.258,3.812,0.162,-0.351,0.143,TILT_RIGHT
4095,2064,4095,3.338,-8.155,3.891,0.142,-0.359,0.154,TILT_RIGHT
4095,2038,4095,3.381,-8.152,4.099,0.191,-0.387,0.173,TILT_RIGHT
4083,2066,4095,3.61,-8.291,4.365,0.297,-0.426,0.168,TILT_RIGHT
4095,2034,4095,3.484,-8.262,4.511,0.432,-0.461,0.167,TILT_RIGHT
4053,2078,4095,3.481,-8.238,4.566,0.654,-0.508,0.18,TILT_RIGHT
4048,2055,4095,3.474,-8.291,4.666,0.983,-0.607,0.147,TILT_RIGHT
4095,2068,4095,3.318,-8.31,4.992,1.387,-0.702,0.02,TILT_RIGHT
4095,2065,4095,3.369,-8.255,5.329,1.864,-0.747,-0.176,TILT_RIGHT
4095,2007,4095,3.498,-8.231,5.514,2.443,-0.602,-0.498,TILT_RIGHT
4095,2023,4095,3.833,-8.325,5.677,2.896,-0.351,-0.964,TILT_RIGHT
4095,2047,4095,3.579,-7.915,5.61,2.846,-0.277,-1.243,TILT_RIGHT
4067,2043,4095,3.055,-6.905,5.136,2.166,-0.234,-0.763,TILT_RIGHT
4095,2099,4095,2.693,-6.515,5.763,1.31,-0.14,0.187,TILT_RIGHT
4095,2098,4095,3.46,-7.343,7.058,0.922,-0.023,0.889,TILT_RIGHT
4095,2041,4095,3.967,-8.246,7.91,0.956,-0.063,0.926,TILT_RIGHT
4095,2006,4095,4.132,-8.49,7.846,1.077,-0.285,0.601,TILT_RIGHT
4094,2010,4095,3.881,-7.968,7.633,1.137,-0.477,0.236,TILT_RIGHT
4095,2073,4095,3.306,-7.233,6.881,1.023,-0.559,0.095,TILT_RIGHT
4095,2081,4095,2.813,-6.383,6.342,0.654,-0.525,0.218,TILT_RIGHT
4095,2064,4095,2.729,-6.366,6.515,0.359,-0.319,0.454,TILT_RIGHT
4089,2085,4095,3.11,-6.725,6.768,0.235,-0.024,0.589,TILT_RIGHT
4087,2093,4095,3.548,-7.19,7.089,0.163,0.196,0.508,TILT_RIGHT
4019,2127,4095,3.967,-7.226,7.511,0.052,0.114,0.295,TILT_RIGHT
4070,2071,4095,3.728,-6.867,7.654,-0.029,-0.073,0.145,TILT_RIGHT
4095,2123,4095,3.541,-6.692,7.448,-0.133,-0.137,0.117,TILT_RIGHT
4095,2055,4095,3.496,-6.634,7.336,-0.264,-0.115,0.135,TILT_RIGHT
4095,2018,4095,3.323,-6.512,7.377,-0.348,-0.076,0.115,TILT_RIGHT
4095,2079,4095,3.227,-6.376,7.429,-0.345,-0.057,0.085,TILT_RIGHT
4032,2208,4095,3.263,-6.445,7.353,-0.262,-0.045,-0.022,TILT_RIGHT
4095,2182,4095,3.328,-6.364,7.24,-0.173,-0.079,-0.156,TILT_RIGHT
4095,2142,4095,3.189,-6.17,6.989,-0.152,-0.113,-0.202,TILT_RIGHT
4095,2262,4095,3.062,-5.966,6.941,-0.191,-0.099,-0.114,TILT_RIGHT
3951,2275,4095,3.16,-6.053,7.01,-0.202,-0.054,0.001,TILT_RIGHT
4095,2275,4095,3.443,-6.218,7.08,-0.149,-0.013,0.011,TILT_RIGHT
3987,2265,4095,3.613,-6.369,7.065,-0.068,0.011,-0.098,TILT_RIGHT
4095,2256,4095,3.531,-6.314,7.08,0.007,-0.001,-0.207,TILT_RIGHT
4048,2195,4095,3.455,-6.16,7.051,0.034,-0.021,-0.21,TILT_RIGHT
4006,2224,4095,3.455,-6.17,7.032,0.042,-0.021,-0.142,TILT_RIGHT
3985,2234,4095,3.469,-6.242,6.986,0.035,-0.026,-0.078,TILT_RIGHT
4055,2191,4095,3.464,-6.311,7.144,0.035,-0.04,-0.05,TILT_RIGHT
4039,2252,4095,3.531,-6.354,7.195,0.064,-0.035,-0.061,TILT_RIGHT
3967,2282,4095,3.613,-6.412,7.202,0.095,-0.042,-0.094,TILT_RIGHT
4095,2289,4095,3.668,-6.421,7.125,0.086,-0.062,-0.124,TILT_RIGHT
4058,2187,4095,3.644,-6.337,7.18,0.043,-0.077,-0.113,TILT_RIGHT
4093,2255,4095,3.594,-6.323,7.25,0.014,-0.07,-0.089,TILT_RIGHT
4095,2255,4095,3.67,-6.416,7.314,0.01,-0.062,-0.099,TILT_RIGHT
4095,2261,4007,3.697,-6.45,7.314,0.025,-0.075,-0.155,TILT_RIGHT
4095,2250,4095,3.632,-6.302,7.293,0.006,-0.096,-0.18,TILT_RIGHT
4095,2273,4095,3.493,-6.201,7.345,-0.024,-0.106,-0.146,TILT_RIGHT
4095,2291,4095,3.527,-6.175,7.302,-0.047,-0.099,-0.085,TILT_RIGHT
4080,2334,4095,3.603,-6.223,7.314,-0.058,-0.079,-0.067,TILT_RIGHT
4095,2314,4095,3.591,-6.17,7.412,-0.05,-0.064,-0.096,TILT_RIGHT
4074,2290,4095,3.555,-6.139,7.491,-0.01,-0.043,-0.143,TILT_RIGHT
4095,2279,4095,3.644,-6.038,7.561,0.034,-0.056,-0.19,TILT_RIGHT
4095,1791,3399,3.479,-4.98,8.571,-0.247,0.064,-0.184,TILT_RIGHT
4095,2172,3895,3.565,-5.16,8.622,-0.261,0.066,-0.164,TILT_RIGHT
4095,2075,4095,3.627,-5.219,8.538,-0.285,0.049,-0.169,TILT_RIGHT
4075,1904,3696,3.596,-5.193,8.43,-0.312,0.019,-0.169,TILT_RIGHT
4095,2205,4095,3.517,-5.066,8.358,-0.334,0.013,-0.146,TILT_RIGHT
3666,1799,4095,3.455,-4.978,8.25,-0.353,0.03,-0.091,TILT_RIGHT
4095,2213,3885,3.476,-4.93,8.169,-0.364,0.048,-0.031,TILT_RIGHT
3637,2000,4095,3.529,-4.93,8.1,-0.336,0.069,-0.005,TILT_RIGHT
3978,1870,3367,3.553,-4.846,8.164,-0.297,0.085,-0.012,TILT_RIGHT
4047,2162,4095,3.61,-4.767,8.21,-0.25,0.098,-0.024,TILT_RIGHT
3664,1976,3950,3.666,-4.673,8.236,-0.199,0.112,-0.06,TILT_RIGHT
4095,2263,4017,3.668,-4.525,8.332,-0.165,0.113,-0.088,TILT_RIGHT
4095,1895,3883,3.577,-4.353,8.478,-0.148,0.087,-0.073,TILT_RIGHT
4083,2058,4095,3.524,-4.259,8.641,-0.145,0.025,-0.01,TILT_RIGHT
4095,2064,3570,3.472,-4.324,8.808,-0.126,-0.054,0.039,TILT_RIGHT
4095,2304,4095,3.479,-4.429,8.794,-0.079,-0.131,0.032,TILT_RIGHT
4083,1951,4052,3.419,-4.463,8.633,-0.031,-0.196,-0.025,TILT_RIGHT
4095,2371,3633,3.275,-4.448,8.581,-0.005,-0.224,-0.07,TILT_RIGHT
3883,2145,4095,3.201,-4.547,8.48,-0.003,-0.212,-0.098,TILT_RIGHT
3939,1956,3807,3.194,-4.618,8.48,-0.028,-0.179,-0.126,TILT_RIGHT
3856,2272,4095,3.194,-4.659,8.485,-0.065,-0.146,-0.161,TILT_RIGHT
3685,1991,4095,3.199,-4.662,8.588,-0.093,-0.14,-0.185,TILT_RIGHT
3856,1975,4095,3.175,-4.705,8.669,-0.119,-0.163,-0.199,TILT_RIGHT
4012,2129,3982,3.122,-4.688,8.631,-0.137,-0.181,-0.224,TILT_RIGHT
4046,2211,4095,3.096,-4.635,8.509,-0.15,-0.16,-0.265,TILT_RIGHT
4095,1999,3558,3.017,-4.444,8.464,-0.166,-0.113,-0.282,TILT_RIGHT
4095,2266,4095,2.974,-4.252,8.42,-0.176,-0.058,-0.25,TILT_RIGHT
3895,2029,4039,3.038,-4.204,8.471,-0.166,-0.003,-0.222,TILT_RIGHT
4095,2258,4048,3.158,-4.185,8.511,-0.13,0.048,-0.242,TILT_RIGHT
3695,2012,4095,3.196,-4.171,8.514,-0.072,0.093,-0.302,TILT_RIGHT
4095,2159,3383,3.208,-4.096,8.66,-0.024,0.143,-0.33,TILT_RIGHT
4095,2519,4095,3.232,-4.089,8.746,-0.004,0.192,-0.305,TILT_RIGHT
3671,1925,3772,3.378,-4.166,8.837,0.009,0.199,-0.275,TILT_RIGHT
4095,2330,3809,3.381,-4.231,8.859,0.026,0.175,-0.266,TILT_RIGHT
3435,1854,4095,3.349,-4.25,8.847,0.039,0.152,-0.264,TILT_RIGHT
4095,2007,4095,3.302,-4.286,8.882,0.044,0.166,-0.25,TILT_RIGHT
3890,2099,3683,3.33,-4.422,8.897,0.044,0.204,-0.251,TILT_RIGHT
4022,2096,4095,3.345,-4.494,8.897,0.017,0.214,-0.263,TILT_RIGHT
4095,1915,3664,3.323,-4.451,8.916,-0.029,0.192,-0.261,TILT_RIGHT
4095,2252,4077,3.349,-4.52,8.995,-0.068,0.158,-0.262,TILT_RIGHT
3350,2000,4095,3.33,-4.614,8.923,-0.114,0.12,-0.294,TILT_RIGHT
4095,1869,3234,3.175,-4.477,8.677,-0.211,0.08,-0.29,TILT_RIGHT
4095,2410,4095,2.99,-4.338,8.619,-0.357,0.064,-0.182,TILT_RIGHT
3767,2073,4095,3.019,-4.475,8.729,-0.451,0.075,-0.081,TILT_RIGHT
4095,2352,4095,3.177,-4.786,8.808,-0.46,0.104,-0.118,TILT_RIGHT
4064,2200,4095,3.175,-4.889,8.763,-0.436,0.124,-0.254,TILT_RIGHT
4095,2043,4095,3.124,-4.7,8.593,-0.463,0.119,-0.321,TILT_RIGHT
4095,1906,3396,3.108,-4.554,8.49,-0.541,0.088,-0.267,TILT_RIGHT
4095,2259,4095,3.184,-4.549,8.495,-0.605,0.088,-0.211,TILT_RIGHT
3664,1881,4078,3.316,-4.518,8.612,-0.624,0.141,-0.225,TILT_RIGHT
4095,2288,4095,3.443,-4.578,8.818,-0.577,0.208,-0.306,TILT_RIGHT
3973,1974,3629,3.517,-4.583,8.909,-0.491,0.225,-0.419,TILT_RIGHT
4095,1899,2957,3.541,-4.503,8.918,-0.399,0.192,-0.513,TILT_RIGHT
3811,1986,3973,3.452,-4.338,9.019,-0.339,0.134,-0.546,TILT_RIGHT
4095,2023,3568,3.335,-4.187,8.978,-0.312,0.073,-0.5,TILT_RIGHT
4095,2362,4071,3.299,-4.209,8.95,-0.292,0.019,-0.419,TILT_RIGHT
3531,2061,4095,3.254,-4.233,8.856,-0.271,-0.024,-0.352,TILT_RIGHT
4095,2298,4095,3.218,-4.29,8.859,-0.233,-0.055,-0.303,TILT_RIGHT
3342,1742,3734,3.239,-4.439,8.887,-0.173,-0.065,-0.273,TILT_RIGHT
3797,2106,4095,3.328,-4.647,8.859,-0.121,-0.075,-0.282,TILT_RIGHT
3357,1889,3713,3.299,-4.628,8.866,-0.117,-0.106,-0.284,TILT_RIGHT
4095,2343,3455,3.266,-4.604,8.935,-0.146,-0.138,-0.222,TILT_RIGHT
4095,2037,3504,3.304,-4.776,9.069,-0.171,-0.175,-0.14,TILT_RIGHT
4095,2032,3222,3.467,-5.071,9.105,-0.16,-0.222,-0.147,TILT_RIGHT
4095,2321,4095,3.481,-5.241,8.966,-0.13,-0.273,-0.253,TILT_RIGHT
4095,2190,3615,3.345,-5.138,8.696,-0.116,-0.289,-0.355,TILT_RIGHT
4095,2367,4095,3.223,-4.889,8.32,-0.141,-0.259,-0.36,TILT_RIGHT
4095,2055,3281,3.254,-4.738,8.114,-0.218,-0.211,-0.269,TILT_RIGHT
4095,2346,4095,3.395,-4.741,7.824,-0.301,-0.174,-0.145,TILT_RIGHT
4095,2222,4095,3.706,-4.865,7.633,-0.338,-0.142,-0.087,TILT_RIGHT
4095,2298,4095,3.943,-4.98,7.626,-0.331,-0.11,-0.117,TILT_RIGHT
4095,2160,3685,4.152,-5.013,7.642,-0.316,-0.082,-0.186,TILT_RIGHT
4095,2368,3853,4.312,-4.961,7.544,-0.299,-0.076,-0.266,TILT_RIGHT
4093,1951,3494,4.451,-4.824,7.415,-0.261,-0.102,-0.315,TILT_RIGHT
4095,2125,3312,4.475,-4.614,7.295,-0.214,-0.132,-0.306,TILT_RIGHT
3679,2148,4095,7.053,-4.994,6.826,0.321,1.001,-0.107,TILT_RIGHT
3565,2125,4095,7.068,-5.09,6.922,0.184,0.621,-0.139,TILT_RIGHT
3462,2123,4095,7.022,-4.946,6.948,0.128,0.35,-0.286,TILT_RIGHT
3567,2105,4095,6.919,-4.681,6.883,0.097,0.191,-0.475,TILT_RIGHT
3539,2082,4095,6.785,-4.231,6.78,0.078,0.151,-0.615,TILT_RIGHT
3426,2116,4095,6.697,-3.864,7.029,0.09,0.165,-0.67,TILT_RIGHT
3471,2129,4095,6.723,-3.687,7.01,0.103,0.221,-0.675,TILT_RIGHT
3457,2124,4095,6.879,-3.575,7.049,0.112,0.262,-0.662,TILT_RIGHT
3344,2114,4095,7.005,-3.472,7.209,0.122,0.266,-0.667,TILT_RIGHT
3238,2106,4095,7.053,-3.39,7.295,0.158,0.242,-0.72,TILT_RIGHT
3155,2094,4095,7.025,-3.172,7.336,0.192,0.194,-0.766,TILT_RIGHT
3167,2119,4095,6.867,-3.182,7.345,0.202,0.149,-0.808,TILT_RIGHT
3258,2140,4095,6.783,-3.148,7.281,0.144,0.139,-0.845,TILT_RIGHT
3201,2057,4095,6.701,-3.074,7.161,0.077,0.113,-0.842,TILT_RIGHT
3335,2094,4095,6.766,-2.866,7.185,0.014,0.054,-0.804,TILT_RIGHT
3375,2096,4095,6.656,-2.638,7.293,-0.026,-0.031,-0.707,TILT_RIGHT
3366,2047,4095,6.596,-2.571,7.362,-0.054,-0.038,-0.611,TILT_RIGHT
3408,2096,4095,6.634,-2.763,7.678,-0.033,0.003,-0.547,TILT_RIGHT
3449,2055,4095,6.847,-2.787,7.695,-0.005,0.009,-0.515,TILT_RIGHT
3376,2055,4095,6.819,-2.698,7.623,-0.009,-0.027,-0.473,TILT_RIGHT
3339,2097,4095,6.67,-2.547,7.537,-0.034,-0.058,-0.396,TILT_RIGHT
3344,2067,4095,6.582,-2.37,7.609,-0.105,-0.059,-0.277,TILT_RIGHT
3309,2090,4095,6.618,-2.217,7.606,-0.213,-0.054,-0.134,TILT_RIGHT
3361,2095,4095,6.565,-1.975,7.544,-0.3,-0.1,0.004,TILT_RIGHT
3504,2139,4095,6.189,-1.386,7.336,-0.427,-0.199,0.202,TILT_RIGHT
3248,2137,4095,5.713,-0.192,7.049,-0.702,-0.265,0.632,TILT_RIGHT
3654,2145,4095,5.102,1.319,7.037,-1.162,-0.323,1.418,TILT_RIGHT
3514,2147,4095,4.262,1.772,7.032,-1.613,-0.53,2.639,TILT_RIGHT
3425,2161,4095,3.56,0.211,7.312,-1.589,-0.932,4.053,TILT_RIGHT
3741,2192,4095,2.995,-2.504,7.343,-1.106,-1.483,5.142,TILT_RIGHT
3574,2190,4095,2.665,-5.88,7.008,-0.492,-1.989,5.601,TILT_RIGHT
3615,2111,4095,2.665,-8.842,6.761,-0.147,-2.128,5.379,TILT_RIGHT
3297,2140,4095,2.586,-9.606,6.409,-0.278,-1.714,4.863,TILT_RIGHT
3277,2150,4095,2.298,-9.139,6.639,-0.576,-0.893,4.562,TILT_RIGHT
3446,2165,4095,2.411,-9.495,7.211,-0.488,-0.17,4.507,TILT_RIGHT
3781,2167,4095,3.292,-10.108,7.247,-0.192,0.281,4.104,TILT_RIGHT
3562,2117,4095,4.037,-10.233,6.902,0.036,0.381,3.209,TILT_RIGHT
3534,2121,4095,3.929,-9.56,6.773,0.076,0.199,2.329,TILT_RIGHT
3344,2165,4095,3.105,-8.554,6.972,0.041,-0.106,1.765,TILT_RIGHT
3408,2158,4095,2.279,-7.721,6.922,0.012,-0.446,1.649,TILT_RIGHT
3561,2135,4095,1.769,-7.618,6.62,-0.023,-0.666,1.736,TILT_RIGHT
3514,2141,4095,1.458,-8.246,6.567,-0.005,-0.793,1.71,TILT_RIGHT
3463,2112,4095,1.437,-8.758,5.995,0,-0.828,1.482,TILT_RIGHT
3475,2114,4095,1.448,-9.005,5.454,-0.018,-0.758,1.156,TILT_RIGHT
3315,2103,4095,1.324,-9.041,5.385,-0.026,-0.57,0.824,TILT_RIGHT
3301,2095,4095,1.082,-8.94,5.466,-0.015,-0.321,0.562,TILT_RIGHT
3317,2083,4095,1.08,-8.729,5.349,-0.021,-0.064,0.406,TILT_RIGHT
3282,2127,4095,1.29,-8.583,5.507,-0.08,0.146,0.307,TILT_RIGHT
3356,2097,4095,1.302,-8.497,6.158,-0.198,0.19,0.202,TILT_RIGHT
3421,2081,4095,1.226,-8.219,6.469,-0.308,0.09,0.152,TILT_RIGHT
3575,2097,4095,1.286,-7.951,6.56,-0.37,-0.042,0.185,TILT_RIGHT
3474,2191,4095,1.384,-7.973,6.634,-0.395,-0.131,0.18,TILT_RIGHT
3633,2141,4095,1.12,-7.898,7.015,-0.427,-0.232,0.086,TILT_RIGHT
3532,2158,4058,0.886,-7.75,6.574,-0.397,-0.341,0.044,TILT_RIGHT
3574,2139,4095,0.752,-7.738,5.95,-0.338,-0.363,0.047,TILT_RIGHT
3678,2144,4095,0.596,-7.618,5.61,-0.311,-0.344,0.087,TILT_RIGHT
3711,2179,4095,0.555,-7.681,5.485,-0.244,-0.307,0.147,TILT_RIGHT
3664,2171,4095,0.694,-8.045,5.282,-0.131,-0.243,0.169,TILT_RIGHT
3581,2132,4095,0.871,-8.274,5.095,-0.063,-0.139,0.122,TILT_RIGHT
3699,2126,4095,0.979,-8.274,5.195,-0.112,-0.043,0.077,TILT_RIGHT
3578,2153,4095,0.989,-8.176,5.564,-0.195,-0.011,0.144,TILT_RIGHT
3408,2128,4095,1.116,-8.164,5.657,-0.237,-0.062,0.285,TILT_RIGHT
3439,2177,4095,1.367,-8.37,5.605,-0.23,-0.164,0.335,TILT_RIGHT
3477,2149,4095,1.36,-8.487,5.478,-0.197,-0.271,0.269,TILT_RIGHT
3406,2125,4095,1.137,-8.483,5.385,-0.19,-0.355,0.226,TILT_RIGHT
3487,2131,4095,0.927,-8.471,5.162,-0.188,-0.385,0.257,TILT_RIGHT
3443,2158,4095,0.984,-8.643,4.985,-0.183,-0.337,0.264,TILT_RIGHT
3423,2130,4095,0.97,-8.598,5.021,-0.179,-0.26,0.235,TILT_RIGHT
3583,2166,4095,1.051,-8.619,5.03,-0.165,-0.2,0.229,TILT_RIGHT
3583,2155,4095,1.125,-8.669,4.992,-0.17,-0.22,0.22,TILT_RIGHT
3631,2155,4095,1.099,-8.701,4.839,-0.187,-0.275,0.194,TILT_RIGHT
3533,2129,4095,1.001,-8.657,4.741,-0.198,-0.329,0.2,TILT_RIGHT
3558,2133,4095,0.91,-8.653,4.724,-0.188,-0.33,0.241,TILT_RIGHT
3430,2181,4095,0.939,-8.71,4.784,-0.119,-0.277,0.248,TILT_RIGHT
3642,2160,4095,0.974,-8.815,4.767,-0.056,-0.195,0.168,TILT_RIGHT
3825,2149,4095,0.587,-9.285,4.336,0.253,-0.244,-0.01,TILT_RIGHT
3900,2159,4095,0.498,-9.175,4.494,0.145,-0.135,-0.052,TILT_RIGHT
3885,2128,4095,0.455,-9.067,4.731,0.064,-0.051,0.006,TILT_RIGHT
4026,2112,4095,0.632,-8.971,4.937,0.006,-0.003,0.141,TILT_RIGHT
4010,2145,4095,0.9,-9.175,5.183,0.037,-0.063,0.244,TILT_RIGHT
3971,2115,4095,1.027,-9.476,5.083,0.126,-0.171,0.216,TILT_RIGHT
3901,2101,4095,0.939,-9.562,4.894,0.185,-0.277,0.113,TILT_RIGHT
3919,2126,4095,0.752,-9.574,4.731,0.188,-0.372,0.078,TILT_RIGHT
3846,2047,4095,0.596,-9.519,4.568,0.155,-0.462,0.156,TILT_RIGHT
3952,2061,4095,0.663,-9.474,4.439,0.153,-0.5,0.268,TILT_RIGHT
3996,2123,4095,0.939,-9.292,4.475,0.218,-0.516,0.342,TILT_RIGHT
4095,2150,4095,1.243,-9.419,4.312,0.265,-0.542,0.297,TILT_RIGHT
3906,2129,4095,1.257,-8.909,4.185,0.155,-0.605,0.212,TILT_RIGHT
4095,2086,4095,1.211,-8.595,4.195,0.086,-0.684,0.277,TILT_RIGHT
4051,2086,4095,1.252,-8.468,4.041,0.109,-0.733,0.41,TILT_RIGHT
4095,2081,4095,1.499,-8.77,3.713,0.077,-0.712,0.471,TILT_RIGHT
4091,2167,4095,1.42,-8.894,3.677,-0.11,-0.615,0.424,TILT_RIGHT
4076,2103,4095,1.41,-8.772,3.694,-0.265,-0.502,0.378,TILT_RIGHT
4095,2030,4095,1.453,-8.641,3.826,-0.264,-0.429,0.37,TILT_RIGHT
3921,2123,4095,1.542,-8.734,3.752,-0.151,-0.365,0.321,TILT_RIGHT
3899,2101,4095,1.585,-8.504,3.385,-0.128,-0.257,0.194,TILT_RIGHT
3956,2094,4095,1.525,-8.459,3.505,-0.135,-0.132,0.126,TILT_RIGHT
3839,2046,4095,1.451,-8.519,3.898,-0.13,-0.071,0.118,TILT_RIGHT
3925,2064,4095,1.554,-8.815,4.14,-0.058,-0.107,0.116,TILT_RIGHT
3955,2059,4095,1.63,-9.081,3.97,0.047,-0.193,0.052,TILT_RIGHT
4047,2081,4095,1.539,-9.194,3.838,0.084,-0.269,-0.063,TILT_RIGHT
3984,2073,4095,1.255,-9.215,3.864,0.076,-0.354,-0.136,TILT_RIGHT
3984,2103,4095,1.063,-9.12,3.716,0.051,-0.404,-0.135,TILT_RIGHT
4029,2113,4095,1.003,-9.062,3.668,0.041,-0.404,-0.099,TILT_RIGHT
4077,2112,4095,0.977,-9.057,3.857,0.088,-0.363,-0.083,TILT_RIGHT
3972,2078,4095,0.97,-9.115,3.816,0.165,-0.28,-0.094,TILT_RIGHT
3775,2047,4095,0.994,-9.129,3.773,0.226,-0.188,-0.116,TILT_RIGHT
4083,2111,4095,1.147,-9.122,3.735,0.278,-0.137,-0.092,TILT_RIGHT
3850,2084,4095,1.286,-9.215,3.812,0.343,-0.16,-0.085,TILT_RIGHT
3952,2114,4095,1.269,-9.268,3.84,0.401,-0.196,-0.084,TILT_RIGHT
3867,2087,4095,1.188,-9.452,3.843,0.352,-0.19,-0.063,TILT_RIGHT
3977,2073,4095,1.262,-9.4,3.84,0.207,-0.165,-0.004,TILT_RIGHT
3936,2079,4095,1.607,-9.388,4.137,0.103,-0.197,0.062,TILT_RIGHT
3712,2064,4095,1.621,-9.354,4.25,0.018,-0.27,0.073,TILT_RIGHT
3693,2103,4095,1.477,-9.325,4.061,-0.022,-0.259,0.029,TILT_RIGHT
3845,2043,4095,1.53,-9.16,4.034,-0.013,-0.199,-0.056,TILT_RIGHT
3935,2007,4095,1.504,-8.918,3.871,0.024,-0.141,-0.144,TILT_RIGHT
3763,2060,4095,1.393,-8.727,3.936,0.046,-0.097,-0.17,TILT_RIGHT
3793,2111,4095,1.422,-8.71,4.01,0.047,-0.061,-0.141,TILT_RIGHT
3652,2128,4095,1.448,-8.768,4.154,0.033,-0.014,-0.122,TILT_RIGHT
3659,2118,4095,1.451,-8.775,4.214,0.009,0.037,-0.114,TILT_RIGHT
3735,2096,4095,1.693,-8.746,4.377,-0.019,0.009,-0.097,TILT_RIGHT
3568,2119,4095,1.776,-8.756,4.398,-0.023,-0.078,-0.063,TILT_RIGHT
3664,2114,4095,1.86,-8.803,4.319,-0.01,-0.129,-0.057,TILT_RIGHT
3664,2067,4095,1.894,-8.792,4.322,0.023,-0.15,-0.082,TILT_RIGHT
3793,2080,4095,1.81,-8.818,4.305,0.078,-0.123,-0.115,TILT_RIGHT
3774,2094,4095,1.781,-8.777,4.204,0.094,-0.072,-0.137,TILT_RIGHT
3876,2134,4095,1.753,-8.712,4.24,0.074,-0.039,-0.11,TILT_RIGHT
3754,2089,4095,1.774,-8.734,4.269,0.018,-0.044,-0.039,TILT_RIGHT
3767,2111,4095,1.937,-8.772,4.384,-0.019,-0.095,0.038,TILT_RIGHT
3791,2101,4095,2.059,-8.906,4.422,0.016,-0.152,0.051,TILT_RIGHT
3819,2071,4095,2.021,-8.899,4.444,0.051,-0.162,0.02,TILT_RIGHT
3866,2120,4095,1.949,-8.935,4.561,0.064,-0.128,0.025,TILT_RIGHT
3671,2096,4095,1.98,-9.05,4.597,0.083,-0.102,0.026,TILT_RIGHT
3693,2109,4095,1.968,-9.182,4.611,0.096,-0.09,-0.018,TILT_RIGHT
3803,2099,4095,1.925,-9.096,4.657,0.067,-0.09,-0.052,TILT_RIGHT
3841,2112,4095,1.863,-9.012,4.796,0.031,-0.12,-0.031,TILT_RIGHT
3875,2103,4095,1.836,-9.007,4.918,0.017,-0.148,0.004,TILT_RIGHT
3371,2102,4095,1.796,-9,5.006,0.009,-0.158,0.027,TILT_RIGHT
3457,2128,4095,1.753,-9.036,4.985,-0.018,-0.169,0.019,TILT_RIGHT
3399,2115,4095,1.652,-8.933,4.985,-0.047,-0.204,0.008,TILT_RIGHT
3344,2115,4095,1.63,-8.772,4.903,-0.081,-0.251,0.018,TILT_RIGHT
3427,2130,4095,1.525,-8.645,4.8,-0.099,-0.283,0.055,TILT_RIGHT
3472,2125,4095,1.401,-8.531,4.671,-0.099,-0.252,0.098,TILT_RIGHT
3339,2111,4095,1.425,-8.545,4.515,-0.076,-0.187,0.11,TILT_RIGHT
3355,2037,4095,1.429,-8.554,4.386,-0.036,-0.108,0.075,TILT_RIGHT
3350,2045,4095,1.41,-8.487,4.31,0.005,-0.046,0.033,TILT_RIGHT
3217,2016,4095,1.353,-8.384,4.319,0.03,-0.012,0.027,TILT_RIGHT
3386,2057,4095,1.312,-8.432,4.446,0.068,0.015,0.04,TILT_RIGHT
3438,2073,4095,1.358,-8.456,4.484,0.088,0.056,0.05,TILT_RIGHT
3090,2548,3634,2.351,-5.997,8.188,0.2,0.102,-0.167,TILT_RIGHT
4000,2487,4095,2.509,-6.048,8.547,0.191,0.099,-0.228,TILT_RIGHT
4095,1823,4047,2.638,-5.935,8.873,0.255,0.056,-0.382,TILT_RIGHT
4095,2081,4095,2.514,-5.562,8.909,0.305,-0.022,-0.47,TILT_RIGHT
3717,2092,4095,2.495,-5.32,9.017,0.347,-0.084,-0.459,TILT_RIGHT
4095,2005,4001,2.67,-5.248,9.258,0.497,-0.083,-0.565,TILT_RIGHT
4001,2208,2870,2.471,-4.808,9.163,0.673,-0.11,-0.758,TILT_RIGHT
4069,2059,4095,1.913,-4.07,8.712,0.643,-0.151,-0.617,TILT_RIGHT
4095,1632,3871,1.731,-3.785,8.528,0.425,-0.176,-0.152,TILT_RIGHT
4048,2230,3420,1.896,-4.096,8.72,0.224,-0.176,0.275,TILT_RIGHT
3194,2093,4095,2.167,-4.436,8.866,0.143,-0.163,0.41,TILT_RIGHT
4095,1851,3707,2.2,-4.398,8.854,0.111,-0.118,0.371,TILT_RIGHT
4094,2238,4095,2.157,-4.243,8.971,0.087,-0.055,0.351,TILT_RIGHT
3675,1909,3856,2.116,-4.243,9.143,0.102,-0.022,0.329,TILT_RIGHT
4095,2001,4095,2.253,-4.401,9.357,0.179,-0.042,0.254,TILT_RIGHT
3407,2259,4095,2.423,-4.683,9.364,0.274,-0.088,0.139,TILT_RIGHT
4095,1938,4080,2.358,-4.853,9.134,0.329,-0.094,0.021,TILT_RIGHT
4095,2186,2930,2.222,-4.875,8.851,0.283,-0.067,-0.023,TILT_RIGHT
4059,2038,4095,2.124,-4.8,8.801,0.178,-0.021,0.017,TILT_RIGHT
4095,1661,4095,2.193,-4.985,8.959,0.079,0.024,0.097,TILT_RIGHT
4022,2257,3245,2.392,-5.294,9.081,-0.008,0.016,0.111,TILT_RIGHT
3039,2477,3291,2.387,-5.394,9.136,-0.076,-0.056,0.042,TILT_RIGHT
4095,1856,3443,2.128,-5.179,9.273,-0.143,-0.138,-0.015,TILT_RIGHT
3727,2330,2485,2.035,-5.045,9.189,-0.153,-0.177,-0.031,TILT_RIGHT
4019,2016,4003,2.023,-5.006,8.926,-0.128,-0.138,-0.075,TILT_RIGHT
4095,1586,4095,2.037,-4.836,8.837,-0.121,-0.043,-0.138,TILT_RIGHT
3826,2316,4090,2.035,-4.48,8.964,-0.154,0.036,-0.117,TILT_RIGHT
3936,2041,3853,2.145,-4.523,9.131,-0.133,0.053,-0.072,TILT_RIGHT
4027,2250,2757,2.382,-4.676,9.026,-0.073,0.022,-0.113,TILT_RIGHT
4083,2161,4095,2.461,-4.712,8.669,-0.01,-0.023,-0.227,TILT_RIGHT
4095,1505,4095,2.504,-4.681,8.428,0.046,-0.026,-0.296,TILT_RIGHT
4016,2032,3391,2.655,-4.8,8.258,0.065,0.009,-0.326,TILT_RIGHT
3201,2270,3841,2.799,-4.839,8.143,0.019,0.034,-0.364,TILT_RIGHT
4095,1919,3937,2.739,-4.638,8.092,-0.077,0.011,-0.359,TILT_RIGHT
3727,2172,2720,2.758,-4.53,8.155,-0.141,-0.055,-0.269,TILT_RIGHT
3607,2033,4095,3.062,-4.784,8.272,-0.128,-0.112,-0.187,TILT_RIGHT
4095,1609,4095,3.354,-5.2,8.26,-0.115,-0.158,-0.251,TILT_RIGHT
3694,2295,3826,3.347,-5.148,8.224,-0.16,-0.212,-0.39,TILT_RIGHT
4095,2072,3889,3.031,-4.604,8.327,-0.197,-0.281,-0.454,TILT_RIGHT
4095,1972,2989,2.634,-4.065,8.631,-0.165,-0.344,-0.389,TILT_RIGHT
3893,2224,4095,2.454,-3.804,8.523,-0.08,-0.359,-0.278,TILT_RIGHT
3881,1563,4095,2.409,-3.912,8.48,0.051,-0.28,-0.185,TILT_RIGHT
4095,2204,3396,2.61,-4.314,8.533,0.219,-0.145,-0.167,TILT_RIGHT
3068,2422,3697,2.804,-4.76,8.588,0.359,-0.032,-0.212,TILT_RIGHT
4095,1845,4095,2.993,-5.136,8.657,0.441,0.041,-0.286,TILT_RIGHT
4095,2112,3338,3.151,-5.399,8.71,0.461,0.07,-0.335,TILT_RIGHT
3568,2096,4095,3.314,-5.562,8.681,0.419,0.081,-0.353,TILT_RIGHT
4095,1481,4095,3.409,-5.593,8.638,0.32,0.089,-0.343,TILT_RIGHT
4033,2234,4016,3.455,-5.495,8.598,0.188,0.099,-0.316,TILT_RIGHT
2883,2064,4095,3.46,-5.303,8.624,0.061,0.081,-0.248,TILT_RIGHT
4095,1938,2769,3.486,-5.126,8.669,-0.031,0.039,-0.157,TILT_RIGHT
4048,2126,4048,3.584,-5.054,8.686,-0.085,0.011,-0.096,TILT_RIGHT
4095,1506,4095,3.598,-4.963,8.684,-0.123,0.012,-0.08,TILT_RIGHT
4066,2042,3697,3.563,-4.815,8.732,-0.15,0.017,-0.068,TILT_RIGHT
3312,2391,3812,3.591,-4.688,8.724,-0.162,0.004,-0.05,TILT_RIGHT
4095,1868,3877,3.56,-4.583,8.818,-0.168,-0.034,-0.034,TILT_RIGHT
4095,2145,2779,3.57,-4.523,8.777,-0.145,-0.088,-0.02,TILT_RIGHT
3633,2161,4095,3.558,-4.487,8.672,-0.1,-0.125,-0.023,TILT_RIGHT
3659,1674,4095,3.479,-4.405,8.538,-0.07,-0.122,-0.027,TILT_RIGHT
4023,2146,3504,3.438,-4.396,8.444,-0.055,-0.09,-0.014,TILT_RIGHT
3848,2027,4095,3.431,-4.446,8.519,-0.044,-0.062,0.004,TILT_RIGHT
4095,1829,2802,3.457,-4.532,8.59,-0.034,-0.059,0.007,TILT_RIGHT
4095,2112,4095,3.428,-4.515,8.715,-0.013,-0.082,0.014,TILT_RIGHT
4095,1776,4095,3.467,-4.525,8.78,0.001,-0.119,0.054,TILT_RIGHT
4007,2015,3538,3.536,-4.657,8.792,-0.001,-0.148,0.096,TILT_RIGHT
3103,2389,3403,3.534,-4.772,8.712,-0.012,-0.165,0.1,TILT_RIGHT
4095,1794,4095,3.493,-4.808,8.629,-0.029,-0.182,0.066,TILT_RIGHT
4095,1861,3103,3.428,-4.745,8.478,-0.048,-0.196,0.037,TILT_RIGHT
3814,2114,4095,3.369,-4.702,8.303,-0.069,-0.198,0.025,TILT_RIGHT
4095,1705,4095,3.376,-4.63,8.186,-0.097,-0.188,0.017,TILT_RIGHT
4050,2343,3968,3.407,-4.496,8.203,-0.124,-0.176,0.008,TILT_RIGHT
3283,2440,4095,3.39,-4.293,8.248,-0.123,-0.171,0.019,TILT_RIGHT
4095,1906,3200,3.354,-4.144,8.401,-0.105,-0.176,0.057,TILT_RIGHT
4095,2080,4095,3.431,-4.164,8.452,-0.076,-0.177,0.1,TILT_RIGHT
4095,1858,4095,3.505,-4.262,8.595,-0.051,-0.18,0.123,TILT_RIGHT
